CreditScore,Age,Tenure,Balance,NumOfProducts,EstimatedSalary,Geography,Gender,IsActiveMember,HasCrCard,Exited,Churn_Probability,Risk_Segment,CustomerID
619,42,2,0.0,1,101348.88,France,Female,1,1,1,0.9036787,High Risk,1
608,41,1,83807.86,1,112542.58,Spain,Female,1,0,0,0.62675023,Medium Risk,2
502,42,8,159660.8,3,113931.57,France,Female,0,1,1,0.9805135,High Risk,3
699,39,1,0.0,2,93826.63,France,Female,0,0,0,0.99954045,High Risk,4
850,43,2,125510.82,1,79084.1,Spain,Female,1,1,0,0.6677881,Medium Risk,5
645,44,8,113755.78,2,149756.71,Spain,Male,0,1,1,0.95522803,High Risk,6
822,50,7,0.0,2,10062.8,France,Male,1,1,0,0.8163642,High Risk,7
376,29,4,115046.74,4,119346.88,Germany,Female,0,1,1,0.9845212,High Risk,8
501,44,4,142051.07,2,74940.5,France,Male,1,0,0,0.7593675,High Risk,9
684,27,2,134603.88,1,71725.73,France,Male,1,1,0,0.6967513,Medium Risk,10
528,31,6,102016.72,2,80181.12,France,Male,0,0,0,0.99204355,High Risk,11
497,24,3,0.0,2,76390.01,Spain,Male,0,1,0,0.9440024,High Risk,12
476,34,10,0.0,2,26260.98,France,Female,0,1,0,0.99826896,High Risk,13
549,25,5,0.0,2,190857.79,France,Female,0,0,0,0.9978071,High Risk,14
635,35,7,0.0,2,65951.65,Spain,Female,1,1,0,0.75274336,High Risk,15
616,45,3,143129.41,2,64327.26,Germany,Male,1,0,0,0.7926145,High Risk,16
653,58,1,132602.88,1,5097.67,Germany,Male,0,1,1,0.9906461,High Risk,17
549,24,9,0.0,2,14406.41,Spain,Female,1,1,0,0.72416,High Risk,18
587,45,6,0.0,1,158684.81,Spain,Male,0,0,0,0.97662234,High Risk,19
726,24,6,0.0,2,54724.03,France,Female,1,1,0,0.9234214,High Risk,20
732,41,8,0.0,2,170886.17,France,Male,1,1,0,0.43144652,Medium Risk,21
636,32,8,0.0,2,138555.46,Spain,Female,0,1,0,0.98875964,High Risk,22
510,38,4,0.0,1,118913.53,Spain,Female,0,1,1,0.9920753,High Risk,23
669,46,3,0.0,2,8487.75,France,Male,1,0,0,0.74624574,High Risk,24
846,38,5,0.0,1,187616.16,France,Female,1,1,0,0.88541204,High Risk,25
577,25,3,0.0,2,124508.29,France,Male,1,0,0,0.7180451,High Risk,26
756,36,2,136815.64,1,170041.95,Germany,Male,1,1,0,0.41440976,Medium Risk,27
571,44,9,0.0,2,38433.35,France,Male,0,0,0,0.99700266,High Risk,28
574,43,3,141349.43,1,100187.43,Germany,Female,1,1,0,0.6923401,Medium Risk,29
411,29,0,59697.17,2,53483.21,France,Male,1,1,0,0.7753565,High Risk,30
591,39,3,0.0,3,140469.38,Spain,Female,0,1,1,0.9866231,High Risk,31
533,36,7,85311.7,1,156731.91,France,Male,1,0,0,0.5867379,Medium Risk,32
553,41,9,110112.54,2,81898.81,Germany,Male,0,0,0,0.9935371,High Risk,33
520,42,6,0.0,2,34410.55,Spain,Female,1,1,0,0.6441104,Medium Risk,34
722,29,9,0.0,2,142033.07,Spain,Female,1,1,0,0.54119945,Medium Risk,35
475,45,0,134264.04,1,27822.99,France,Female,0,1,1,0.99291635,High Risk,36
490,31,3,145260.23,1,114066.77,Spain,Male,1,0,0,0.50345665,Medium Risk,37
804,33,7,76548.6,1,98453.45,Spain,Male,1,0,0,0.8040241,High Risk,38
850,36,7,0.0,1,40812.9,France,Male,1,1,0,0.81510395,High Risk,39
582,41,6,70349.48,2,178074.04,Germany,Male,1,0,0,0.63643175,Medium Risk,40
472,40,4,0.0,1,70154.22,Spain,Male,0,1,0,0.9599864,High Risk,41
465,51,8,122522.32,1,181297.65,France,Female,0,0,1,0.98680854,High Risk,42
556,61,2,117419.35,1,94153.83,France,Female,1,1,0,0.7305995,High Risk,43
834,49,2,131394.56,1,194365.76,France,Female,0,0,1,0.9934012,High Risk,44
660,61,5,155931.11,1,158338.39,Spain,Female,1,1,0,0.40878165,Medium Risk,45
776,32,4,109421.13,2,126517.46,Germany,Female,1,1,0,0.5697558,Medium Risk,46
829,27,9,112045.67,1,119708.21,Germany,Female,1,1,1,0.9151359,High Risk,47
637,39,9,137843.8,1,117622.8,Germany,Female,1,1,1,0.7788411,High Risk,48
550,38,2,103391.38,1,90878.13,Germany,Male,1,0,0,0.7484076,High Risk,49
776,37,2,103769.22,2,194099.12,Germany,Female,0,1,0,0.9562895,High Risk,50
698,44,10,116363.37,2,198059.16,Germany,Male,0,1,0,0.9733847,High Risk,51
585,36,5,146050.97,2,86424.57,Germany,Male,0,0,0,0.99227726,High Risk,52
788,33,5,0.0,2,116978.19,France,Female,0,0,0,0.9994137,High Risk,53
655,41,8,125561.97,1,164040.94,Germany,Male,0,0,1,0.98299545,High Risk,54
601,42,1,98495.72,1,40014.76,Germany,Male,0,1,1,0.98933476,High Risk,55
619,43,1,125211.92,1,113410.49,France,Male,1,1,0,0.74957263,High Risk,56
656,45,5,127864.4,1,87107.57,France,Male,0,1,0,0.9859346,High Risk,57
725,19,0,75888.2,1,45613.75,Germany,Male,0,0,0,0.99250424,High Risk,58
511,66,4,0.0,1,1643.11,Spain,Female,0,1,1,0.99679416,High Risk,59
614,51,4,40685.92,1,46775.28,France,Male,1,1,0,0.61705965,Medium Risk,60
742,35,5,136857.0,1,84509.57,Germany,Male,0,0,0,0.993979,High Risk,61
687,27,9,152328.88,2,126494.82,Germany,Female,0,0,0,0.99098283,High Risk,62
555,33,1,56084.69,2,178798.13,Spain,Male,0,0,0,0.9841561,High Risk,63
684,56,8,78707.16,1,99398.36,Spain,Male,1,1,0,0.34901834,Low Risk,64
603,26,4,109166.37,1,92840.67,Germany,Male,1,1,0,0.6746711,Medium Risk,65
751,36,6,169831.46,2,27758.36,Germany,Female,1,1,0,0.6952937,Medium Risk,66
581,34,1,101633.04,1,110431.51,Germany,Female,0,1,0,0.9919551,High Risk,67
735,43,10,123180.01,2,196673.28,Germany,Male,1,1,0,0.5254974,Medium Risk,68
661,35,5,150725.53,2,113656.85,Germany,Female,1,0,0,0.8477107,High Risk,69
675,21,8,98373.26,1,18203.0,France,Female,0,1,0,0.99228865,High Risk,70
738,58,2,133745.44,4,28373.86,Germany,Male,0,1,1,0.97198355,High Risk,71
813,29,6,0.0,1,33953.87,France,Male,0,1,0,0.9971777,High Risk,72
657,37,0,163607.18,1,44203.55,Spain,Female,1,0,0,0.88798594,High Risk,73
604,25,5,157780.84,2,58426.81,Germany,Female,1,1,0,0.802675,High Risk,74
519,36,9,0.0,2,145562.4,France,Male,1,0,0,0.48145545,Medium Risk,75
735,21,1,178718.19,2,22388.0,France,Female,0,1,0,0.99474806,High Risk,76
664,55,8,0.0,2,139161.64,France,Male,1,1,0,0.43144652,Medium Risk,77
678,32,9,0.0,1,148210.64,France,Female,1,1,0,0.6734849,Medium Risk,78
757,33,5,77253.22,1,194239.63,Spain,Male,1,0,0,0.50345665,Medium Risk,79
416,41,10,122189.66,2,98301.61,Germany,Female,0,1,0,0.99231756,High Risk,80
665,34,1,96645.54,2,171413.66,France,Female,0,0,0,0.9884311,High Risk,81
777,32,2,0.0,1,136458.19,France,Female,0,1,1,0.9973182,High Risk,82
543,36,3,0.0,2,26019.59,France,Female,0,0,0,0.9993007,High Risk,83
506,34,4,90307.62,1,159235.29,France,Female,1,1,0,0.5783935,Medium Risk,84
493,46,4,0.0,2,1907.66,France,Female,0,1,0,0.99891853,High Risk,85
652,75,10,0.0,2,114675.75,Spain,Female,1,1,0,0.6266928,Medium Risk,86
750,22,3,121681.82,1,128643.35,Spain,Male,0,1,1,0.9623019,High Risk,87
729,30,9,0.0,2,151869.35,France,Male,0,1,0,0.9838238,High Risk,88
646,46,4,0.0,3,93251.42,France,Female,0,1,1,0.99879164,High Risk,89
635,28,3,81623.67,2,156791.36,Germany,Female,1,1,0,0.6063779,Medium Risk,90
647,44,5,0.0,3,174205.22,Spain,Female,1,1,1,0.4505659,Medium Risk,91
808,45,7,118626.55,2,147132.46,France,Male,0,1,0,0.9880971,High Risk,92
524,36,10,0.0,2,109614.57,France,Female,0,1,0,0.9961876,High Risk,93
769,29,8,0.0,2,172290.61,France,Male,1,1,0,0.44150388,Medium Risk,94
730,42,4,0.0,2,85982.47,Spain,Male,1,0,0,0.28083876,Low Risk,95
515,35,10,176273.95,1,121277.78,Spain,Male,1,0,0,0.54814494,Medium Risk,96
773,41,9,102827.44,1,64595.25,Spain,Male,1,0,0,0.776002,High Risk,97
814,29,8,97086.4,2,197276.13,Germany,Male,1,1,0,0.710643,High Risk,98
710,22,8,0.0,2,99645.04,Spain,Male,0,0,0,0.9613906,High Risk,99
413,34,9,0.0,2,6534.18,France,Male,0,0,0,0.99577516,High Risk,100
665,40,6,0.0,1,161848.03,France,Female,1,1,0,0.74590164,High Risk,101
623,44,6,0.0,2,167162.43,France,Female,0,0,0,0.99845815,High Risk,102
738,31,9,82674.15,1,41970.72,France,Male,0,1,0,0.9881341,High Risk,103
528,36,7,0.0,2,60536.56,Spain,Male,0,1,0,0.9856145,High Risk,104
670,65,1,0.0,1,177655.68,Spain,Female,1,1,1,0.71725446,High Risk,105
622,46,4,107073.27,2,30984.59,Spain,Female,1,1,1,0.63178086,Medium Risk,106
582,32,1,88938.62,1,10054.53,Germany,Male,1,1,0,0.8484166,High Risk,107
785,36,2,99806.85,1,36976.52,Germany,Female,1,0,0,0.91751254,High Risk,108
605,33,5,150092.8,1,71862.79,Spain,Male,0,0,0,0.9810751,High Risk,109
479,35,9,92833.89,1,99449.86,Germany,Male,0,1,1,0.9878477,High Risk,110
685,30,3,90536.81,1,63082.88,Germany,Male,1,0,0,0.83330715,High Risk,111
538,39,7,108055.1,2,27231.26,Germany,Male,0,1,0,0.98718333,High Risk,112
562,42,2,100238.35,1,86797.41,France,Male,0,0,0,0.9876044,High Risk,113
675,36,9,106190.55,1,22994.32,Spain,Male,1,0,0,0.72806203,High Risk,114
721,28,9,154475.54,2,101300.94,Germany,Male,1,0,1,0.7968258,High Risk,115
628,30,9,132351.29,2,74169.13,Germany,Female,1,1,0,0.81899387,High Risk,116
668,37,6,167864.4,1,115638.29,Germany,Female,0,1,0,0.9908222,High Risk,117
506,41,1,0.0,2,31766.3,France,Female,0,1,0,0.9991943,High Risk,118
524,31,8,107818.63,1,199725.39,Germany,Female,0,1,1,0.9830831,High Risk,119
699,34,4,185173.81,2,120834.48,Germany,Male,0,1,0,0.968322,High Risk,120
828,34,8,129433.34,2,38131.77,France,Male,0,0,0,0.9969408,High Risk,121
674,39,6,120193.42,1,100130.95,Spain,Male,0,0,0,0.9758152,High Risk,122
656,39,6,0.0,2,141069.88,France,Female,0,1,0,0.9973182,High Risk,123
684,48,10,126384.42,1,198129.36,Germany,Female,1,1,0,0.5697558,Medium Risk,124
625,28,3,0.0,1,183646.41,France,Female,0,0,0,0.99845815,High Risk,125
432,42,9,152603.45,1,110265.24,France,Male,0,1,1,0.9692657,High Risk,126
549,52,1,0.0,1,8636.05,France,Female,1,0,1,0.94502544,High Risk,127
625,56,0,148507.24,1,46824.08,Germany,Male,0,1,1,0.9859185,High Risk,128
828,41,7,0.0,2,171378.77,France,Female,0,1,0,0.9989794,High Risk,129
770,24,9,101827.07,1,167256.35,France,Male,0,1,0,0.97418165,High Risk,130
758,34,3,0.0,2,124226.16,France,Female,1,1,0,0.74590164,High Risk,131
795,33,9,130862.43,1,114935.21,Germany,Female,1,1,0,0.90262735,High Risk,132
687,38,9,122570.87,1,35608.88,France,Male,1,1,0,0.71604556,High Risk,133
686,25,1,0.0,2,16459.37,France,Male,1,0,0,0.9674581,High Risk,134
789,39,7,124828.46,2,124411.08,Germany,Male,1,1,0,0.7090069,High Risk,135
589,50,5,144895.05,2,34941.23,Germany,Female,1,1,0,0.7450699,High Risk,136
461,34,5,63663.93,1,167784.28,Germany,Female,1,0,0,0.7146422,High Risk,137
637,40,2,133463.1,1,93165.34,France,Male,1,0,0,0.7069721,High Risk,138
584,48,2,213146.2,1,75161.25,Spain,Female,0,1,1,0.9712247,High Risk,139
579,35,1,129490.36,2,8590.83,Spain,Female,1,0,1,0.74315494,High Risk,140
756,44,10,137452.09,1,189543.9,Germany,Male,0,1,0,0.9733847,High Risk,141
663,34,7,0.0,2,180427.24,France,Male,1,1,0,0.34777498,Low Risk,142
682,43,5,125851.93,1,193318.33,France,Female,1,1,0,0.5783935,Medium Risk,143
793,52,2,0.0,1,159123.82,Spain,Male,0,1,1,0.9886706,High Risk,144
691,31,5,40915.55,1,126213.84,France,Female,0,1,1,0.9805135,High Risk,145
485,21,5,113157.22,1,54141.5,Spain,Female,1,1,0,0.7555026,High Risk,146
635,29,8,138296.94,2,141075.51,Spain,Female,0,1,0,0.976253,High Risk,147
650,37,5,106967.18,1,24495.03,France,Male,0,0,0,0.99042845,High Risk,148
735,44,9,120681.63,1,74836.34,France,Male,0,1,0,0.98901844,High Risk,149
416,32,0,0.0,2,878.87,France,Male,1,0,0,0.9706222,High Risk,150
754,32,7,0.0,2,89520.75,Spain,Female,0,1,0,0.99122965,High Risk,151
535,48,9,0.0,1,149892.79,France,Female,0,1,1,0.9973182,High Risk,152
716,42,8,0.0,2,180800.42,Spain,Male,0,1,0,0.9599864,High Risk,153
539,37,2,127609.59,1,98646.22,France,Male,0,1,0,0.9816821,High Risk,154
614,43,6,0.0,2,109041.53,France,Female,1,1,0,0.74590164,High Risk,155
706,57,7,0.0,1,17941.16,Spain,Male,0,1,1,0.9814641,High Risk,156
758,33,7,0.0,2,82996.47,France,Female,0,0,0,0.999231,High Risk,157
586,28,2,0.0,2,92067.35,Spain,Female,1,1,0,0.49724662,Medium Risk,158
646,73,6,97259.25,1,104719.66,France,Female,1,0,0,0.7034939,High Risk,159
631,33,4,123246.7,1,112687.57,Germany,Female,0,0,0,0.99512595,High Risk,160
717,22,6,101060.25,1,84699.56,Spain,Female,1,0,0,0.7244499,High Risk,161
684,30,2,0.0,2,83473.82,France,Male,0,1,0,0.99318004,High Risk,162
800,49,7,108007.36,1,47125.11,France,Female,0,0,0,0.9977042,High Risk,163
721,36,2,0.0,2,106977.8,Spain,Female,1,1,0,0.32575414,Low Risk,164
683,29,0,133702.89,1,55582.54,Spain,Male,0,1,1,0.984432,High Risk,165
660,31,9,125189.75,2,139874.43,Germany,Male,1,1,0,0.5254974,Medium Risk,166
704,24,7,113034.22,1,162503.48,Germany,Female,0,1,1,0.9830831,High Risk,167
615,41,9,109013.23,1,196499.96,Spain,Female,0,1,0,0.976253,High Risk,168
667,39,2,0.0,2,40721.24,Spain,Female,0,1,1,0.99527466,High Risk,169
682,24,9,57929.81,2,53134.3,Germany,Male,0,0,0,0.9934915,High Risk,170
484,29,4,130114.39,1,164017.89,France,Female,0,1,0,0.9805135,High Risk,171
628,27,5,95826.49,2,155996.96,Germany,Male,0,1,0,0.9733847,High Risk,172
480,44,10,129608.57,1,5472.7,Germany,Male,0,1,1,0.98926497,High Risk,173
578,30,4,169462.09,1,112187.11,France,Male,0,1,0,0.9692657,High Risk,174
512,40,5,0.0,2,146457.83,France,Male,1,1,0,0.43144652,Medium Risk,175
484,35,7,133868.21,1,27286.1,Spain,Female,1,1,0,0.6724343,Medium Risk,176
510,30,0,0.0,2,130553.47,France,Female,1,1,0,0.81320447,High Risk,177
606,36,5,190479.48,2,179351.89,Germany,Male,0,0,0,0.98299545,High Risk,178
597,40,8,101993.12,1,94774.12,Spain,Female,1,0,0,0.59517825,Medium Risk,179
754,55,3,161608.81,1,8080.85,Germany,Female,0,1,1,0.9894258,High Risk,180
850,45,2,122311.21,1,19482.5,Spain,Female,1,1,0,0.7754267,High Risk,181
510,65,2,0.0,2,48071.61,France,Male,1,1,0,0.5939666,Medium Risk,182
778,45,1,162150.42,2,174531.27,Germany,Female,0,1,0,0.98229283,High Risk,183
636,42,2,0.0,2,55470.78,France,Male,1,1,0,0.560778,Medium Risk,184
804,50,4,0.0,1,8546.87,France,Female,1,1,1,0.94504565,High Risk,185
514,32,8,0.0,2,95857.18,France,Male,0,1,0,0.9926569,High Risk,186
730,39,1,99010.67,1,194945.8,France,Female,0,1,0,0.98289686,High Risk,187
525,37,0,0.0,1,131521.72,Spain,Female,1,0,0,0.6792513,Medium Risk,188
616,30,5,0.0,2,196108.51,Spain,Male,1,0,0,0.2832123,Low Risk,189
687,34,7,111388.18,2,148564.76,Germany,Female,0,1,0,0.9830831,High Risk,190
715,41,8,56214.85,2,92982.61,France,Female,0,0,1,0.9940217,High Risk,191
512,36,3,84327.77,2,17675.36,France,Female,0,1,0,0.99217457,High Risk,192
479,40,1,0.0,2,114996.43,France,Male,0,0,0,0.9986474,High Risk,193
601,32,8,93012.89,1,86957.42,France,Male,0,1,0,0.9882168,High Risk,194
580,29,9,61710.44,2,128077.8,Spain,Male,0,1,0,0.9623019,High Risk,195
807,35,3,174790.15,1,600.36,France,Male,1,1,0,0.8285881,High Risk,196
616,32,6,0.0,2,43001.46,Spain,Female,1,1,0,0.75274336,High Risk,197
721,37,3,107720.64,1,158591.12,Germany,Male,1,1,0,0.48069128,Medium Risk,198
501,57,10,0.0,2,47847.19,France,Male,1,1,0,0.6261376,Medium Risk,199
521,35,6,96423.84,1,10488.44,France,Male,0,1,0,0.9875723,High Risk,200
850,30,2,141040.01,1,5978.2,Spain,Male,1,1,0,0.7086039,High Risk,201
759,42,4,105420.18,1,121409.06,France,Male,1,0,0,0.5867379,Medium Risk,202
516,50,5,0.0,1,146145.93,Spain,Male,1,0,1,0.2330935,Low Risk,203
711,38,2,129022.06,2,14374.86,France,Female,1,1,1,0.51568335,Medium Risk,204
512,33,3,176666.62,1,94670.77,Spain,Male,0,1,0,0.95522803,High Risk,205
550,37,3,0.0,1,179670.31,France,Male,1,1,0,0.43144652,Medium Risk,206
608,41,3,89763.84,1,199304.74,Spain,Female,0,0,1,0.9802684,High Risk,207
618,34,5,134954.53,1,151954.39,France,Male,1,1,0,0.48848805,Medium Risk,208
643,45,5,0.0,1,142513.5,France,Male,0,1,1,0.9885787,High Risk,209
671,45,2,106376.85,1,158264.62,France,Male,1,0,0,0.5204896,Medium Risk,210
689,33,2,161814.64,2,169381.9,Germany,Male,0,1,0,0.9322883,High Risk,211
603,31,8,0.0,2,169915.02,France,Male,1,1,0,0.34777498,Low Risk,212
620,41,9,0.0,2,88852.47,France,Female,0,0,0,0.9994659,High Risk,213
676,34,1,63095.01,1,40645.81,France,Female,1,1,0,0.7756862,High Risk,214
572,26,4,118287.01,2,60427.3,Germany,Male,0,0,0,0.9949626,High Risk,215
668,47,7,106854.21,1,157959.02,Germany,Male,1,0,1,0.63643175,Medium Risk,216
695,46,7,49512.55,1,133007.34,France,Male,0,1,0,0.9692657,High Risk,217
730,33,9,0.0,2,176576.62,Spain,Female,0,0,0,0.9935137,High Risk,218
807,43,1,105799.32,2,34888.04,France,Male,0,1,1,0.99296665,High Risk,219
592,54,8,0.0,1,28737.71,France,Male,1,1,1,0.6261376,Medium Risk,220
726,31,9,114722.05,2,98178.57,France,Female,1,1,0,0.78486615,High Risk,221
514,30,7,0.0,1,125010.24,Spain,Male,1,0,0,0.17598248,Low Risk,222
567,42,2,0.0,2,167984.61,France,Male,1,1,0,0.30895284,Low Risk,223
850,33,10,0.0,1,4861.72,France,Male,0,1,1,0.9972012,High Risk,224
671,45,6,99564.22,1,108872.45,Germany,Male,1,1,1,0.6729253,Medium Risk,225
670,37,4,170557.91,2,198252.88,France,Male,0,1,0,0.9692657,High Risk,226
694,30,9,0.0,2,26960.31,France,Female,1,1,0,0.81989306,High Risk,227
547,39,6,74596.15,3,85746.52,Germany,Female,1,1,1,0.7464134,High Risk,228
751,50,2,96888.39,1,77206.25,Germany,Male,0,1,1,0.9852374,High Risk,229
594,29,3,130830.22,1,61048.53,Germany,Female,0,1,0,0.9928422,High Risk,230
673,72,1,0.0,2,111981.19,France,Male,1,0,0,0.9226662,High Risk,231
610,40,0,0.0,2,62232.6,France,Male,0,1,0,0.999108,High Risk,232
512,37,1,0.0,2,156105.03,France,Female,1,0,0,0.88537264,High Risk,233
767,20,3,119714.25,2,150135.38,Germany,Male,1,0,0,0.6382677,Medium Risk,234
585,67,5,113978.97,2,93146.11,France,Female,1,0,0,0.8012649,High Risk,235
763,42,6,100160.75,1,33462.94,Germany,Male,0,1,1,0.9853935,High Risk,236
712,29,2,0.0,1,144375.0,France,Female,1,1,0,0.85733265,High Risk,237
539,43,3,116220.5,3,55803.96,Germany,Female,0,1,1,0.9797095,High Risk,238
668,46,2,0.0,3,89048.46,France,Female,0,1,1,0.99795073,High Risk,239
703,28,2,81173.83,2,162812.16,France,Male,1,0,0,0.4133872,Medium Risk,240
662,38,4,0.0,2,136259.65,Spain,Male,0,1,0,0.9599864,High Risk,241
725,39,5,116803.8,1,124052.97,Germany,Female,0,1,0,0.9798269,High Risk,242
703,37,8,105961.68,2,74158.8,France,Male,1,0,0,0.82908934,High Risk,243
659,67,6,117411.6,1,45071.09,Germany,Male,1,1,1,0.6324989,Medium Risk,244
523,34,7,0.0,2,62030.06,Spain,Male,0,1,0,0.97965086,High Risk,245
635,40,10,123497.58,1,131953.23,France,Female,0,1,1,0.98366064,High Risk,246
772,26,7,152400.51,2,79414.0,Germany,Male,0,1,0,0.9905161,High Risk,247
545,26,1,0.0,2,199638.56,France,Female,1,1,0,0.9007995,High Risk,248
634,24,8,103097.85,1,157577.29,Germany,Male,1,1,0,0.48267436,Medium Risk,249
739,54,8,126418.14,1,134420.75,Germany,Male,0,1,1,0.968322,High Risk,250
771,36,5,77846.9,1,99805.99,Germany,Female,0,0,0,0.99512595,High Risk,251
587,34,1,0.0,2,97932.68,Spain,Female,1,1,0,0.5534067,Medium Risk,252
681,79,0,0.0,2,170968.99,France,Female,1,0,0,0.9394615,High Risk,253
544,37,2,79731.91,1,57558.95,Germany,Male,1,1,0,0.6096566,Medium Risk,254
696,28,8,0.0,1,176713.47,Spain,Male,0,0,0,0.96705574,High Risk,255
766,41,0,0.0,2,34283.23,Spain,Male,1,0,0,0.84970677,High Risk,256
727,34,10,0.0,2,198637.34,France,Male,1,1,0,0.34777498,Low Risk,257
671,34,6,37266.67,2,156917.12,Germany,Female,0,0,0,0.9933328,High Risk,258
693,30,6,127992.25,1,50457.2,France,Female,1,1,0,0.78366745,High Risk,259
850,38,3,54901.01,1,140075.55,Germany,Male,1,1,0,0.7090069,High Risk,260
732,42,9,108748.08,2,65323.11,Germany,Male,1,1,0,0.7255311,High Risk,261
726,48,6,99906.19,1,64323.24,Spain,Female,0,1,0,0.98991185,High Risk,262
557,32,6,184686.41,2,14956.44,France,Female,0,1,0,0.993451,High Risk,263
682,26,0,110654.02,1,111879.21,France,Female,1,0,0,0.79912835,High Risk,264
738,31,9,79019.8,1,18606.23,Spain,Male,1,1,0,0.58604234,Medium Risk,265
531,36,9,99240.51,1,123137.01,Spain,Female,0,1,0,0.976253,High Risk,266
498,34,2,0.0,2,148528.24,France,Male,1,1,0,0.30895284,Low Risk,267
651,36,7,0.0,2,13898.31,France,Male,0,1,0,0.99483573,High Risk,268
549,39,7,0.0,1,81259.25,Spain,Female,0,0,1,0.9954335,High Risk,269
791,35,7,52436.2,1,161051.75,Germany,Female,0,1,0,0.9935051,High Risk,270
650,41,9,0.0,2,191599.67,Spain,Male,1,0,0,0.2832123,Low Risk,271
733,34,3,100337.96,3,48559.19,Germany,Male,0,1,1,0.97545767,High Risk,272
811,34,1,149297.19,2,186339.74,Germany,Female,1,1,0,0.69051373,Medium Risk,273
707,30,8,0.0,2,33159.37,France,Male,0,1,0,0.9926051,High Risk,274
712,28,4,145605.44,1,93883.53,Germany,Male,1,0,0,0.76624364,High Risk,275
706,37,7,0.0,2,110899.3,Spain,Female,1,1,0,0.4505659,Medium Risk,276
756,62,3,0.0,1,11199.04,France,Male,1,1,1,0.7146018,High Risk,277
777,53,10,0.0,2,189992.97,France,Female,0,1,0,0.9973182,High Risk,278
646,35,6,84026.86,1,164255.69,France,Male,1,0,0,0.5867379,Medium Risk,279
714,46,1,0.0,1,152167.79,France,Male,0,1,1,0.9976471,High Risk,280
782,39,8,0.0,2,33949.67,France,Male,1,1,0,0.81510395,High Risk,281
775,29,10,0.0,2,68143.93,Spain,Male,1,1,0,0.3417924,Low Risk,282
479,35,4,138718.92,1,47251.79,Germany,Male,1,1,1,0.67136395,Medium Risk,283
807,42,7,118274.71,1,25885.72,France,Male,1,1,0,0.84727895,High Risk,284
799,22,8,174185.98,2,192633.85,France,Female,1,0,0,0.8637308,High Risk,285
675,40,7,113208.86,2,34577.36,France,Male,0,1,0,0.985836,High Risk,286
602,29,5,103907.28,1,161229.84,Spain,Male,0,1,0,0.9623019,High Risk,287
475,32,8,119023.28,1,100816.29,France,Female,0,1,0,0.9925822,High Risk,288
744,26,5,166297.89,1,181694.44,Spain,Female,1,1,0,0.5196995,Medium Risk,289
588,34,10,0.0,2,79078.91,Spain,Male,0,1,0,0.9440024,High Risk,290
703,42,9,63227.0,1,137316.32,Germany,Male,1,0,0,0.63643175,Medium Risk,291
747,41,5,94521.17,2,194926.86,Spain,Female,0,1,0,0.97172,High Risk,292
583,27,7,0.0,2,51285.49,France,Male,0,1,0,0.9926051,High Risk,293
750,34,9,112822.26,1,150401.53,Spain,Female,0,0,1,0.987301,High Risk,294
681,38,3,0.0,2,112491.96,France,Male,1,1,0,0.43144652,Medium Risk,295
773,25,2,135903.33,1,73656.38,France,Male,0,1,0,0.98901844,High Risk,296
714,31,4,125169.26,1,106636.89,France,Female,1,1,0,0.5783935,Medium Risk,297
687,44,7,0.0,3,155853.52,Spain,Female,0,1,1,0.9920753,High Risk,298
511,58,0,149117.31,1,162599.51,France,Male,1,1,0,0.75007397,High Risk,299
627,33,5,0.0,2,103737.82,France,Male,1,1,0,0.43144652,Medium Risk,300
694,31,10,0.0,2,160990.27,France,Female,0,1,0,0.9961876,High Risk,301
616,36,6,132311.71,1,15462.84,Spain,Female,0,0,0,0.99392974,High Risk,302
687,35,8,0.0,2,10334.05,France,Male,0,1,0,0.9926664,High Risk,303
712,33,6,0.0,2,190686.16,France,Female,1,1,0,0.7923607,High Risk,304
553,33,4,118082.89,1,94440.45,France,Male,0,0,0,0.99049544,High Risk,305
667,31,1,119266.69,1,28257.63,France,Male,1,1,0,0.8808974,High Risk,306
731,43,2,0.0,1,170034.95,France,Male,1,1,1,0.43144652,Medium Risk,307
629,35,7,156847.29,2,31824.29,Germany,Male,0,1,0,0.98776245,High Risk,308
614,50,4,137104.47,1,127166.49,France,Male,0,1,1,0.9601767,High Risk,309
438,31,8,78398.69,1,44937.01,Germany,Male,0,1,0,0.98776245,High Risk,310
652,80,4,0.0,2,188603.07,France,Female,1,1,0,0.85733265,High Risk,311
729,30,6,63669.42,1,145111.37,Germany,Male,0,1,0,0.9733847,High Risk,312
642,38,3,0.0,2,171463.83,France,Male,0,0,0,0.9934088,High Risk,313
806,59,0,135296.33,1,182822.5,Germany,Female,0,1,0,0.9877023,High Risk,314
744,36,2,153804.44,1,87213.33,Spain,Male,1,1,0,0.34496891,Low Risk,315
474,37,3,0.0,2,57175.32,Spain,Male,0,0,0,0.9916876,High Risk,316
559,49,2,147069.78,1,120540.83,France,Male,0,1,1,0.9601767,High Risk,317
706,42,9,0.0,2,28714.34,Spain,Male,1,1,0,0.2780986,Low Risk,318
628,22,3,0.0,1,85426.28,Spain,Female,0,1,0,0.98875964,High Risk,319
429,24,4,95741.75,1,46170.75,France,Male,0,1,0,0.9881341,High Risk,320
525,57,2,145965.33,1,64448.36,Spain,Female,1,1,0,0.62926805,Medium Risk,321
680,30,8,141441.75,1,16278.97,France,Female,1,1,0,0.7387854,High Risk,322
749,40,1,139290.41,1,182855.42,France,Male,0,1,1,0.977459,High Risk,323
763,31,4,0.0,2,50404.72,France,Female,0,0,0,0.9993007,High Risk,324
734,30,3,0.0,2,107640.25,France,Male,0,1,0,0.9885787,High Risk,325
716,35,4,144428.87,1,134132.65,France,Male,0,1,0,0.9692657,High Risk,326
594,35,2,0.0,2,103480.69,France,Male,0,1,0,0.98076725,High Risk,327
644,46,9,95441.27,1,108761.05,France,Female,0,1,1,0.9805135,High Risk,328
671,35,1,144848.74,1,179012.3,Germany,Male,1,1,0,0.7436671,High Risk,329
664,26,7,116244.14,2,95145.14,Germany,Male,1,1,0,0.6746711,Medium Risk,330
656,50,7,0.0,2,72143.44,France,Male,1,0,0,0.79051125,High Risk,331
667,40,1,146502.07,1,19162.89,Spain,Female,0,1,0,0.988586,High Risk,332
663,44,2,117028.6,2,144680.18,Germany,Male,1,0,0,0.44086578,Medium Risk,333
584,30,8,112013.81,1,177772.03,Germany,Female,0,1,1,0.9830831,High Risk,334
626,37,6,108269.37,1,5597.94,Spain,Female,0,1,0,0.98858196,High Risk,335
485,29,7,182123.79,1,116828.51,France,Male,0,1,1,0.97418165,High Risk,336
659,32,3,150923.74,2,174652.51,Germany,Female,1,0,0,0.7146422,High Risk,337
649,33,2,0.0,2,2010.98,France,Male,0,1,0,0.9921665,High Risk,338
805,39,5,165272.13,1,14109.85,Spain,Female,0,1,1,0.99563134,High Risk,339
716,39,10,115301.31,1,43527.4,Germany,Female,0,1,1,0.9922633,High Risk,340
642,40,6,129502.49,2,86099.23,Germany,Female,1,0,1,0.8477107,High Risk,341
659,31,4,118342.26,1,161574.19,France,Male,0,0,0,0.97911686,High Risk,342
545,47,5,0.0,2,38970.14,Spain,Female,1,1,0,0.70076746,High Risk,343
543,22,8,0.0,2,127587.22,France,Male,0,0,0,0.988991,High Risk,344
718,25,7,0.0,2,30380.12,France,Female,0,1,0,0.99826896,High Risk,345
840,43,7,0.0,2,90908.95,France,Female,0,1,0,0.9996424,High Risk,346
630,34,9,106937.05,2,138275.01,Germany,Female,0,1,0,0.9830831,High Risk,347
643,59,3,170331.37,1,32171.79,Germany,Male,1,1,0,0.6096566,Medium Risk,348
654,32,1,114510.85,1,126143.23,Germany,Female,1,1,0,0.6019847,Medium Risk,349
582,39,5,0.0,2,129892.93,France,Male,1,1,0,0.43144652,Medium Risk,350
659,32,3,107594.11,2,102416.84,Spain,Male,1,1,0,0.34901834,Low Risk,351
762,39,2,81273.13,1,18719.67,Spain,Male,1,1,0,0.47496727,Medium Risk,352
568,32,7,169399.6,1,61936.22,Spain,Female,0,1,0,0.9915542,High Risk,353
670,25,6,0.0,2,78358.94,Spain,Male,1,1,0,0.18938126,Low Risk,354
613,45,1,187841.99,2,147224.27,France,Female,1,1,0,0.6104177,Medium Risk,355
539,30,0,0.0,2,160979.66,France,Male,0,1,0,0.9971373,High Risk,356
850,57,8,126776.3,2,132298.49,Spain,Female,1,1,0,0.6717409,Medium Risk,357
522,34,9,126436.29,1,174248.52,Spain,Male,0,1,1,0.9623019,High Risk,358
737,41,1,101960.74,1,123547.28,France,Male,1,1,0,0.74957263,High Risk,359
520,58,3,0.0,2,32790.02,France,Male,1,0,0,0.7446548,High Risk,360
706,28,3,0.0,2,181543.67,Spain,Male,1,0,0,0.31063497,Low Risk,361
643,45,2,150842.93,1,2319.96,Germany,Female,1,0,1,0.78640956,High Risk,362
648,50,9,102535.57,1,189543.19,France,Female,1,1,0,0.5783935,Medium Risk,363
443,29,9,99027.61,2,10940.4,Germany,Female,0,1,0,0.99321705,High Risk,364
640,68,9,0.0,2,199493.38,France,Male,1,1,0,0.5294213,Medium Risk,365
628,33,3,0.0,1,188193.25,Spain,Female,1,1,0,0.4505659,Medium Risk,366
540,42,9,87271.41,2,172572.64,Germany,Female,0,1,0,0.9798269,High Risk,367
460,35,8,102742.91,2,189339.6,Germany,Female,1,1,0,0.6130632,Medium Risk,368
636,34,2,40105.51,2,53512.16,Germany,Male,1,0,0,0.6350596,Medium Risk,369
593,29,2,152265.43,1,34004.44,France,Female,0,1,0,0.9910755,High Risk,370
801,42,4,141947.67,1,10598.29,Spain,Male,1,1,0,0.7086039,High Risk,371
640,75,1,106307.91,2,113428.77,Germany,Female,1,0,0,0.8808917,High Risk,372
611,31,0,107884.81,2,183487.98,Germany,Male,1,1,0,0.74417627,High Risk,373
802,31,1,125013.72,1,187658.09,Germany,Male,1,1,0,0.8273392,High Risk,374
717,35,7,58469.37,2,172459.39,Germany,Male,1,1,0,0.5254974,Medium Risk,375
769,39,8,0.0,1,21016.0,France,Female,1,0,0,0.9191989,High Risk,376
745,45,10,117231.63,3,122381.02,Germany,Male,1,1,1,0.48069128,Medium Risk,377
572,35,4,152390.26,1,128123.66,Spain,Male,0,1,0,0.95522803,High Risk,378
629,30,2,34013.63,1,19570.63,Spain,Female,0,1,0,0.9869849,High Risk,379
687,39,2,0.0,3,188150.6,Spain,Female,0,0,1,0.99227375,High Risk,380
483,50,9,0.0,2,111020.24,France,Female,1,1,0,0.74590164,High Risk,381
690,36,7,101583.11,2,123775.15,France,Male,0,1,0,0.9692657,High Risk,382
492,30,10,77168.87,2,146700.22,Germany,Female,1,0,0,0.7497707,High Risk,383
709,28,8,124695.72,2,145251.35,Germany,Male,0,1,0,0.9733847,High Risk,384
705,44,3,105934.96,1,82463.69,Germany,Male,0,1,0,0.9852374,High Risk,385
560,66,9,0.0,1,15928.49,France,Female,1,1,0,0.930431,High Risk,386
611,46,6,0.0,2,45886.33,Spain,Male,0,1,0,0.9856145,High Risk,387
730,62,2,0.0,2,186489.95,Spain,Male,1,1,0,0.13229223,Low Risk,388
709,45,2,0.0,2,162922.65,Spain,Female,1,0,0,0.45689964,Medium Risk,389
544,21,10,161525.96,2,9262.77,France,Female,0,1,0,0.99228865,High Risk,390
712,29,7,147199.07,1,84932.4,Germany,Female,1,1,0,0.8403458,High Risk,391
752,38,3,183102.29,1,71557.12,Germany,Male,1,1,0,0.7255311,High Risk,392
648,46,9,127209.0,2,77405.95,Spain,Male,0,1,1,0.96480376,High Risk,393
556,38,8,0.0,2,417.41,Spain,Male,0,0,1,0.9926408,High Risk,394
594,24,0,97378.54,1,71405.17,Spain,Female,1,1,0,0.6608249,Medium Risk,395
645,37,2,136925.09,2,153400.24,Germany,Female,1,0,0,0.5300834,Medium Risk,396
557,33,3,54503.55,1,371.05,France,Male,1,1,0,0.6474422,Medium Risk,397
547,32,8,155726.85,1,67789.99,Germany,Male,0,1,0,0.9905161,High Risk,398
701,39,9,0.0,2,145894.9,France,Female,1,0,0,0.8691923,High Risk,399
616,66,1,135842.41,1,183840.51,France,Female,0,1,1,0.98289686,High Risk,400
605,52,1,63349.75,1,108887.44,France,Male,0,1,0,0.977459,High Risk,401
593,38,4,129499.42,1,154071.27,Germany,Female,1,1,0,0.5697558,Medium Risk,402
751,52,8,0.0,2,179291.85,Spain,Male,1,0,0,0.2330935,Low Risk,403
443,36,6,70438.01,2,56937.43,Spain,Male,1,0,0,0.7432952,High Risk,404
685,23,8,0.0,2,112239.03,France,Male,1,1,0,0.44150388,Medium Risk,405
718,36,9,0.0,1,45909.87,France,Male,0,1,0,0.9926051,High Risk,406
538,49,9,141434.04,1,173779.25,Spain,Female,0,0,1,0.98484415,High Risk,407
611,37,4,0.0,2,125696.26,Spain,Female,0,1,0,0.9920753,High Risk,408
668,37,10,152958.29,2,159585.61,Germany,Male,1,1,0,0.5254974,Medium Risk,409
537,41,3,138306.34,1,106761.47,Germany,Female,0,1,0,0.9880294,High Risk,410
709,23,10,0.0,2,129590.18,Spain,Male,0,0,0,0.9613906,High Risk,411
850,38,1,0.0,2,80006.65,France,Male,1,1,0,0.971039,High Risk,412
745,31,3,124328.84,1,140451.52,Spain,Female,1,1,0,0.43738797,Medium Risk,413
693,41,9,181461.48,3,187929.43,Germany,Female,1,1,1,0.6130632,Medium Risk,414
795,35,8,0.0,2,167155.36,Spain,Male,0,1,0,0.98395336,High Risk,415
626,26,8,0.0,2,191420.71,Spain,Male,0,0,0,0.96705574,High Risk,416
487,61,5,110368.03,1,11384.45,Germany,Female,0,0,1,0.99438053,High Risk,417
556,39,9,89588.35,1,94898.1,France,Female,1,1,0,0.78486615,High Risk,418
643,46,6,0.0,2,106781.59,France,Female,0,0,0,0.99845815,High Risk,419
605,28,6,0.0,2,159508.52,France,Female,0,0,0,0.9978071,High Risk,420
756,60,3,115924.89,1,93524.19,Germany,Female,0,1,1,0.9906583,High Risk,421
586,38,2,0.0,2,87168.46,France,Female,0,1,0,0.99795073,High Risk,422
535,40,7,111756.5,1,8128.32,Germany,Male,0,1,1,0.98718333,High Risk,423
678,35,4,0.0,1,125518.32,France,Female,0,1,0,0.9973182,High Risk,424
596,39,9,0.0,1,48963.59,France,Male,0,1,0,0.99598926,High Risk,425
648,26,9,162923.85,1,98368.24,France,Male,0,1,0,0.9882168,High Risk,426
492,39,10,124576.65,2,148584.61,Germany,Male,0,1,0,0.9733847,High Risk,427
702,45,0,80793.58,1,27474.81,France,Male,1,1,0,0.8817758,High Risk,428
486,40,9,71340.09,1,76192.21,Germany,Female,0,1,0,0.99231756,High Risk,429
568,40,1,99282.63,1,134600.94,Germany,Male,0,0,1,0.98757553,High Risk,430
619,57,3,137946.39,1,72467.99,Germany,Male,1,1,1,0.6689798,Medium Risk,431
724,41,2,127892.57,2,199645.45,Germany,Male,1,0,0,0.44086578,Medium Risk,432
548,33,0,101084.36,1,42749.85,Germany,Female,0,1,0,0.9926635,High Risk,433
545,37,8,114754.08,1,136050.44,Germany,Female,0,1,1,0.9830831,High Risk,434
683,33,8,0.0,1,73564.44,France,Male,0,0,0,0.9967044,High Risk,435
762,51,3,99286.98,1,85578.63,France,Female,1,0,0,0.8166153,High Risk,436
627,30,4,79871.02,2,129826.89,Germany,Female,0,1,0,0.9798269,High Risk,437
516,35,10,104088.59,2,119666.0,France,Male,0,0,0,0.98248553,High Risk,438
800,38,2,168190.33,2,68052.08,France,Female,0,1,0,0.99416476,High Risk,439
464,42,3,85679.25,1,164104.74,Germany,Female,1,1,0,0.5030908,Medium Risk,440
626,35,3,0.0,1,80190.36,France,Female,0,0,0,0.99945956,High Risk,441
790,31,9,0.0,2,84126.75,France,Female,0,1,0,0.9994911,High Risk,442
534,34,7,121551.58,2,70179.0,France,Female,1,1,0,0.78486615,High Risk,443
745,46,2,122220.19,1,118024.1,France,Male,1,1,0,0.42200515,Medium Risk,444
553,47,3,116528.15,1,145704.19,Spain,Male,0,0,1,0.96860045,High Risk,445
748,26,1,77780.29,1,183049.41,France,Female,1,0,0,0.73044425,High Risk,446
722,37,2,0.0,1,120906.83,France,Male,0,0,0,0.9934088,High Risk,447
501,40,4,125832.2,1,100433.83,France,Male,1,1,0,0.6797588,Medium Risk,448
675,38,6,68065.8,1,138777.0,France,Female,0,0,1,0.98680854,High Risk,449
778,47,6,127299.34,2,124694.99,Spain,Female,0,1,0,0.97172,High Risk,450
494,38,7,174937.64,1,40084.32,Germany,Female,0,1,0,0.99075764,High Risk,451
850,40,9,0.0,2,119232.33,France,Male,1,0,0,0.818891,High Risk,452
592,31,7,110071.1,1,43921.36,Spain,Male,0,0,0,0.99279845,High Risk,453
590,44,3,139432.37,1,62222.81,Spain,Female,0,1,0,0.98684573,High Risk,454
758,39,6,127357.76,1,56577.0,France,Female,1,0,0,0.85346913,High Risk,455
506,36,5,0.0,2,164253.35,France,Male,0,1,0,0.9885787,High Risk,456
733,33,3,0.0,1,7666.73,France,Male,1,1,0,0.62809825,Medium Risk,457
711,38,3,0.0,2,68487.51,France,Male,0,1,0,0.99597067,High Risk,458
514,43,1,95556.31,1,199273.98,Germany,Male,1,0,1,0.845835,High Risk,459
637,37,8,0.0,1,186062.36,Spain,Male,1,1,0,0.18494388,Low Risk,460
468,29,1,111681.98,2,195711.16,Germany,Male,1,1,0,0.5988012,Medium Risk,461
539,39,3,0.0,2,36692.17,France,Male,0,1,0,0.9947924,High Risk,462
509,25,3,108738.71,2,106920.57,Spain,Female,0,1,0,0.976253,High Risk,463
662,32,4,133950.37,1,48725.68,France,Female,1,1,1,0.75172174,High Risk,464
818,26,4,0.0,2,167036.94,Spain,Male,1,1,0,0.39809853,Low Risk,465
608,33,9,89968.69,1,68777.26,France,Male,0,1,0,0.9908049,High Risk,466
850,32,9,0.0,2,18924.92,Spain,Female,1,1,0,0.8222445,High Risk,467
816,38,5,130878.75,3,71905.77,Germany,Female,0,1,1,0.9972687,High Risk,468
536,35,8,0.0,2,64833.28,France,Male,0,1,0,0.9942754,High Risk,469
753,35,3,0.0,2,184843.77,France,Male,1,1,0,0.43144652,Medium Risk,470
631,27,10,134169.62,1,176730.02,Spain,Male,1,1,0,0.3508252,Low Risk,471
703,37,1,149762.08,1,20629.4,France,Male,0,1,1,0.99093103,High Risk,472
774,26,2,93844.69,1,28415.36,France,Male,0,1,0,0.985836,High Risk,473
785,28,8,0.0,2,77231.27,France,Male,0,1,0,0.9978175,High Risk,474
571,33,1,0.0,2,102750.7,France,Female,0,1,0,0.99920005,High Risk,475
621,46,6,141078.37,1,34580.8,Germany,Male,0,0,1,0.99222285,High Risk,476
605,31,1,117992.59,1,183598.77,Germany,Female,1,1,0,0.6019847,Medium Risk,477
611,40,8,100812.33,2,147358.27,France,Female,0,1,0,0.9805135,High Risk,478
569,38,7,0.0,1,108469.2,France,Male,1,1,0,0.43144652,Medium Risk,479
658,29,4,80262.6,1,20612.82,France,Male,1,1,0,0.58094805,Medium Risk,480
788,34,6,156478.62,1,181196.76,Spain,Male,1,0,0,0.7274386,High Risk,481
525,23,5,0.0,2,160249.1,France,Female,0,1,0,0.9961876,High Risk,482
798,37,8,0.0,3,110783.28,France,Male,0,0,0,0.9980648,High Risk,483
486,37,9,115217.99,2,144995.33,Germany,Male,0,1,0,0.9733847,High Risk,484
615,61,9,0.0,2,150227.85,Spain,Male,0,1,1,0.9599864,High Risk,485
730,35,0,155470.55,1,53718.28,France,Female,1,1,0,0.88091254,High Risk,486
641,37,7,0.0,2,75248.3,France,Male,0,1,0,0.99597067,High Risk,487
542,39,3,135096.77,1,14353.43,France,Male,1,1,1,0.6220069,Medium Risk,488
692,30,2,0.0,2,130486.57,France,Male,1,0,0,0.43772563,Medium Risk,489
714,55,9,180075.22,1,100127.71,Germany,Female,1,1,0,0.7464134,High Risk,490
591,29,1,97541.24,1,196356.17,Spain,Male,1,1,0,0.46366137,Medium Risk,491
710,41,2,156067.05,1,9983.88,France,Female,1,1,0,0.64378303,Medium Risk,492
639,38,4,81550.94,2,118974.77,France,Female,1,0,0,0.6710051,Medium Risk,493
531,47,6,0.0,1,194998.34,France,Female,0,0,1,0.99845815,High Risk,494
673,38,2,170061.92,2,134901.34,France,Female,0,0,1,0.9711774,High Risk,495
765,36,8,92310.54,2,72924.56,Germany,Male,1,1,0,0.75976974,High Risk,496
622,32,6,169089.38,2,101057.95,France,Female,0,1,0,0.9925822,High Risk,497
806,40,5,80613.93,1,142838.64,France,Male,1,1,0,0.7154053,High Risk,498
757,26,8,121581.56,2,127059.04,Germany,Male,1,1,0,0.48267436,Medium Risk,499
570,58,8,0.0,1,116503.92,France,Female,1,0,1,0.83637416,High Risk,500
555,32,4,0.0,2,54405.79,Spain,Male,1,1,0,0.33265364,Low Risk,501
692,54,5,0.0,2,88721.84,France,Male,1,1,0,0.68425333,Medium Risk,502
774,60,5,85891.55,1,74135.48,France,Male,0,1,1,0.98568475,High Risk,503
638,44,9,77637.35,2,111346.22,Spain,Male,1,1,0,0.34901834,Low Risk,504
543,41,4,0.0,1,194902.16,Spain,Female,0,0,0,0.9954335,High Risk,505
584,31,5,0.0,2,31474.27,France,Male,0,1,0,0.9947924,High Risk,506
691,30,7,116927.89,1,21198.39,Germany,Male,0,1,0,0.98926497,High Risk,507
684,40,6,137326.65,1,186976.6,Germany,Female,0,1,0,0.9798269,High Risk,508
733,22,5,0.0,2,117202.19,France,Male,1,1,0,0.44150388,Medium Risk,509
599,37,2,0.0,2,143739.29,Spain,Female,1,1,0,0.32575414,Low Risk,510
524,31,10,67238.98,2,161811.23,Germany,Female,1,1,0,0.6130632,Medium Risk,511
632,38,6,86569.76,2,98090.91,Germany,Female,0,1,0,0.9908222,High Risk,512
735,34,5,0.0,2,71095.41,Spain,Male,0,0,0,0.98171,High Risk,513
734,34,6,133598.4,1,13107.24,France,Male,1,1,0,0.6220069,Medium Risk,514
605,51,3,136188.78,1,67110.59,France,Female,1,1,1,0.7497031,High Risk,515
793,38,9,0.0,2,88225.02,Spain,Male,0,1,0,0.98746604,High Risk,516
468,56,10,0.0,3,62256.87,France,Female,1,0,1,0.9191023,High Risk,517
779,37,7,120092.52,2,135925.72,Germany,Male,0,1,0,0.968322,High Risk,518
698,48,4,101238.24,2,177815.87,France,Male,1,0,1,0.5867379,Medium Risk,519
707,58,6,89685.92,1,126471.13,France,Male,1,0,0,0.5867379,Medium Risk,520
850,35,1,211774.31,1,188574.12,France,Female,0,1,1,0.98834187,High Risk,521
850,56,7,131317.48,1,119175.45,France,Male,1,1,0,0.7154053,High Risk,522
527,37,5,93722.73,2,139093.73,Spain,Male,1,1,0,0.34901834,Low Risk,523
696,32,8,101160.99,1,115916.55,Germany,Male,1,1,0,0.7111133,High Risk,524
661,48,3,120320.54,1,96463.25,France,Male,0,0,0,0.9876044,High Risk,525
776,31,2,0.0,2,112349.51,France,Female,1,1,0,0.6336259,Medium Risk,526
701,43,2,0.0,2,165303.79,France,Male,1,1,0,0.30895284,Low Risk,527
610,26,8,0.0,2,166031.08,France,Male,0,1,0,0.9838238,High Risk,528
572,48,3,152827.99,1,38411.79,Germany,Female,0,1,1,0.9879453,High Risk,529
673,30,1,64097.75,1,77783.35,France,Male,1,1,0,0.90539503,High Risk,530
519,57,2,119035.35,2,29871.79,Spain,Female,1,1,0,0.43593037,Medium Risk,531
702,26,4,135219.57,1,59747.63,Spain,Female,1,0,0,0.8538799,High Risk,532
729,32,6,93694.42,1,79919.13,France,Male,1,1,0,0.76542133,High Risk,533
543,35,10,59408.63,1,76773.53,Spain,Male,0,1,0,0.9623019,High Risk,534
550,40,7,114354.95,1,54018.93,France,Female,0,1,0,0.9930889,High Risk,535
608,59,1,0.0,1,70649.64,France,Male,0,1,1,0.9991748,High Risk,536
639,35,10,128173.9,2,59093.39,Germany,Male,0,1,0,0.98776245,High Risk,537
686,34,9,0.0,2,127569.8,Spain,Male,0,1,0,0.9440024,High Risk,538
564,62,5,114931.35,3,18260.98,Germany,Female,1,0,1,0.7933003,High Risk,539
745,28,1,111071.36,1,73275.96,Germany,Female,0,1,1,0.9937273,High Risk,540
833,37,8,151226.18,2,136129.49,France,Male,1,1,0,0.75047266,High Risk,541
622,26,9,0.0,2,153237.59,France,Male,1,1,0,0.44150388,Medium Risk,542
597,42,4,64740.12,1,106841.12,France,Female,1,1,0,0.5783935,Medium Risk,543
721,51,0,169312.13,1,109078.35,Spain,Male,0,1,1,0.9516067,High Risk,544
504,49,7,0.0,3,87822.14,France,Female,1,0,1,0.9191023,High Risk,545
842,44,2,112652.08,2,126644.98,Spain,Female,0,1,0,0.9760418,High Risk,546
587,38,0,0.0,2,47414.15,France,Male,0,1,0,0.99884605,High Risk,547
479,30,7,143964.36,2,41879.99,Germany,Female,0,1,0,0.9922633,High Risk,548
508,49,7,122451.46,2,75808.1,France,Male,1,1,0,0.6797588,Medium Risk,549
749,24,1,0.0,3,47911.03,France,Male,1,1,0,0.9442302,High Risk,550
721,36,3,65253.07,2,28737.78,Germany,Female,0,1,0,0.99075764,High Risk,551
674,47,6,106901.94,1,2079.2,Germany,Male,1,1,1,0.6402841,Medium Risk,552
685,25,10,128509.63,1,121562.33,Spain,Female,0,1,0,0.976253,High Risk,553
417,34,7,0.0,2,55003.79,France,Male,0,1,0,0.9926569,High Risk,554
574,33,3,129834.67,1,193131.42,Germany,Male,0,1,0,0.968322,High Risk,555
590,51,3,154962.99,3,191932.27,Spain,Female,1,0,1,0.39839777,Low Risk,556
587,40,5,138241.9,2,159418.1,Germany,Male,0,1,0,0.968322,High Risk,557
598,41,3,91536.93,1,191468.78,Germany,Male,0,1,1,0.9589658,High Risk,558
741,53,3,0.0,2,38913.68,Spain,Male,1,1,0,0.33265364,Low Risk,559
850,70,5,0.0,1,705.18,Spain,Female,1,1,0,0.93814284,High Risk,560
584,29,7,105204.01,1,138490.03,Germany,Female,1,0,0,0.7770656,High Risk,561
650,61,1,152968.73,1,82970.69,Spain,Male,1,0,0,0.6523091,Medium Risk,562
607,36,8,158261.68,1,76744.72,Spain,Male,1,1,0,0.45180386,Medium Risk,563
509,46,1,0.0,1,71244.59,France,Female,0,1,1,0.99920005,High Risk,564
689,38,6,121021.05,1,12182.15,Spain,Female,1,1,0,0.5725741,Medium Risk,565
543,36,4,0.0,2,141210.5,France,Male,1,1,0,0.43144652,Medium Risk,566
438,54,2,0.0,1,191763.07,Spain,Female,0,0,1,0.9954335,High Risk,567
687,63,1,137715.66,1,37938.74,Spain,Female,1,1,0,0.746818,High Risk,568
737,31,5,121192.22,2,74890.58,Germany,Male,1,1,0,0.7255311,High Risk,569
761,31,7,0.0,3,166698.18,France,Male,1,1,0,0.34777498,Low Risk,570
601,44,1,100486.18,2,62678.53,France,Male,1,1,0,0.89526373,High Risk,571
651,45,1,0.0,1,67740.08,France,Male,0,1,1,0.9991748,High Risk,572
745,35,9,92566.53,2,161519.77,France,Male,0,1,0,0.97418165,High Risk,573
648,49,10,0.0,2,159835.78,Spain,Female,1,1,1,0.4505659,Medium Risk,574
848,40,3,110929.96,1,30876.84,Spain,Male,1,1,0,0.7569659,High Risk,575
546,27,8,0.0,2,14858.1,France,Female,1,1,0,0.90382326,High Risk,576
439,32,3,138901.61,1,75685.97,Spain,Female,0,1,0,0.97172,High Risk,577
755,30,4,123217.66,2,144183.1,France,Male,1,0,0,0.5867379,Medium Risk,578
593,41,6,0.0,1,65170.66,France,Female,0,1,0,0.99905926,High Risk,579
701,39,2,0.0,2,82526.92,France,Male,1,1,0,0.560778,Medium Risk,580
701,36,8,0.0,2,169161.46,Spain,Male,0,1,0,0.9440024,High Risk,581
607,33,2,108431.87,2,109291.39,Spain,Female,1,0,1,0.39839777,Low Risk,582
586,57,3,0.0,2,6057.81,Spain,Female,1,0,0,0.7606518,High Risk,583
547,30,9,72392.41,1,77077.14,Germany,Female,0,1,0,0.99231756,High Risk,584
647,51,1,119741.77,2,54954.51,Germany,Female,0,0,1,0.99569964,High Risk,585
760,51,2,100946.71,1,179614.8,France,Female,0,0,1,0.98281556,High Risk,586
621,53,9,170491.84,1,35588.07,Spain,Male,0,1,1,0.9838524,High Risk,587
725,44,5,0.0,1,117356.14,France,Male,1,1,0,0.43144652,Medium Risk,588
526,36,1,0.0,1,160696.72,France,Male,0,1,0,0.9976471,High Risk,589
519,47,6,157296.02,2,147278.43,Spain,Female,0,0,1,0.98484415,High Risk,590
713,38,7,144606.22,1,56594.36,Germany,Female,1,1,1,0.7450699,High Risk,591
700,38,8,134811.3,1,1299.75,France,Male,0,1,0,0.9906632,High Risk,592
666,34,9,115897.12,1,25095.03,France,Female,1,1,0,0.78366745,High Risk,593
630,32,4,82034.0,1,146326.45,Spain,Male,0,0,0,0.9758152,High Risk,594
779,26,4,174318.13,2,38296.21,Spain,Female,1,0,0,0.8538799,High Risk,595
611,41,2,114206.84,1,164061.6,Germany,Female,0,1,0,0.9737768,High Risk,596
685,43,9,0.0,2,107811.28,Spain,Male,0,1,0,0.9599864,High Risk,597
646,39,9,111574.41,1,30838.51,Germany,Male,1,1,0,0.7096556,High Risk,598
683,57,5,162448.69,1,9221.78,Germany,Female,0,0,1,0.99438053,High Risk,599
484,34,4,148249.54,1,33738.27,Germany,Female,1,0,0,0.8467937,High Risk,600
601,43,8,0.0,3,110916.15,France,Female,1,0,1,0.83637416,High Risk,601
762,26,7,123709.46,2,169654.57,Spain,Female,1,1,0,0.5196995,Medium Risk,602
687,72,9,0.0,1,69829.4,France,Female,1,0,0,0.9676192,High Risk,603
566,30,5,0.0,1,54926.51,France,Male,0,1,1,0.9968976,High Risk,604
702,37,10,150525.8,1,94728.49,France,Male,1,1,0,0.7174839,High Risk,605
601,29,9,0.0,1,80393.27,France,Male,1,1,0,0.6372986,Medium Risk,606
699,53,4,0.0,2,111307.98,France,Male,1,0,0,0.5692201,Medium Risk,607
584,28,10,0.0,2,19834.32,France,Male,0,1,0,0.9926664,High Risk,608
699,35,5,0.0,2,78397.24,France,Male,1,1,0,0.68425333,Medium Risk,609
698,51,2,111018.98,1,86410.28,Germany,Female,0,1,0,0.9906583,High Risk,610
495,30,10,129755.99,1,172749.65,France,Male,0,0,0,0.98248553,High Risk,611
650,27,6,0.0,2,1002.39,France,Female,0,1,0,0.9984616,High Risk,612
605,64,2,129555.7,1,13601.79,France,Female,1,1,0,0.67766875,Medium Risk,613
667,38,1,87202.38,1,77866.91,Spain,Male,1,1,0,0.68344605,Medium Risk,614
688,26,8,146133.39,1,175296.76,Germany,Male,1,1,0,0.48267436,Medium Risk,615
727,31,0,0.0,1,121751.04,Spain,Female,0,1,1,0.99562436,High Risk,616
754,39,6,170184.99,2,89593.26,Spain,Male,0,1,0,0.96480376,High Risk,617
612,62,8,140745.33,1,193437.89,Germany,Female,0,1,1,0.9798269,High Risk,618
546,42,7,139070.51,1,86945.0,Spain,Male,1,1,0,0.34901834,Low Risk,619
673,37,8,0.0,2,183318.79,Spain,Female,1,1,0,0.515984,Medium Risk,620
593,35,9,114193.24,1,71154.1,France,Male,0,1,0,0.9908049,High Risk,621
656,40,10,167878.5,1,151887.16,Spain,Female,1,0,0,0.6375545,Medium Risk,622
535,53,5,141616.55,2,75888.65,Germany,Female,1,1,0,0.7464134,High Risk,623
678,36,3,145747.67,2,89566.74,Germany,Male,1,0,0,0.7955368,High Risk,624
477,48,2,129120.64,1,26475.79,Spain,Female,1,0,0,0.7127046,High Risk,625
850,35,7,110349.82,1,126355.8,Spain,Male,0,0,0,0.99219173,High Risk,626
427,29,1,141325.56,1,93839.3,France,Male,1,1,0,0.7738901,High Risk,627
752,49,2,78653.84,1,7698.6,France,Male,0,1,0,0.9838067,High Risk,628
649,47,1,0.0,2,145593.85,France,Male,1,1,0,0.8944445,High Risk,629
799,28,3,142253.65,1,45042.56,Spain,Female,0,1,0,0.9961434,High Risk,630
589,61,1,0.0,1,61108.56,France,Female,0,1,1,0.9993773,High Risk,631
583,54,6,115988.86,1,57553.98,Germany,Female,0,1,1,0.99075764,High Risk,632
839,33,10,75592.43,1,62674.42,Spain,Female,0,1,0,0.9967745,High Risk,633
540,44,3,164113.04,2,12120.79,Germany,Male,1,1,0,0.54942954,Medium Risk,634
850,31,6,67996.23,2,50129.87,France,Male,0,0,1,0.9969408,High Risk,635
696,51,5,0.0,2,55022.43,Spain,Female,0,1,0,0.9972107,High Risk,636
660,33,1,0.0,2,117834.91,Spain,Female,0,0,0,0.9969734,High Risk,637
682,48,1,138778.15,1,168840.23,France,Male,1,0,0,0.8165111,High Risk,638
744,43,10,147832.15,1,24234.11,France,Female,1,0,0,0.8078681,High Risk,639
785,36,4,135438.4,1,190627.01,France,Female,0,0,0,0.99494725,High Risk,640
752,48,5,116060.08,1,156618.38,Spain,Male,0,1,1,0.95522803,High Risk,641
706,29,5,112564.62,1,42334.38,France,Female,0,1,0,0.9925298,High Risk,642
583,27,1,125406.58,1,110784.42,France,Female,1,1,0,0.64573085,Medium Risk,643
660,39,5,135134.99,1,173683.0,Germany,Female,0,1,1,0.9798269,High Risk,644
819,39,9,133102.92,1,27046.46,France,Female,0,1,1,0.99714893,High Risk,645
673,34,8,42157.08,1,20598.59,France,Female,0,1,1,0.993451,High Risk,646
752,30,3,0.0,2,104991.28,France,Female,1,1,0,0.74590164,High Risk,647
578,38,7,82259.29,1,8996.97,France,Male,0,1,0,0.9875723,High Risk,648
438,36,4,0.0,2,64420.5,France,Female,0,1,0,0.99879164,High Risk,649
652,38,6,0.0,2,145700.22,France,Male,1,1,0,0.43144652,Medium Risk,650
629,49,4,0.0,2,196335.48,France,Female,1,1,0,0.74590164,High Risk,651
720,52,7,0.0,1,14781.12,France,Male,1,1,0,0.62809825,Medium Risk,652
668,42,3,150461.07,1,108139.23,France,Male,0,1,0,0.9601767,High Risk,653
459,48,4,133994.52,1,19287.06,Germany,Male,1,1,1,0.61463976,Medium Risk,654
729,31,8,164870.81,2,9567.39,Spain,Male,1,1,0,0.5250105,Medium Risk,655
498,25,8,121702.73,1,132210.49,Germany,Male,1,1,0,0.48267436,Medium Risk,656
549,25,6,193858.2,1,21600.11,Spain,Male,1,0,0,0.6928343,Medium Risk,657
601,54,1,131039.97,2,199661.5,Germany,Female,1,1,0,0.6019847,Medium Risk,658
544,64,9,113829.45,1,124341.49,France,Male,1,1,0,0.4458471,Medium Risk,659
751,30,6,0.0,2,15766.1,France,Female,0,1,0,0.9982835,High Risk,660
632,41,3,81877.38,1,33642.21,Germany,Female,1,1,0,0.69082886,Medium Risk,661
694,57,8,116326.07,1,117704.65,Spain,Male,1,1,0,0.34901834,Low Risk,662
678,31,2,0.0,2,58803.28,France,Male,1,1,0,0.560778,Medium Risk,663
695,46,4,0.0,2,137537.22,France,Male,1,1,0,0.43144652,Medium Risk,664
661,41,1,0.0,2,131300.68,France,Female,1,0,0,0.88537264,High Risk,665
661,33,9,0.0,2,84174.81,France,Male,1,1,0,0.60360426,Medium Risk,666
559,31,3,127070.73,1,160941.78,France,Female,1,0,0,0.6710051,Medium Risk,667
503,29,3,0.0,2,143954.99,France,Male,1,1,0,0.5294213,Medium Risk,668
695,46,3,122549.64,1,56297.85,Spain,Male,1,1,0,0.5392915,Medium Risk,669
640,42,5,176099.13,1,8404.73,France,Female,1,1,0,0.7027262,High Risk,670
624,48,3,122388.38,2,30020.09,Germany,Female,0,0,0,0.9935893,High Risk,671
667,42,9,0.0,2,58137.42,France,Male,1,0,0,0.79051125,High Risk,672
642,26,0,0.0,1,47472.68,France,Male,0,0,0,0.999337,High Risk,673
640,32,6,118879.35,2,19131.71,Spain,Female,1,1,0,0.6724343,Medium Risk,674
529,35,5,0.0,2,187288.5,Spain,Male,1,1,0,0.14860974,Low Risk,675
563,39,5,0.0,2,17603.81,France,Female,1,1,0,0.86725354,High Risk,676
593,38,4,88736.44,2,67020.03,Spain,Female,0,1,0,0.98991185,High Risk,677
739,45,7,102703.62,1,147802.94,Germany,Male,1,0,1,0.63643175,Medium Risk,678
788,70,1,0.0,2,41610.62,Spain,Female,1,1,0,0.93275243,High Risk,679
684,38,3,0.0,2,44255.65,Spain,Female,0,1,0,0.9972107,High Risk,680
482,55,5,97318.25,1,78416.14,France,Male,1,0,0,0.7593675,High Risk,681
591,58,5,128468.69,1,137254.55,Spain,Male,1,0,0,0.4366757,Medium Risk,682
651,41,4,133432.59,1,151303.48,Germany,Female,1,0,0,0.7146422,High Risk,683
749,40,8,141782.57,2,86333.63,Germany,Female,0,0,0,0.9962023,High Risk,684
583,24,9,135125.28,1,89801.9,France,Male,0,0,0,0.99204355,High Risk,685
661,42,2,178820.91,1,29358.57,Spain,Male,0,0,1,0.9855241,High Risk,686
715,31,2,112212.14,2,181600.72,France,Female,1,1,0,0.44697872,Medium Risk,687
769,45,5,126674.81,1,124118.71,Germany,Female,0,1,1,0.9798269,High Risk,688
625,51,7,136294.97,1,38867.46,France,Female,0,1,1,0.9910755,High Risk,689
641,36,5,66392.64,1,31106.67,France,Female,0,1,0,0.9910755,High Risk,690
716,27,1,122552.34,2,67611.36,Germany,Male,0,1,0,0.9926138,High Risk,691
767,43,1,76408.85,2,77837.63,France,Male,0,1,0,0.99198955,High Risk,692
745,36,8,145071.24,1,6078.46,Germany,Male,0,0,0,0.9942947,High Risk,693
589,34,6,0.0,2,177896.92,France,Male,1,1,0,0.43144652,Medium Risk,694
796,45,2,109730.22,1,123882.73,France,Female,1,1,0,0.73410094,High Risk,695
664,57,6,0.0,2,15304.08,France,Male,1,1,0,0.62809825,Medium Risk,696
445,62,1,64119.38,1,76569.64,Spain,Male,1,1,1,0.4357081,Medium Risk,697
543,57,1,106138.33,2,120657.32,Germany,Female,1,1,1,0.6019847,Medium Risk,698
746,36,2,0.0,2,16436.56,Spain,Male,1,1,0,0.18624507,Low Risk,699
742,33,0,181656.51,1,107667.91,Germany,Male,1,1,0,0.8792369,High Risk,700
750,32,5,0.0,2,95611.47,France,Female,0,1,0,0.99905926,High Risk,701
669,30,7,95128.86,1,19799.26,France,Male,0,0,0,0.992975,High Risk,702
594,49,2,126615.94,2,123214.74,Spain,Female,1,0,0,0.39839777,Low Risk,703
574,36,1,0.0,2,71709.12,Spain,Male,1,0,0,0.8134543,High Risk,704
659,36,2,76190.48,2,149066.14,Germany,Male,1,1,0,0.2942497,Low Risk,705
750,40,5,168286.81,3,20451.99,Germany,Male,0,1,1,0.98718333,High Risk,706
626,35,4,88109.81,1,32825.5,Germany,Male,1,1,0,0.67136395,Medium Risk,707
620,42,4,0.0,2,6232.31,France,Male,0,1,0,0.99483573,High Risk,708
580,35,8,0.0,2,10357.03,France,Female,1,0,0,0.88880867,High Risk,709
686,34,3,123971.51,2,147794.63,France,Female,0,1,0,0.9805135,High Risk,710
540,48,0,148116.48,1,116973.48,France,Male,0,0,0,0.977382,High Risk,711
634,35,6,116269.01,1,129964.94,Germany,Male,0,1,0,0.968322,High Risk,712
632,38,1,120599.21,1,92816.86,Spain,Male,0,1,0,0.96703625,High Risk,713
501,41,3,144260.5,1,172114.67,France,Female,0,1,0,0.974664,High Risk,714
650,25,3,86605.5,3,16649.31,Spain,Female,0,1,1,0.98163605,High Risk,715
786,34,9,0.0,2,144517.19,France,Male,0,1,0,0.99379236,High Risk,716
554,37,4,58629.97,1,182038.6,Germany,Female,0,0,0,0.9892306,High Risk,717
701,42,5,0.0,2,24210.56,Spain,Female,0,0,0,0.99792576,High Risk,718
474,45,10,0.0,2,172175.9,France,Male,0,0,0,0.9934088,High Risk,719
621,43,5,0.0,1,47578.45,France,Female,1,1,0,0.8662853,High Risk,720
672,56,2,209767.31,2,150694.42,Spain,Female,1,1,1,0.25935397,Low Risk,721
459,42,6,129634.25,2,177683.02,Spain,Female,1,1,1,0.43738797,Medium Risk,722
669,23,1,0.0,2,66088.83,France,Male,0,0,0,0.9995766,High Risk,723
776,38,2,169824.46,1,169291.7,France,Female,0,1,0,0.974664,High Risk,724
694,36,3,97530.25,1,117140.41,France,Male,1,1,0,0.48848805,Medium Risk,725
787,42,10,145988.65,2,79510.37,France,Female,1,1,0,0.9250282,High Risk,726
580,37,9,0.0,2,77108.66,France,Male,1,0,0,0.6735987,Medium Risk,727
711,25,7,0.0,3,9679.28,France,Female,1,1,0,0.90382326,High Risk,728
673,40,5,137494.28,1,81753.92,France,Female,0,1,0,0.9930889,High Risk,729
499,57,1,0.0,1,131372.38,France,Female,0,0,1,0.9989791,High Risk,730
591,24,6,147360.0,1,25310.82,France,Male,1,1,0,0.67994547,Medium Risk,731
769,25,10,0.0,2,187925.75,France,Female,0,0,0,0.9978071,High Risk,732
657,31,3,125167.02,1,98820.39,Spain,Male,0,0,0,0.9758152,High Risk,733
738,43,9,121152.05,2,64166.7,Germany,Male,0,1,1,0.9886742,High Risk,734
545,60,7,128981.07,1,176924.21,Germany,Female,1,0,1,0.7444629,High Risk,735
497,47,6,0.0,1,90055.08,France,Male,1,1,0,0.6277947,Medium Risk,736
816,67,6,151858.98,1,72814.31,Spain,Male,1,1,0,0.6043669,Medium Risk,737
525,36,2,114628.4,1,168290.06,France,Male,1,0,0,0.5204896,Medium Risk,738
725,46,6,0.0,2,161767.38,France,Male,0,1,0,0.9885787,High Risk,739
692,28,8,95059.02,2,44420.18,France,Female,0,1,0,0.9925298,High Risk,740
618,24,7,128736.39,1,37147.61,France,Female,1,0,0,0.86235344,High Risk,741
546,24,8,156325.38,1,125381.02,France,Male,1,1,0,0.49047288,Medium Risk,742
635,29,7,105405.97,1,149853.89,France,Male,1,1,0,0.49047288,Medium Risk,743
611,49,2,88915.37,3,161435.02,France,Female,0,0,1,0.9711774,High Risk,744
650,60,8,0.0,2,102925.76,France,Male,1,1,0,0.5294213,Medium Risk,745
606,40,5,0.0,2,70899.27,France,Male,1,1,0,0.68425333,Medium Risk,746
844,18,2,160980.03,1,145936.28,France,Male,0,0,0,0.99207944,High Risk,747
450,46,5,177619.71,1,54227.06,Spain,Female,0,1,0,0.98991185,High Risk,748
727,38,2,62276.99,1,59280.79,Spain,Male,1,1,0,0.5392915,Medium Risk,749
460,46,4,127559.97,2,126952.5,Germany,Male,1,1,0,0.48069128,Medium Risk,750
649,41,0,0.0,2,130567.02,France,Male,1,0,0,0.9081748,High Risk,751
758,47,9,95523.16,1,73294.48,Germany,Female,0,1,0,0.9928422,High Risk,752
490,35,7,107749.03,1,3937.37,France,Female,1,1,0,0.7387854,High Risk,753
815,37,2,110777.26,2,2383.59,Germany,Male,0,1,0,0.99028313,High Risk,754
838,39,5,166733.92,2,14279.44,Spain,Female,0,1,0,0.99563134,High Risk,755
803,31,9,157120.86,2,141300.53,France,Male,0,1,0,0.99003196,High Risk,756
664,36,2,127160.78,2,78140.75,Germany,Female,0,1,0,0.9842465,High Risk,757
736,28,2,0.0,2,117431.1,Spain,Female,1,1,0,0.49724662,Medium Risk,758
633,37,9,156091.97,1,72008.61,France,Female,0,1,0,0.99421704,High Risk,759
664,58,5,98668.18,1,60887.58,France,Male,1,1,0,0.675856,Medium Risk,760
600,43,5,134022.06,1,194764.83,France,Female,0,1,0,0.9805135,High Risk,761
693,35,5,124151.09,1,88705.14,France,Female,0,1,1,0.9930889,High Risk,762
663,36,6,77253.5,1,35817.97,Germany,Female,0,0,1,0.99509144,High Risk,763
742,21,1,114292.48,1,31520.4,Germany,Female,0,1,0,0.9937942,High Risk,764
710,43,2,140080.32,3,157908.19,Germany,Male,1,1,1,0.2942497,Low Risk,765
710,27,2,135277.96,1,142200.15,Spain,Female,0,1,0,0.97172,High Risk,766
700,82,2,0.0,2,182055.36,France,Female,1,0,0,0.8604298,High Risk,767
720,60,9,115920.62,2,157552.08,Germany,Male,0,0,1,0.98299545,High Risk,768
684,41,2,119782.72,2,120284.67,Spain,Male,0,0,0,0.94784606,High Risk,769
531,63,1,114715.71,1,24506.95,France,Female,1,0,1,0.85674465,High Risk,770
742,36,2,129748.54,2,47271.61,Germany,Female,0,0,1,0.9891672,High Risk,771
717,31,4,129722.57,1,41176.6,France,Male,0,0,0,0.99042845,High Risk,772
589,32,2,0.0,2,9468.64,France,Male,1,0,0,0.6340477,Medium Risk,773
767,36,3,139180.2,1,123880.19,France,Male,0,0,0,0.97911686,High Risk,774
636,49,6,113599.74,2,158887.09,Germany,Male,0,1,1,0.968322,High Risk,775
648,33,7,134944.0,1,117036.38,France,Male,1,1,0,0.53327465,Medium Risk,776
622,58,7,116922.25,1,120415.61,Germany,Female,0,1,1,0.9798269,High Risk,777
692,28,9,118945.09,1,16064.25,Spain,Male,0,0,1,0.991846,High Risk,778
754,28,8,0.0,2,52615.62,France,Male,1,1,0,0.6930205,Medium Risk,779
679,35,8,119182.73,1,121210.09,Spain,Female,0,0,0,0.987301,High Risk,780
639,27,8,0.0,2,192247.35,France,Male,0,1,0,0.9838238,High Risk,781
774,28,1,71264.02,2,68759.57,France,Female,1,0,0,0.8855648,High Risk,782
517,41,2,0.0,2,75937.47,France,Male,1,0,0,0.633746,Medium Risk,783
571,35,8,0.0,2,84569.13,France,Female,0,0,0,0.9990121,High Risk,784
747,58,7,116313.57,1,190696.35,Germany,Male,1,1,1,0.48069128,Medium Risk,785
792,36,5,92140.15,1,67468.67,Spain,Male,1,0,0,0.8840142,High Risk,786
688,26,1,0.0,2,104435.94,France,Male,1,1,0,0.8846788,High Risk,787
714,42,2,177640.09,1,47166.55,Germany,Male,1,0,0,0.74707115,High Risk,788
562,35,0,0.0,2,119899.52,Spain,Female,0,1,0,0.99562436,High Risk,789
704,48,8,167997.6,1,173498.45,Spain,Male,1,1,0,0.34901834,Low Risk,790
698,36,2,82275.35,2,93249.26,France,Male,1,1,0,0.48877782,Medium Risk,791
611,49,3,0.0,2,142917.54,France,Male,1,1,0,0.43144652,Medium Risk,792
850,48,6,111962.99,1,111755.8,Germany,Female,0,1,0,0.9964934,High Risk,793
743,34,1,131736.88,1,108543.21,Germany,Female,1,1,0,0.770734,High Risk,794
654,29,1,0.0,1,180345.44,France,Male,0,1,0,0.997898,High Risk,795
761,36,8,108239.11,2,99444.02,Germany,Male,0,0,0,0.9935371,High Risk,796
702,46,9,98444.19,1,109563.28,France,Female,1,0,0,0.6710051,Medium Risk,797
488,32,3,114540.38,1,92568.07,Germany,Male,0,1,0,0.9854952,High Risk,798
683,35,6,187530.66,2,37976.36,France,Female,1,1,0,0.75172174,High Risk,799
601,42,9,133636.16,1,103315.74,Germany,Female,1,0,0,0.8477107,High Risk,800
605,52,7,0.0,2,173952.5,France,Male,1,1,0,0.43144652,Medium Risk,801
671,44,0,84745.03,2,34673.98,Germany,Female,1,0,0,0.9125561,High Risk,802
614,31,7,120599.38,2,46163.44,Germany,Female,1,1,0,0.7776182,High Risk,803
511,29,9,0.0,2,140676.98,Spain,Female,1,0,0,0.67256165,Medium Risk,804
850,39,4,127771.35,2,151738.54,France,Male,1,0,0,0.7889046,High Risk,805
790,46,9,0.0,1,14679.81,Spain,Female,0,0,1,0.9994336,High Risk,806
793,33,0,0.0,1,175544.02,France,Female,0,0,0,0.99938715,High Risk,807
628,69,5,0.0,2,181964.6,France,Male,1,1,0,0.5294213,Medium Risk,808
598,53,10,167772.96,1,136886.86,Germany,Male,1,1,0,0.48069128,Medium Risk,809
657,37,6,95845.6,1,122218.23,France,Female,0,1,0,0.9805135,High Risk,810
618,35,10,0.0,2,180439.75,France,Female,0,1,0,0.9961876,High Risk,811
681,65,7,134714.7,2,190419.81,Spain,Male,1,0,0,0.46068582,Medium Risk,812
516,33,3,0.0,2,58685.59,Spain,Female,1,1,0,0.70076746,High Risk,813
421,28,8,122384.22,3,89017.38,Germany,Male,1,1,1,0.6746711,Medium Risk,814
700,26,2,0.0,2,50051.42,France,Female,0,0,0,0.99881375,High Risk,815
745,25,5,157993.15,2,146041.45,France,Male,0,1,0,0.97418165,High Risk,816
696,29,8,0.0,2,191166.09,France,Male,0,1,0,0.9838238,High Risk,817
580,42,2,123331.36,1,103516.08,Germany,Female,0,0,1,0.9936342,High Risk,818
497,27,9,75263.16,1,164825.04,Spain,Male,1,1,0,0.3508252,Low Risk,819
720,43,6,137824.03,2,172557.77,France,Female,0,1,0,0.9805135,High Risk,820
659,36,4,132578.92,2,84320.94,Germany,Male,0,1,0,0.9886742,High Risk,821
841,36,5,156021.31,1,122662.98,France,Female,0,0,0,0.99494725,High Risk,822
642,34,8,0.0,1,72085.1,Spain,Male,0,1,0,0.9558681,High Risk,823
732,69,9,137453.43,1,110932.24,Spain,Female,1,0,1,0.63103765,Medium Risk,824
600,36,4,0.0,2,143635.36,Spain,Male,0,1,0,0.9599864,High Risk,825
464,33,8,164284.72,2,3710.34,Germany,Male,1,1,0,0.6561557,Medium Risk,826
680,47,5,0.0,2,179843.33,France,Female,1,1,0,0.74590164,High Risk,827
758,56,1,0.0,2,10643.38,Spain,Male,1,1,0,0.8126603,High Risk,828
630,31,2,112373.49,2,131167.98,Germany,Female,1,1,0,0.43826345,Medium Risk,829
577,39,10,0.0,2,10553.31,France,Female,0,1,0,0.9982835,High Risk,830
684,34,6,0.0,2,130928.22,France,Female,1,1,0,0.74590164,High Risk,831
708,41,5,0.0,1,157003.99,Spain,Female,1,0,0,0.5881292,Medium Risk,832
732,29,1,154333.82,1,138527.56,Germany,Female,1,1,0,0.6376084,Medium Risk,833
634,37,3,111432.77,2,167032.49,Germany,Male,1,1,0,0.48069128,Medium Risk,834
633,30,6,0.0,2,41642.29,France,Female,0,0,0,0.99900514,High Risk,835
559,34,2,137390.11,2,9677.0,France,Male,0,1,0,0.9728212,High Risk,836
694,37,3,0.0,2,147012.22,Spain,Female,1,1,0,0.4505659,Medium Risk,837
686,56,5,111642.08,1,80553.87,Germany,Female,1,1,0,0.79087275,High Risk,838
553,48,3,0.0,1,30730.95,Spain,Female,1,0,1,0.7591219,High Risk,839
507,36,4,83543.37,1,140134.43,France,Male,0,0,0,0.97911686,High Risk,840
732,50,6,145338.76,1,91936.1,Germany,Male,0,0,1,0.993979,High Risk,841
818,31,1,186796.37,1,178252.63,France,Female,0,0,0,0.99212825,High Risk,842
660,35,8,58641.43,1,198674.08,Germany,Male,1,0,0,0.67683434,Medium Risk,843
773,41,5,0.0,1,28266.9,Spain,Female,0,1,1,0.99639374,High Risk,844
640,44,3,137148.68,1,92381.01,France,Male,0,1,0,0.9816821,High Risk,845
505,49,7,80001.23,1,135180.11,France,Male,0,0,0,0.97911686,High Risk,846
714,21,6,86402.52,2,27330.59,Germany,Male,0,0,0,0.99328107,High Risk,847
468,42,5,0.0,2,125305.34,France,Female,0,1,0,0.9973182,High Risk,848
611,51,1,122874.74,1,149648.45,Spain,Male,1,1,0,0.6269217,Medium Risk,849
705,25,0,97544.29,1,59887.15,France,Male,1,0,0,0.8682965,High Risk,850
646,46,1,170826.55,2,45041.32,Germany,Male,0,1,0,0.98933476,High Risk,851
667,48,1,97133.92,2,113316.77,Germany,Female,0,0,1,0.99572986,High Risk,852
511,41,8,153895.65,1,39087.42,Germany,Female,1,1,0,0.7450699,High Risk,853
653,43,6,0.0,2,7330.59,France,Female,1,1,0,0.86725354,High Risk,854
675,57,8,0.0,2,95463.29,France,Female,1,0,0,0.9191023,High Risk,855
523,32,4,0.0,2,167848.02,Spain,Male,0,1,0,0.9599864,High Risk,856
567,49,5,134956.02,1,93953.84,Germany,Female,0,1,1,0.9908222,High Risk,857
741,39,7,143637.58,2,174227.66,Spain,Male,1,0,0,0.50345665,Medium Risk,858
456,32,9,147506.25,1,135399.21,Spain,Male,1,1,0,0.39078698,Low Risk,859
598,64,1,0.0,2,195635.3,France,Male,0,1,1,0.9976471,High Risk,860
667,43,8,190227.46,1,97508.04,France,Male,0,1,1,0.9859346,High Risk,861
548,32,2,172448.77,1,188083.77,France,Female,0,1,1,0.9805135,High Risk,862
725,41,7,113980.21,1,116704.25,France,Male,1,1,0,0.48848805,Medium Risk,863
717,53,6,0.0,2,97614.87,France,Male,1,0,0,0.7459995,High Risk,864
594,38,4,0.0,2,186884.04,France,Male,0,0,0,0.9934088,High Risk,865
678,25,10,76968.12,2,131501.72,Germany,Female,1,0,0,0.7770656,High Risk,866
545,38,1,88293.13,2,24302.95,France,Male,1,1,0,0.8375982,High Risk,867
636,48,1,170833.46,1,110510.28,France,Female,0,1,1,0.98289686,High Risk,868
603,44,6,108122.39,2,108488.33,Germany,Male,0,1,1,0.9854952,High Risk,869
435,36,4,0.0,1,197015.2,France,Male,1,1,0,0.43144652,Medium Risk,870
535,40,8,0.0,1,27689.77,France,Female,1,1,0,0.8662853,High Risk,871
629,45,7,129818.39,3,9217.55,Germany,Female,0,1,1,0.9918955,High Risk,872
722,35,2,163943.89,2,15068.18,France,Female,1,1,0,0.51568335,Medium Risk,873
561,28,7,0.0,2,7797.01,France,Male,0,1,0,0.9926664,High Risk,874
645,38,5,101430.3,2,4400.32,France,Female,1,0,0,0.778486,High Risk,875
501,39,9,117301.66,1,182025.95,France,Female,0,0,0,0.98895055,High Risk,876
502,32,1,173340.83,1,122763.95,Germany,Female,1,0,0,0.74095243,High Risk,877
652,42,4,0.0,2,38152.01,Spain,Female,1,1,0,0.70076746,High Risk,878
574,33,3,134348.57,1,63163.99,France,Female,0,1,0,0.9930889,High Risk,879
518,45,9,105525.65,2,73418.29,France,Female,1,1,0,0.75304174,High Risk,880
749,60,6,0.0,1,17978.68,France,Female,0,1,1,0.99879324,High Risk,881
679,43,4,0.0,3,115136.51,France,Female,0,1,1,0.9973182,High Risk,882
565,36,6,106192.1,1,149575.59,France,Male,0,1,0,0.9692657,High Risk,883
643,45,4,45144.43,1,60917.24,France,Female,0,1,1,0.9930889,High Risk,884
515,65,7,92113.61,1,142548.33,France,Male,1,1,0,0.4458471,Medium Risk,885
521,25,7,0.0,2,157878.67,France,Male,1,1,0,0.44150388,Medium Risk,886
739,38,0,128366.44,1,12796.43,Spain,Male,0,1,0,0.9823926,High Risk,887
585,42,2,0.0,2,18657.77,France,Male,1,1,0,0.49874982,Medium Risk,888
733,74,3,106545.53,1,134589.58,Germany,Male,1,1,0,0.37351337,Low Risk,889
542,43,8,145618.37,1,10350.74,France,Female,1,0,0,0.778486,High Risk,890
788,37,8,141541.25,1,66013.27,Spain,Male,0,0,0,0.9972518,High Risk,891
435,32,2,57017.06,2,5907.11,Germany,Male,1,1,0,0.48445255,Medium Risk,892
577,42,9,0.0,1,74077.91,France,Male,0,1,0,0.99597067,High Risk,893
703,51,3,0.0,3,77294.56,France,Female,1,1,1,0.8316187,High Risk,894
728,35,8,125884.95,2,54359.02,Germany,Female,0,1,1,0.9922633,High Risk,895
728,32,5,61825.5,1,156124.93,Germany,Male,1,1,0,0.48069128,Medium Risk,896
718,35,8,0.0,2,94820.85,France,Male,0,1,0,0.9926569,High Risk,897
621,40,6,0.0,1,155155.25,France,Female,0,1,0,0.9973182,High Risk,898
523,40,2,102967.41,1,128702.1,France,Female,0,1,1,0.974664,High Risk,899
657,25,2,171770.55,1,22745.5,Germany,Male,0,1,0,0.98718333,High Risk,900
727,40,1,93051.64,2,71865.31,Germany,Male,0,1,1,0.99173766,High Risk,901
643,36,7,161064.64,2,84294.82,France,Male,1,0,0,0.7593675,High Risk,902
645,48,7,90612.34,1,149139.13,France,Female,1,1,0,0.5783935,Medium Risk,903
568,28,5,145105.64,2,185489.11,France,Male,0,1,0,0.97418165,High Risk,904
599,58,4,0.0,1,176407.15,France,Male,0,0,1,0.9934088,High Risk,905
672,45,9,0.0,1,92027.69,France,Female,1,1,1,0.8671039,High Risk,906
685,33,6,174912.72,1,43932.54,France,Male,1,1,0,0.71604556,High Risk,907
516,46,1,104947.72,1,115789.25,France,Female,0,1,1,0.98289686,High Risk,908
685,31,10,135213.71,1,125777.28,Spain,Male,1,1,0,0.39078698,Low Risk,909
806,25,7,0.0,2,18461.9,Spain,Male,0,1,0,0.9926649,High Risk,910
604,36,6,116229.85,2,79633.38,France,Male,1,1,0,0.6797588,Medium Risk,911
648,53,6,111201.41,1,121542.29,Spain,Female,1,1,0,0.43738797,Medium Risk,912
545,32,4,0.0,1,94739.2,Spain,Female,0,1,0,0.9920753,High Risk,913
756,27,1,131899.0,1,93302.29,Germany,Male,0,1,0,0.9926138,High Risk,914
569,35,10,124525.52,1,193793.78,France,Male,1,1,0,0.53327465,Medium Risk,915
596,47,6,0.0,1,74835.65,France,Male,0,1,0,0.99597067,High Risk,916
475,39,6,0.0,1,56999.9,France,Male,1,1,1,0.68425333,Medium Risk,917
646,45,3,47134.75,1,57236.44,France,Female,1,1,0,0.7497031,High Risk,918
784,35,3,0.0,2,81483.64,Spain,Male,0,0,0,0.99490404,High Risk,919
552,45,9,0.0,2,26752.56,Spain,Male,0,1,0,0.9814641,High Risk,920
729,44,5,0.0,2,9200.54,France,Male,1,0,0,0.74624574,High Risk,921
609,61,1,0.0,1,22447.85,Spain,Male,0,1,1,0.99615955,High Risk,922
555,51,5,0.0,3,189122.89,France,Male,0,1,1,0.9885787,High Risk,923
572,19,1,138657.08,1,16161.82,Germany,Female,1,1,0,0.82591856,High Risk,924
785,34,9,70302.48,1,68600.36,France,Female,1,1,0,0.9250282,High Risk,925
714,36,1,101609.01,2,447.73,Germany,Female,1,1,0,0.7441426,High Risk,926
738,35,3,0.0,1,15650.73,Spain,Male,1,1,0,0.27978507,Low Risk,927
639,38,5,130170.82,1,149599.62,Germany,Male,1,1,0,0.48069128,Medium Risk,928
520,61,8,133802.29,2,90304.01,Germany,Male,1,1,0,0.63414425,Medium Risk,929
764,24,7,106234.02,1,115676.38,France,Female,0,0,0,0.98895055,High Risk,930
661,39,6,132628.98,1,38812.67,Spain,Male,0,0,0,0.991396,High Risk,931
564,41,9,103522.75,2,34338.21,Germany,Male,1,1,0,0.7096556,High Risk,932
708,42,8,192390.52,2,823.36,Germany,Female,0,1,0,0.99273163,High Risk,933
512,36,1,0.0,1,135482.26,Spain,Male,1,0,1,0.772414,High Risk,934
592,37,9,0.0,3,10656.89,Spain,Male,1,1,0,0.21443267,Low Risk,935
619,38,3,0.0,2,116467.35,France,Female,1,0,0,0.83637416,High Risk,936
775,52,8,109922.61,1,96823.32,France,Male,1,1,1,0.7317037,High Risk,937
850,44,5,128605.32,1,171096.2,Germany,Female,1,0,0,0.8682848,High Risk,938
577,37,4,0.0,1,79881.39,France,Female,1,1,0,0.8671039,High Risk,939
724,37,10,68598.56,1,157862.82,France,Female,0,1,0,0.98366064,High Risk,940
710,35,1,106518.52,1,127951.81,Spain,Male,1,1,0,0.6269217,Medium Risk,941
696,31,8,0.0,2,191074.11,France,Female,0,0,0,0.9978071,High Risk,942
376,46,6,0.0,1,157333.69,France,Female,0,1,1,0.9973182,High Risk,943
675,29,8,121326.42,1,133457.52,Germany,Female,0,1,0,0.9830831,High Risk,944
745,36,8,67226.37,1,130789.6,France,Male,0,1,0,0.97418165,High Risk,945
697,25,5,82931.85,2,128373.88,Spain,Female,1,1,0,0.5196995,Medium Risk,946
599,39,4,0.0,1,194273.2,Spain,Female,0,1,1,0.9920753,High Risk,947
715,38,5,118590.41,1,5684.17,France,Female,1,1,1,0.7027262,High Risk,948
659,67,4,145981.87,1,131043.2,France,Male,1,1,0,0.38084665,Low Risk,949
684,48,3,73309.38,1,21228.34,France,Female,0,0,1,0.99310863,High Risk,950
635,48,8,130796.33,2,43250.3,France,Female,1,1,0,0.75172174,High Risk,951
789,33,8,151607.56,1,4389.4,Germany,Male,0,1,0,0.99589443,High Risk,952
571,66,9,111577.01,1,189271.9,Germany,Female,1,0,0,0.7444629,High Risk,953
694,39,0,107042.74,1,102284.2,Spain,Male,1,1,0,0.62754667,Medium Risk,954
665,42,2,156371.61,2,156774.94,Spain,Female,1,0,1,0.39839777,Low Risk,955
706,44,4,129605.99,1,69865.49,France,Female,0,0,0,0.9953408,High Risk,956
807,43,0,0.0,2,85523.24,Spain,Female,1,0,0,0.8389572,High Risk,957
771,67,8,0.0,2,51219.8,Spain,Female,1,1,0,0.82741183,High Risk,958
531,27,8,132576.25,1,7222.92,Spain,Male,0,0,0,0.991846,High Risk,959
629,37,6,129101.3,1,23971.33,France,Female,1,1,0,0.7027262,High Risk,960
850,31,1,108822.4,1,132173.31,Germany,Female,1,1,0,0.69051373,Medium Risk,961
685,35,4,137948.51,1,113639.64,Spain,Male,0,1,0,0.95522803,High Risk,962
642,32,7,100433.8,1,39768.59,Spain,Male,1,1,0,0.64687574,Medium Risk,963
529,63,4,96134.11,3,108732.96,Spain,Male,0,1,1,0.9422351,High Risk,964
683,43,4,115888.04,1,117349.19,Germany,Female,1,1,1,0.7464134,High Risk,965
663,42,5,124626.07,1,78004.5,France,Female,1,1,0,0.7966556,High Risk,966
563,34,6,139810.34,1,152417.79,France,Female,1,1,0,0.5783935,Medium Risk,967
637,34,9,0.0,2,26057.08,Spain,Female,0,0,0,0.9970505,High Risk,968
544,37,3,84496.71,1,79972.09,France,Male,0,0,0,0.99049544,High Risk,969
649,70,9,116854.71,2,107125.79,Germany,Male,1,0,0,0.76624364,High Risk,970
638,48,10,138333.03,1,47679.14,France,Female,1,1,0,0.75172174,High Risk,971
723,25,3,0.0,2,134509.47,France,Male,1,1,0,0.5939126,Medium Risk,972
635,43,5,78992.75,2,153265.31,Germany,Male,0,0,0,0.98299545,High Risk,973
750,38,7,97257.41,2,179883.04,Spain,Female,1,0,0,0.59517825,Medium Risk,974
730,34,5,122453.37,2,138882.98,France,Male,0,1,0,0.9692657,High Risk,975
750,36,8,112940.07,1,9855.81,Spain,Female,1,0,0,0.7519233,High Risk,976
586,43,8,132558.26,1,67046.83,France,Female,0,1,1,0.9930889,High Risk,977
520,38,4,0.0,2,56388.63,France,Female,0,1,0,0.99905926,High Risk,978
652,48,8,133297.24,1,77764.37,France,Female,0,1,0,0.9930889,High Risk,979
550,46,7,0.0,2,130590.35,France,Female,0,1,0,0.9973182,High Risk,980
594,27,0,197041.8,1,151912.49,France,Male,0,0,0,0.977382,High Risk,981
749,44,0,71497.79,2,151083.8,Germany,Female,0,0,0,0.9903812,High Risk,982
668,32,7,0.0,2,777.37,France,Male,1,1,0,0.5697729,Medium Risk,983
614,35,6,128100.28,1,69454.24,Germany,Female,0,0,1,0.9962023,High Risk,984
773,25,1,124532.78,2,11723.57,France,Male,1,0,0,0.7977632,High Risk,985
551,31,9,82293.82,2,91565.25,Germany,Male,1,1,0,0.7111133,High Risk,986
566,36,1,142120.91,1,79616.37,France,Male,0,1,0,0.9897314,High Risk,987
569,34,0,151839.26,1,102299.81,Spain,Male,0,1,1,0.9516067,High Risk,988
659,31,7,149620.88,2,104533.51,Spain,Male,1,1,0,0.39078698,Low Risk,989
722,49,3,168197.66,1,140765.57,France,Female,0,1,1,0.974664,High Risk,990
655,37,5,93147.0,2,66214.13,France,Male,0,1,0,0.98901844,High Risk,991
615,35,2,97440.02,2,139816.1,France,Female,1,1,0,0.381927,Low Risk,992
752,42,3,65046.08,2,140139.28,Germany,Female,1,0,0,0.6569083,Medium Risk,993
661,28,7,95357.49,1,102297.15,Spain,Female,0,0,0,0.987301,High Risk,994
838,43,9,123105.88,2,145765.83,Spain,Male,0,1,0,0.9825052,High Risk,995
610,29,9,0.0,3,83912.24,Spain,Male,1,0,0,0.24048276,Low Risk,996
811,44,3,0.0,2,78439.73,Spain,Male,1,0,0,0.5868497,Medium Risk,997
587,62,7,121286.27,1,6776.92,Spain,Male,1,0,0,0.5954517,Medium Risk,998
811,28,4,167738.82,2,9903.42,Germany,Female,1,1,0,0.87479997,High Risk,999
759,38,1,104091.29,1,91561.91,France,Female,0,0,0,0.9959182,High Risk,1000
648,42,8,121980.56,2,4027.02,Germany,Female,0,1,0,0.9918955,High Risk,1001
788,43,10,0.0,2,116111.51,France,Female,1,1,0,0.90945953,High Risk,1002
725,39,1,50880.98,2,184023.54,Germany,Male,1,1,0,0.7436671,High Risk,1003
646,42,3,175159.9,2,67124.48,France,Female,0,0,1,0.99391454,High Risk,1004
601,26,7,105514.69,2,50070.59,Germany,Female,0,1,0,0.9922633,High Risk,1005
521,52,5,116497.31,3,53793.1,Germany,Male,0,0,1,0.99222285,High Risk,1006
561,33,6,0.0,2,45261.47,Spain,Female,0,1,0,0.9978529,High Risk,1007
564,42,7,99824.45,1,36721.4,France,Male,1,1,0,0.67821443,Medium Risk,1008
444,45,6,0.0,1,130009.85,France,Male,0,1,1,0.9885787,High Risk,1009
650,71,0,0.0,1,175380.77,Spain,Male,1,1,0,0.51371706,Medium Risk,1010
724,40,10,0.0,1,127847.25,France,Male,0,1,1,0.9838238,High Risk,1011
719,35,3,122964.88,1,138231.7,Spain,Male,1,1,0,0.34901834,Low Risk,1012
548,29,4,0.0,2,48673.18,France,Female,1,0,0,0.9584956,High Risk,1013
635,24,4,0.0,2,70668.77,Spain,Male,1,1,0,0.18938126,Low Risk,1014
496,43,3,0.0,2,199505.53,Spain,Female,1,0,0,0.5881292,Medium Risk,1015
676,37,5,89634.69,1,169583.18,France,Female,1,1,1,0.5783935,Medium Risk,1016
541,40,7,95710.11,2,49063.42,Germany,Male,0,1,0,0.9853935,High Risk,1017
778,41,7,139706.31,1,63337.19,Germany,Male,0,1,0,0.9886742,High Risk,1018
850,45,5,103909.86,1,60083.11,Germany,Female,0,1,1,0.99646854,High Risk,1019
633,31,1,0.0,1,48606.71,France,Male,0,1,0,0.9990465,High Risk,1020
625,49,6,173434.9,1,165580.93,France,Male,0,1,1,0.9692657,High Risk,1021
485,32,6,102238.01,2,194010.12,Spain,Male,1,1,0,0.39078698,Low Risk,1022
547,48,1,179380.74,2,69263.1,France,Female,1,0,0,0.8693199,High Risk,1023
642,32,3,0.0,2,88698.83,France,Male,1,1,0,0.6277947,Medium Risk,1024
718,25,4,108691.95,1,63030.97,France,Female,0,1,0,0.99421704,High Risk,1025
582,32,4,0.0,2,59668.81,France,Female,0,1,0,0.99905926,High Risk,1026
628,33,6,0.0,2,184230.23,France,Male,0,0,0,0.994922,High Risk,1027
737,35,0,133377.8,1,64050.19,Germany,Male,1,0,0,0.9464969,High Risk,1028
828,34,9,0.0,2,81853.98,Spain,Male,1,1,0,0.36434683,Low Risk,1029
609,53,10,0.0,1,154642.91,Spain,Male,1,1,0,0.14860974,Low Risk,1030
730,39,1,116537.6,1,145679.6,France,Male,0,0,0,0.9847254,High Risk,1031
631,22,3,0.0,2,30781.77,France,Female,0,0,0,0.99900514,High Risk,1032
830,40,4,0.0,2,81622.52,Spain,Male,1,0,0,0.5868497,Medium Risk,1033
645,29,1,130131.08,2,196474.35,France,Male,1,0,0,0.695983,Medium Risk,1034
663,46,3,0.0,2,176276.1,France,Male,1,0,0,0.5692201,Medium Risk,1035
678,30,0,0.0,1,35113.08,Spain,Male,0,1,0,0.9967894,High Risk,1036
521,30,2,107316.09,1,64299.82,France,Male,0,1,0,0.98901844,High Risk,1037
625,24,1,0.0,2,180969.55,France,Female,1,1,0,0.9007995,High Risk,1038
523,30,1,83181.29,1,138176.78,France,Male,1,1,0,0.7701789,High Risk,1039
714,72,3,0.0,1,86733.61,France,Female,1,1,0,0.9449375,High Risk,1040
580,67,3,153946.14,1,7418.92,Spain,Male,1,1,0,0.37305662,Low Risk,1041
722,30,5,0.0,2,166376.54,France,Male,0,1,0,0.99119097,High Risk,1042
630,39,7,135483.17,1,140881.2,Spain,Female,0,1,1,0.97172,High Risk,1043
579,35,1,0.0,2,4460.2,France,Male,0,1,0,0.9989415,High Risk,1044
670,38,4,119624.54,2,110472.12,France,Female,1,1,0,0.5783935,Medium Risk,1045
588,34,6,121132.26,2,86460.28,Spain,Male,0,1,0,0.95522803,High Risk,1046
807,42,1,0.0,1,16500.66,Spain,Female,0,1,1,0.99875057,High Risk,1047
726,48,4,0.0,1,114020.06,France,Female,0,1,1,0.9973182,High Risk,1048
812,25,5,54817.55,1,131660.31,Germany,Male,0,1,0,0.98971915,High Risk,1049
631,40,3,107949.45,1,52449.62,Germany,Male,0,1,1,0.9853935,High Risk,1050
682,30,4,0.0,1,161465.31,France,Male,1,0,0,0.5692201,Medium Risk,1051
625,49,2,80816.45,1,20018.79,Spain,Female,1,1,0,0.56742984,Medium Risk,1052
607,38,3,98205.77,1,176318.27,Germany,Male,0,1,0,0.968322,High Risk,1053
600,50,6,94684.27,1,50488.91,Spain,Female,1,1,0,0.6894544,Medium Risk,1054
602,22,7,141604.76,1,30379.6,Spain,Female,0,1,0,0.9871737,High Risk,1055
545,74,3,0.0,2,161326.73,Spain,Female,1,1,0,0.6266928,Medium Risk,1056
675,33,3,0.0,2,45348.08,Spain,Male,0,1,0,0.9856145,High Risk,1057
581,47,1,122949.14,1,180251.68,France,Female,0,0,1,0.9884311,High Risk,1058
640,33,8,81677.22,2,34925.56,Germany,Male,0,0,0,0.9934915,High Risk,1059
850,38,7,80293.98,1,126555.74,France,Male,0,0,0,0.9919624,High Risk,1060
490,48,8,155413.06,1,187921.3,Spain,Female,0,1,0,0.97172,High Risk,1061
710,38,4,0.0,2,136390.88,Spain,Female,1,1,0,0.4505659,Medium Risk,1062
613,38,9,67111.65,1,78566.64,Germany,Male,0,1,1,0.9905161,High Risk,1063
812,34,5,103818.43,1,166038.27,France,Male,1,1,0,0.7154053,High Risk,1064
723,20,4,0.0,2,140385.33,France,Female,1,1,0,0.8085209,High Risk,1065
512,36,4,152169.12,2,38629.3,France,Male,0,0,1,0.99042845,High Risk,1066
731,52,10,0.0,1,24998.75,France,Female,1,1,1,0.8662853,High Risk,1067
650,26,4,214346.96,2,128815.33,Germany,Male,0,1,0,0.9733847,High Risk,1068
594,57,6,0.0,1,19376.56,France,Male,0,1,1,0.99483573,High Risk,1069
844,40,7,113348.14,1,31904.31,France,Male,0,1,1,0.9945714,High Risk,1070
686,47,5,170935.94,1,173179.79,Germany,Female,0,1,1,0.9798269,High Risk,1071
695,52,8,103023.26,1,22485.64,Germany,Male,1,1,0,0.61463976,Medium Risk,1072
624,23,6,0.0,2,196668.51,Spain,Female,1,0,0,0.67256165,Medium Risk,1073
503,37,6,0.0,2,136506.86,Spain,Male,0,0,0,0.97662234,High Risk,1074
535,31,7,111855.04,2,36278.89,France,Female,1,1,0,0.78366745,High Risk,1075
743,32,6,140348.56,2,163254.39,Germany,Female,1,1,0,0.6130632,Medium Risk,1076
702,39,8,0.0,2,99654.13,Spain,Male,0,1,0,0.9599864,High Risk,1077
658,29,3,145512.84,1,20207.02,France,Male,0,1,0,0.9875723,High Risk,1078
677,41,8,146720.98,2,4195.84,Germany,Female,1,1,0,0.6952937,Medium Risk,1079
664,32,10,107209.73,1,112340.2,France,Male,1,1,0,0.53327465,Medium Risk,1080
766,38,7,130933.74,1,2035.94,Germany,Female,1,0,0,0.82805556,High Risk,1081
461,35,8,0.0,1,132295.95,Spain,Female,0,1,0,0.98875964,High Risk,1082
688,36,0,89772.3,1,177383.68,Spain,Male,0,1,1,0.9516067,High Risk,1083
678,32,5,0.0,2,90284.47,France,Female,0,1,0,0.99879164,High Risk,1084
796,24,8,0.0,2,61349.37,France,Male,0,1,0,0.9978175,High Risk,1085
803,42,5,0.0,1,196466.83,France,Male,0,1,1,0.99563,High Risk,1086
712,36,2,100749.5,3,70758.37,France,Male,0,0,1,0.98368937,High Risk,1087
498,31,10,0.0,2,13892.57,France,Female,0,1,0,0.9982835,High Risk,1088
850,22,2,0.0,2,9684.52,Spain,Male,1,1,0,0.6160419,Medium Risk,1089
628,51,3,123981.31,2,40546.15,France,Female,1,1,0,0.69832283,Medium Risk,1090
539,34,4,91622.42,1,136603.42,Germany,Female,1,1,0,0.5697558,Medium Risk,1091
732,36,7,126195.81,1,133172.48,France,Male,1,1,0,0.48848805,Medium Risk,1092
715,41,4,94267.9,1,152821.12,France,Male,1,0,1,0.5867379,Medium Risk,1093
651,40,4,0.0,2,147715.83,France,Male,1,1,0,0.43144652,Medium Risk,1094
813,34,0,0.0,2,43169.15,France,Male,0,1,0,0.99916697,High Risk,1095
692,29,4,0.0,1,76755.99,France,Male,0,1,1,0.99597067,High Risk,1096
756,39,3,100717.85,3,73406.04,Germany,Female,1,1,1,0.69021547,Medium Risk,1097
543,36,6,0.0,2,176728.28,France,Male,0,1,0,0.9885787,High Risk,1098
790,26,4,141581.71,2,98309.27,France,Female,0,0,0,0.9985159,High Risk,1099
494,38,7,0.0,2,6203.66,Spain,Male,1,1,0,0.27978507,Low Risk,1100
850,39,2,148586.64,1,176791.27,France,Female,1,1,0,0.73410094,High Risk,1101
703,29,9,0.0,2,50679.48,Spain,Male,0,1,0,0.97965086,High Risk,1102
432,38,7,0.0,2,150580.88,Spain,Male,0,1,0,0.9599864,High Risk,1103
512,32,2,123403.85,2,80120.19,Germany,Female,0,1,0,0.9845212,High Risk,1104
589,28,7,0.0,2,151645.96,France,Male,0,1,0,0.9838238,High Risk,1105
514,46,3,106511.85,1,55072.32,France,Female,0,1,0,0.9909797,High Risk,1106
678,38,2,0.0,2,115068.99,France,Female,0,0,0,0.9973857,High Risk,1107
420,34,1,135549.9,1,149471.13,Germany,Female,0,0,1,0.990558,High Risk,1108
679,38,7,110555.37,2,46522.68,Germany,Male,0,1,0,0.9853935,High Risk,1109
595,31,4,0.0,2,189995.86,France,Male,0,1,0,0.9885787,High Risk,1110
713,52,0,185891.54,1,46369.57,France,Female,1,1,1,0.85111773,High Risk,1111
833,59,1,130854.59,1,30722.52,Germany,Male,1,1,1,0.90426445,High Risk,1112
690,42,3,92578.14,2,70810.6,France,Female,0,0,0,0.99391454,High Risk,1113
731,21,8,132312.06,1,106663.46,Germany,Female,0,1,1,0.99095577,High Risk,1114
608,62,8,144976.5,1,175836.03,France,Female,0,0,1,0.98680854,High Risk,1115
479,48,5,87070.23,1,85646.41,Spain,Male,1,0,0,0.50345665,Medium Risk,1116
519,42,8,0.0,2,101485.72,France,Male,1,1,0,0.6277947,Medium Risk,1117
731,47,1,115414.19,3,191734.67,France,Female,0,0,1,0.9884311,High Risk,1118
617,61,7,91070.43,1,101839.77,Spain,Male,1,1,0,0.31114635,Low Risk,1119
756,29,2,117412.19,2,4888.91,Spain,Male,0,1,0,0.9693936,High Risk,1120
848,31,4,90018.45,2,193132.98,Germany,Male,0,1,0,0.9877243,High Risk,1121
809,24,4,0.0,2,193518.76,France,Female,0,1,0,0.9985482,High Risk,1122
698,56,1,112414.81,2,93982.02,Germany,Male,0,0,1,0.99437165,High Risk,1123
779,33,1,158456.76,1,197000.92,Germany,Male,1,1,1,0.76460683,High Risk,1124
606,35,7,0.0,1,106837.06,Spain,Male,0,1,1,0.96893287,High Risk,1125
612,58,1,149641.53,1,115161.28,Germany,Female,1,1,0,0.770734,High Risk,1126
663,33,8,122528.18,1,196260.3,Spain,Female,0,1,0,0.976253,High Risk,1127
549,45,3,143734.01,2,96404.38,Germany,Female,1,1,0,0.6923401,Medium Risk,1128
675,32,2,155663.31,1,97658.66,France,Female,0,1,0,0.9911379,High Risk,1129
669,35,7,0.0,1,49108.23,France,Female,1,1,1,0.8938654,High Risk,1130
571,34,1,101736.66,1,195651.66,Germany,Female,1,0,0,0.74095243,High Risk,1131
500,37,9,125822.21,1,111698.0,Spain,Male,0,1,0,0.9623019,High Risk,1132
628,37,0,0.0,2,171707.93,France,Male,1,1,0,0.85029644,High Risk,1133
559,34,4,0.0,2,66721.98,France,Male,1,1,0,0.68425333,Medium Risk,1134
769,27,2,0.0,1,57876.05,France,Female,1,1,0,0.9449375,High Risk,1135
733,31,6,157791.07,2,177994.81,Germany,Male,0,0,0,0.98574764,High Risk,1136
750,22,5,0.0,2,105125.65,France,Male,1,0,0,0.5792172,Medium Risk,1137
583,42,4,0.0,2,17439.66,France,Female,0,1,0,0.99879324,High Risk,1138
468,42,9,181627.14,2,172668.39,Germany,Male,0,1,0,0.968322,High Risk,1139
727,57,1,109679.72,1,753.37,Spain,Female,1,0,0,0.7635372,High Risk,1140
618,37,5,96652.86,1,98686.4,France,Female,0,1,1,0.9911379,High Risk,1141
617,40,5,190008.32,2,107047.92,France,Male,1,1,0,0.48848805,Medium Risk,1142
793,41,9,0.0,2,152153.74,Spain,Male,0,1,0,0.9912621,High Risk,1143
630,43,9,0.0,2,34338.04,France,Male,1,1,0,0.6261376,Medium Risk,1144
765,43,4,148962.76,1,173878.87,Germany,Male,1,0,1,0.63643175,Medium Risk,1145
546,28,8,0.0,1,159254.29,France,Male,0,1,0,0.9838238,High Risk,1146
614,30,3,131344.52,2,54776.64,Germany,Female,0,1,0,0.99075764,High Risk,1147
593,29,5,101713.84,3,134594.99,Germany,Female,0,1,0,0.9830831,High Risk,1148
613,34,3,0.0,1,41724.72,Spain,Male,1,1,0,0.33265364,Low Risk,1149
655,38,4,0.0,2,110527.71,France,Male,0,0,0,0.9934088,High Risk,1150
700,27,6,137963.07,1,8996.79,France,Female,0,0,0,0.99558544,High Risk,1151
826,29,4,129938.07,1,190200.53,Spain,Female,1,0,0,0.81824625,High Risk,1152
652,45,2,151421.44,1,115333.43,Germany,Male,1,0,0,0.7484076,High Risk,1153
755,45,7,135643.0,1,143619.52,Germany,Female,0,0,1,0.9892306,High Risk,1154
538,39,2,122773.5,2,58467.08,Spain,Male,1,1,0,0.4081601,Medium Risk,1155
729,34,3,152303.8,1,12128.69,France,Male,0,1,0,0.9875723,High Risk,1156
615,49,3,0.0,2,49872.33,France,Male,1,1,0,0.6261376,Medium Risk,1157
700,54,1,79415.67,1,139735.54,Spain,Male,1,0,0,0.7606446,High Risk,1158
434,58,9,125801.03,2,60891.8,Germany,Female,0,1,1,0.9908222,High Risk,1159
729,37,10,0.0,2,100862.54,Spain,Male,0,1,0,0.9440024,High Risk,1160
513,35,8,0.0,1,76640.29,France,Male,0,1,1,0.9926569,High Risk,1161
755,41,6,104817.41,1,126013.58,France,Male,0,1,1,0.9692657,High Risk,1162
615,30,9,0.0,1,87347.82,France,Female,0,1,0,0.99828124,High Risk,1163
747,32,5,67495.04,2,77370.37,Germany,Female,1,0,0,0.8773291,High Risk,1164
850,36,0,164850.54,1,62722.44,France,Female,1,1,0,0.9160525,High Risk,1165
712,49,5,154776.42,2,196257.68,Germany,Female,0,0,0,0.9892306,High Risk,1166
622,28,1,143124.63,2,81723.8,Germany,Female,0,1,0,0.9919551,High Risk,1167
548,35,10,0.0,1,31299.71,France,Female,1,1,0,0.81989306,High Risk,1168
607,27,2,0.0,2,63495.86,France,Female,0,1,0,0.9984043,High Risk,1169
653,38,8,102133.38,1,166520.96,France,Female,1,1,0,0.62140924,Medium Risk,1170
699,26,6,79932.41,1,150242.44,Spain,Male,0,0,0,0.9797055,High Risk,1171
693,40,0,120711.73,1,27345.18,Germany,Male,0,0,1,0.9934285,High Risk,1172
647,43,3,122717.53,2,87000.39,Germany,Female,1,1,0,0.6923401,Medium Risk,1173
478,36,3,92363.3,2,44912.7,Spain,Female,0,1,0,0.98991185,High Risk,1174
705,40,5,203715.15,1,179978.68,Spain,Female,0,1,1,0.97172,High Risk,1175
719,39,5,0.0,2,145759.7,Spain,Male,0,1,0,0.9599864,High Risk,1176
726,34,9,0.0,2,14121.61,France,Male,0,0,0,0.99577516,High Risk,1177
626,21,1,0.0,2,66232.23,France,Male,0,1,0,0.999263,High Risk,1178
552,49,4,0.0,1,190296.76,France,Male,1,1,1,0.43144652,Medium Risk,1179
807,31,1,93460.47,2,172782.69,Germany,Female,0,0,0,0.99357986,High Risk,1180
621,34,6,0.0,2,99128.13,France,Male,1,1,0,0.6277947,Medium Risk,1181
651,24,7,40224.7,1,178341.33,Germany,Female,1,1,0,0.64827466,Medium Risk,1182
673,43,5,168069.73,1,146992.24,France,Female,1,1,1,0.5783935,Medium Risk,1183
652,36,1,0.0,2,151314.98,France,Male,1,1,0,0.8944445,High Risk,1184
584,47,7,130538.77,1,92915.84,Germany,Male,0,1,0,0.9854952,High Risk,1185
756,37,3,132623.6,1,58974.0,France,Male,1,1,0,0.7317037,High Risk,1186
670,35,3,103465.02,2,174627.06,France,Female,1,1,0,0.5783935,Medium Risk,1187
765,50,9,126547.8,1,79579.94,France,Female,1,1,1,0.7966556,High Risk,1188
528,30,2,128262.72,2,50771.16,France,Male,0,1,0,0.976194,High Risk,1189
701,40,5,169742.64,1,153537.55,France,Male,1,1,1,0.48848805,Medium Risk,1190
797,29,1,0.0,2,132975.39,France,Female,1,1,0,0.9263721,High Risk,1191
639,27,3,150795.81,1,85208.93,Germany,Male,1,0,0,0.76624364,High Risk,1192
785,61,4,129855.72,2,170214.82,Spain,Female,0,1,1,0.98574466,High Risk,1193
363,28,6,146098.43,3,100615.14,Spain,Female,0,1,1,0.976253,High Risk,1194
764,24,7,0.0,2,186105.99,France,Female,0,1,0,0.9961876,High Risk,1195
676,43,2,0.0,1,55119.53,France,Female,1,1,0,0.89342475,High Risk,1196
718,28,4,65643.3,1,28760.99,Germany,Male,0,1,0,0.9853935,High Risk,1197
590,34,6,0.0,2,171021.44,Spain,Female,0,1,0,0.9920753,High Risk,1198
584,38,9,104584.16,1,176678.72,France,Male,0,1,0,0.97418165,High Risk,1199
645,41,7,0.0,1,28667.56,France,Male,1,0,0,0.7446548,High Risk,1200
772,30,6,99785.28,2,197238.03,Germany,Male,0,0,0,0.98574764,High Risk,1201
399,46,2,127655.22,1,139994.68,Germany,Male,0,1,1,0.9589658,High Risk,1202
529,22,5,0.0,1,151169.83,France,Male,0,1,0,0.9838238,High Risk,1203
463,35,2,101257.16,1,118113.64,France,Male,1,1,0,0.42200515,Medium Risk,1204
630,40,7,0.0,2,34453.17,France,Female,1,1,0,0.8662853,High Risk,1205
780,76,10,121313.88,1,64872.33,France,Male,1,0,0,0.7735432,High Risk,1206
584,32,5,0.0,2,10956.82,Spain,Male,0,1,0,0.981616,High Risk,1207
752,30,4,81523.38,1,36885.85,Germany,Male,1,1,0,0.67136395,Medium Risk,1208
697,47,6,128252.66,1,168053.4,France,Female,1,1,0,0.5783935,Medium Risk,1209
850,32,7,0.0,2,155227.0,France,Female,0,0,0,0.9991658,High Risk,1210
711,51,7,0.0,3,38409.79,France,Male,0,1,1,0.9947924,High Risk,1211
452,32,5,0.0,2,75279.39,France,Female,1,0,0,0.9191023,High Risk,1212
610,42,6,0.0,2,158302.59,Spain,Male,0,1,1,0.9599864,High Risk,1213
694,22,4,0.0,2,11525.72,France,Female,1,1,0,0.90382326,High Risk,1214
579,33,6,0.0,1,94993.04,Spain,Male,0,1,1,0.96893287,High Risk,1215
745,54,8,0.0,1,173912.29,Spain,Female,0,1,1,0.9920753,High Risk,1216
572,33,5,0.0,1,41139.05,France,Male,1,0,0,0.7446548,High Risk,1217
505,29,3,145541.56,2,58019.95,Germany,Male,1,1,0,0.6324989,Medium Risk,1218
706,23,5,0.0,1,164128.41,France,Female,0,0,1,0.9978071,High Risk,1219
693,44,5,124601.58,2,46998.13,Germany,Male,1,1,1,0.67136395,Medium Risk,1220
725,33,7,115182.84,2,177279.41,Germany,Female,1,1,0,0.6130632,Medium Risk,1221
791,37,2,163789.49,2,75832.53,France,Male,0,1,0,0.99072194,High Risk,1222
536,46,1,65733.41,1,61094.53,France,Male,0,1,0,0.99198955,High Risk,1223
699,47,1,0.0,2,30117.44,Spain,Male,1,0,0,0.8822203,High Risk,1224
500,47,8,128486.11,1,179227.12,Spain,Female,0,1,0,0.97172,High Risk,1225
707,53,6,109663.47,1,52110.45,Spain,Female,1,1,0,0.6894544,Medium Risk,1226
531,42,6,88324.31,2,75248.75,Germany,Female,0,1,0,0.9908222,High Risk,1227
557,28,7,146445.24,2,184317.74,France,Female,0,1,0,0.98366064,High Risk,1228
659,38,3,0.0,2,158553.1,France,Female,0,1,0,0.9973182,High Risk,1229
575,31,6,0.0,2,95686.42,Spain,Female,1,1,0,0.36557052,Low Risk,1230
775,36,2,109949.05,2,71682.54,Germany,Male,1,0,0,0.6924696,Medium Risk,1231
772,30,4,78653.05,1,1790.48,Spain,Male,0,1,0,0.9836053,High Risk,1232
587,46,9,107850.82,1,139431.0,Germany,Male,0,1,1,0.968322,High Risk,1233
667,39,4,83765.35,2,118358.54,Germany,Female,0,1,0,0.9908222,High Risk,1234
771,66,7,143773.07,1,130827.88,France,Female,1,1,0,0.6147775,Medium Risk,1235
523,63,6,116227.27,1,119404.63,Germany,Male,1,1,0,0.63414425,Medium Risk,1236
662,33,0,103471.52,1,162703.0,Germany,Male,1,1,0,0.74417627,High Risk,1237
717,42,5,0.0,2,172665.21,France,Male,0,1,0,0.9885787,High Risk,1238
746,24,3,137492.35,2,170142.09,France,Male,1,0,0,0.5886625,Medium Risk,1239
569,28,7,0.0,2,73977.23,France,Male,0,1,0,0.9926569,High Risk,1240
579,36,9,129829.59,1,60906.12,France,Male,1,1,0,0.76542133,High Risk,1241
519,21,1,146329.57,2,194867.27,France,Female,1,1,0,0.70449954,High Risk,1242
696,30,4,114027.7,1,193716.56,Germany,Male,1,1,0,0.48069128,Medium Risk,1243
693,25,6,146580.69,1,14633.35,Germany,Male,1,0,0,0.7524989,High Risk,1244
587,38,0,132122.42,2,31730.32,Germany,Female,0,0,0,0.99610716,High Risk,1245
626,44,10,81553.93,1,20063.63,France,Female,0,1,1,0.993451,High Risk,1246
666,66,7,0.0,2,99792.82,France,Female,1,1,0,0.93034685,High Risk,1247
512,24,6,0.0,2,37654.31,France,Male,0,1,0,0.9926051,High Risk,1248
689,28,3,0.0,2,192449.02,Spain,Female,1,1,0,0.6266928,Medium Risk,1249
803,26,4,0.0,2,181208.47,France,Female,1,1,0,0.91745555,High Risk,1250
548,32,5,175214.71,1,155165.61,Germany,Male,1,1,0,0.48069128,Medium Risk,1251
588,40,10,125534.51,1,121504.18,Germany,Female,0,1,1,0.9830831,High Risk,1252
693,68,4,97705.99,1,61569.07,France,Male,1,1,0,0.637235,Medium Risk,1253
499,55,4,126817.65,2,123269.71,Germany,Female,0,1,0,0.9737768,High Risk,1254
628,46,1,46870.43,4,31272.14,France,Female,0,1,1,0.9921774,High Risk,1255
624,46,3,0.0,2,62825.03,Spain,Male,1,1,0,0.33265364,Low Risk,1256
733,42,9,120094.93,1,184056.45,France,Male,0,1,0,0.9692657,High Risk,1257
628,38,3,0.0,2,48924.73,France,Female,1,1,0,0.8662853,High Risk,1258
633,33,3,0.0,2,191111.02,France,Female,0,1,0,0.9973182,High Risk,1259
559,36,1,104356.94,2,54184.06,Germany,Female,1,0,0,0.8632511,High Risk,1260
704,27,5,147004.34,1,64381.33,Germany,Male,0,1,1,0.9905161,High Risk,1261
744,38,6,73023.17,2,78770.86,Germany,Male,0,1,0,0.9886742,High Risk,1262
665,40,1,173432.55,1,116766.79,Spain,Female,1,0,0,0.62675023,Medium Risk,1263
638,42,7,165679.92,1,32916.29,France,Female,0,0,0,0.99397945,High Risk,1264
837,31,9,104678.62,1,50972.6,Spain,Male,1,0,0,0.9011757,High Risk,1265
534,55,8,116973.26,3,122066.5,France,Female,0,1,1,0.9805135,High Risk,1266
548,36,3,0.0,1,65996.9,France,Female,0,1,0,0.99905926,High Risk,1267
837,38,2,126732.85,1,79577.38,Germany,Male,1,1,0,0.84176415,High Risk,1268
658,44,6,148481.09,1,130529.13,France,Female,0,1,0,0.9805135,High Risk,1269
554,38,4,137654.05,2,172629.67,France,Female,1,1,0,0.5783935,Medium Risk,1270
724,30,7,115315.04,1,15216.53,Germany,Male,0,1,0,0.98926497,High Risk,1271
723,42,2,99095.73,1,17512.53,France,Male,1,1,0,0.5571451,Medium Risk,1272
585,39,7,165610.41,2,131852.01,Germany,Female,0,0,0,0.9892306,High Risk,1273
474,33,5,0.0,2,181945.52,France,Male,0,1,1,0.9885787,High Risk,1274
562,32,6,161628.66,1,91482.5,Spain,Male,0,1,0,0.9623019,High Risk,1275
719,32,9,146605.27,1,77119.45,France,Male,1,1,0,0.76542133,High Risk,1276
635,37,5,113488.68,1,95611.74,Germany,Male,0,1,1,0.9854952,High Risk,1277
743,42,7,77002.2,2,80428.42,France,Male,1,1,0,0.7317037,High Risk,1278
681,67,7,0.0,2,163714.92,Spain,Male,1,0,0,0.31063497,Low Risk,1279
521,39,6,0.0,2,27375.15,France,Female,1,0,0,0.9185739,High Risk,1280
741,25,4,0.0,2,73873.65,Spain,Male,1,1,0,0.18938126,Low Risk,1281
790,46,8,182364.53,1,139266.48,Spain,Male,0,0,1,0.9906722,High Risk,1282
622,35,8,0.0,2,131772.51,France,Male,1,1,0,0.34777498,Low Risk,1283
669,45,7,149364.58,1,173454.07,France,Male,1,0,0,0.5867379,Medium Risk,1284
583,59,7,127450.14,1,67552.71,France,Male,1,0,0,0.8021578,High Risk,1285
520,63,5,162278.32,1,34765.33,Spain,Female,1,1,0,0.6638135,Medium Risk,1286
579,37,5,152212.88,2,120219.14,Spain,Male,0,0,0,0.9758152,High Risk,1287
698,39,9,161993.89,1,90212.38,Spain,Female,0,0,0,0.987301,High Risk,1288
548,39,7,131468.44,1,164975.82,Spain,Male,0,1,0,0.95522803,High Risk,1289
672,40,10,102980.44,1,1285.81,Germany,Male,0,1,1,0.99037,High Risk,1290
653,31,9,143321.97,1,83679.46,Germany,Male,0,1,0,0.9905161,High Risk,1291
734,37,2,130404.92,1,34548.74,Spain,Female,0,0,0,0.99096197,High Risk,1292
794,41,7,0.0,2,74275.08,France,Female,1,1,0,0.9566467,High Risk,1293
641,30,2,87505.47,2,7278.57,France,Male,1,0,0,0.59038556,Medium Risk,1294
824,30,0,133634.02,1,162053.92,France,Male,1,1,0,0.815746,High Risk,1295
534,33,3,151233.62,1,199336.63,Spain,Female,0,0,0,0.98484415,High Risk,1296
653,55,2,70263.83,1,62347.71,Spain,Male,1,0,0,0.6888342,Medium Risk,1297
498,34,5,0.0,2,91711.66,France,Male,1,1,0,0.6277947,Medium Risk,1298
683,30,10,57657.49,1,79240.9,France,Male,0,0,0,0.99379647,High Risk,1299
618,42,8,153572.31,2,76679.6,Germany,Male,1,1,0,0.7255311,High Risk,1300
538,37,1,134752.08,1,162511.55,France,Male,0,1,0,0.977459,High Risk,1301
643,34,3,83132.09,1,21360.88,Spain,Male,1,1,0,0.54197025,Medium Risk,1302
428,31,2,0.0,2,54487.43,France,Female,0,1,0,0.9984043,High Risk,1303
593,32,9,134096.53,2,53931.05,Germany,Female,0,1,1,0.9922633,High Risk,1304
718,31,0,118100.59,2,103165.15,France,Female,0,1,0,0.9825791,High Risk,1305
811,52,10,76915.4,1,146359.81,Germany,Male,0,0,1,0.993471,High Risk,1306
823,46,3,81576.75,1,28370.95,Spain,Female,1,1,1,0.7754267,High Risk,1307
645,49,2,0.0,2,10023.15,Spain,Male,0,0,0,0.98207146,High Risk,1308
710,33,10,118327.17,2,192928.82,France,Male,1,1,0,0.53327465,Medium Risk,1309
591,30,8,124857.69,2,50485.7,Spain,Male,0,0,0,0.99279845,High Risk,1310
748,27,2,90971.85,1,131662.47,Germany,Female,1,1,0,0.6063779,Medium Risk,1311
850,37,7,153147.75,1,152235.3,France,Female,1,1,0,0.78313357,High Risk,1312
542,38,8,65942.26,1,68093.23,France,Male,1,1,1,0.76542133,High Risk,1313
809,38,3,0.0,2,80061.31,France,Male,1,1,0,0.8508429,High Risk,1314
675,54,2,0.0,1,149583.67,France,Male,0,1,1,0.9885787,High Risk,1315
607,27,5,100912.19,1,7631.27,Spain,Female,0,0,0,0.99492127,High Risk,1316
850,31,4,0.0,2,33082.81,France,Female,1,1,0,0.9446085,High Risk,1317
789,37,3,0.0,1,121883.87,France,Male,0,1,1,0.99563,High Risk,1318
598,43,5,0.0,3,100722.72,France,Female,1,1,1,0.8671039,High Risk,1319
756,41,2,124439.49,2,47093.11,Germany,Male,1,0,0,0.6350596,Medium Risk,1320
687,47,7,0.0,2,177624.01,France,Female,1,1,0,0.74590164,High Risk,1321
724,40,6,0.0,2,106149.48,France,Male,0,0,0,0.9934088,High Risk,1322
700,44,2,58781.76,1,16874.92,France,Female,0,1,0,0.98978907,High Risk,1323
635,50,7,159453.64,2,54560.79,Spain,Male,0,0,1,0.991396,High Risk,1324
687,26,2,142721.52,1,153605.75,Germany,Male,1,1,0,0.438148,Medium Risk,1325
613,46,8,167795.6,1,44390.38,France,Female,1,0,0,0.818225,High Risk,1326
781,38,3,128345.69,2,63218.85,France,Female,0,1,0,0.99736315,High Risk,1327
703,20,3,165260.98,1,41626.78,Spain,Male,1,1,0,0.6068107,Medium Risk,1328
593,62,3,118233.81,1,24765.53,Germany,Female,1,0,1,0.7933003,High Risk,1329
743,40,6,0.0,1,28280.8,France,Female,0,1,1,0.99878305,High Risk,1330
640,46,8,0.0,2,89043.19,Spain,Female,0,1,0,0.9920753,High Risk,1331
849,37,7,143452.74,2,17294.12,Germany,Male,1,1,0,0.8076321,High Risk,1332
778,38,3,145018.49,2,126702.41,France,Male,1,1,0,0.48848805,Medium Risk,1333
539,38,8,82407.51,1,13123.41,Germany,Female,0,1,0,0.99321705,High Risk,1334
489,28,1,79460.98,2,167973.63,Germany,Male,1,1,0,0.5988012,Medium Risk,1335
568,43,9,0.0,1,125870.79,Spain,Female,0,1,1,0.9920753,High Risk,1336
618,38,5,126473.99,1,91972.49,Spain,Male,0,1,0,0.95522803,High Risk,1337
710,30,10,133537.1,2,155593.74,Germany,Female,0,1,0,0.9830831,High Risk,1338
625,52,5,164978.01,1,67788.49,France,Male,1,1,0,0.7317037,High Risk,1339
682,46,7,128029.72,1,62615.35,Spain,Male,1,1,0,0.6049139,Medium Risk,1340
727,43,2,97403.18,1,107415.02,Spain,Male,1,1,1,0.29072845,Low Risk,1341
794,41,7,176845.41,3,166526.26,France,Female,0,1,1,0.99250644,High Risk,1342
652,71,4,0.0,1,120107.1,Spain,Male,1,1,0,0.20558052,Low Risk,1343
670,42,3,81589.04,1,188227.8,Spain,Male,0,1,0,0.9422351,High Risk,1344
460,40,6,119507.58,2,91560.63,Germany,Female,0,1,1,0.9908222,High Risk,1345
568,26,6,0.0,2,166495.2,Spain,Female,0,0,0,0.9935137,High Risk,1346
643,30,5,94443.77,1,165614.4,France,Male,1,1,0,0.53327465,Medium Risk,1347
521,37,2,0.0,2,86372.24,France,Male,1,1,0,0.49842498,Medium Risk,1348
615,32,7,92199.84,1,2755.53,France,Male,1,1,0,0.68722266,Medium Risk,1349
575,43,3,0.0,1,83594.51,Spain,Male,0,1,0,0.9599864,High Risk,1350
717,41,3,135756.96,1,103706.41,France,Female,1,1,0,0.51192033,Medium Risk,1351
648,54,9,120633.42,1,5924.38,France,Female,0,0,1,0.99472284,High Risk,1352
535,48,5,134542.73,1,58203.67,Germany,Male,1,1,1,0.67136395,Medium Risk,1353
626,29,7,0.0,2,49361.84,Spain,Male,0,1,0,0.97965086,High Risk,1354
611,52,7,0.0,1,73585.18,Spain,Male,1,0,1,0.28083876,Low Risk,1355
734,39,6,0.0,1,95135.27,Spain,Male,1,1,0,0.14860974,Low Risk,1356
709,49,4,154344.49,2,38794.57,France,Male,1,1,0,0.61705965,Medium Risk,1357
591,43,3,0.0,2,198926.36,France,Male,1,0,0,0.5692201,Medium Risk,1358
664,43,9,189026.53,2,56099.86,France,Male,1,1,0,0.7317037,High Risk,1359
431,37,0,120764.08,1,117023.08,France,Male,1,1,0,0.75007397,High Risk,1360
647,22,3,97975.82,2,62083.0,Germany,Female,1,0,0,0.9087102,High Risk,1361
578,32,4,0.0,2,141822.8,France,Male,1,1,0,0.43144652,Medium Risk,1362
555,41,10,113270.2,2,185387.14,Germany,Male,1,1,0,0.5254974,Medium Risk,1363
775,30,4,0.0,2,57461.13,Spain,Male,1,0,0,0.46466255,Medium Risk,1364
850,39,3,124548.99,2,120380.12,Germany,Male,1,1,0,0.84413004,High Risk,1365
625,43,8,201696.07,1,133020.9,France,Male,0,1,1,0.9692657,High Risk,1366
645,37,7,0.0,2,13589.93,Spain,Female,0,1,0,0.99642366,High Risk,1367
608,44,7,114203.47,1,77830.36,Germany,Male,1,1,1,0.7255311,High Risk,1368
689,31,4,0.0,2,136610.02,Spain,Female,1,1,0,0.4505659,Medium Risk,1369
652,50,8,125437.64,1,17160.94,Germany,Male,1,1,1,0.61463976,Medium Risk,1370
769,26,7,0.0,2,176843.53,France,Female,0,1,0,0.9961876,High Risk,1371
611,43,8,64897.75,1,114996.33,France,Female,0,1,0,0.9805135,High Risk,1372
489,38,8,0.0,2,196990.79,France,Male,1,0,0,0.6320479,Medium Risk,1373
528,46,9,135555.66,1,133146.03,Germany,Female,0,1,1,0.9798269,High Risk,1374
632,44,3,107764.75,1,185667.72,France,Male,0,1,0,0.9601767,High Risk,1375
429,27,6,117307.44,2,24020.49,France,Female,1,1,0,0.7669059,High Risk,1376
457,41,8,73700.12,3,185750.02,France,Male,1,1,1,0.48848805,Medium Risk,1377
768,44,6,60603.4,1,178045.97,Spain,Female,1,1,0,0.43738797,Medium Risk,1378
715,35,4,40169.88,2,199857.47,Spain,Female,1,1,0,0.43738797,Medium Risk,1379
668,32,10,92041.87,1,43595.9,Germany,Female,1,1,0,0.7776182,High Risk,1380
625,26,3,130483.95,1,122810.53,Germany,Male,0,1,0,0.968322,High Risk,1381
846,41,5,0.0,3,3440.47,France,Female,0,1,1,0.9995413,High Risk,1382
661,42,3,0.0,2,35989.41,Spain,Female,0,1,0,0.9972107,High Risk,1383
571,23,10,151097.28,1,17163.75,France,Female,1,0,0,0.80579585,High Risk,1384
582,46,8,67563.31,1,44506.09,Spain,Female,0,1,1,0.98991185,High Risk,1385
716,35,8,112808.18,1,17848.3,France,Female,1,0,0,0.8078681,High Risk,1386
758,42,7,0.0,2,76209.56,France,Female,1,0,0,0.9358861,High Risk,1387
725,66,4,86459.8,1,141476.56,France,Male,1,1,0,0.38084665,Low Risk,1388
630,40,0,118633.08,1,60032.46,France,Female,1,0,1,0.9166481,High Risk,1389
627,55,2,159441.27,1,100686.11,France,Female,0,1,1,0.98844004,High Risk,1390
653,27,9,0.0,2,96429.29,France,Female,0,1,0,0.99828124,High Risk,1391
775,38,4,125212.65,2,15795.88,Germany,Female,1,1,1,0.6952937,Medium Risk,1392
794,45,8,88656.37,2,116547.31,Spain,Male,0,1,0,0.9825052,High Risk,1393
831,32,2,146033.62,1,191260.74,France,Female,0,1,0,0.99250644,High Risk,1394
561,29,9,120268.13,1,173870.39,France,Male,1,1,0,0.49047288,Medium Risk,1395
705,46,7,0.0,2,117273.35,Spain,Male,0,1,0,0.9599864,High Risk,1396
636,33,0,0.0,1,92277.47,Spain,Female,0,1,1,0.99562436,High Risk,1397
487,46,4,135070.58,2,44244.49,Germany,Female,1,1,1,0.7450699,High Risk,1398
693,38,3,0.0,2,78133.48,France,Female,0,0,1,0.99945956,High Risk,1399
517,29,5,0.0,2,103402.88,Spain,Female,0,1,0,0.98875964,High Risk,1400
684,27,9,122550.05,2,137835.82,France,Female,1,0,0,0.7394945,High Risk,1401
620,43,2,0.0,2,20670.1,Spain,Female,0,1,0,0.99389416,High Risk,1402
757,29,8,130306.49,1,77469.38,France,Male,0,1,0,0.9908049,High Risk,1403
739,27,6,0.0,1,57572.38,France,Female,1,1,0,0.9234214,High Risk,1404
662,41,4,90350.77,1,75884.65,Spain,Female,0,1,1,0.9778504,High Risk,1405
359,44,6,128747.69,1,146955.71,France,Female,0,1,1,0.9805135,High Risk,1406
572,23,2,126873.52,1,67040.12,Spain,Male,1,0,0,0.7092528,High Risk,1407
721,69,2,108424.19,1,178418.35,France,Male,1,1,0,0.38084665,Low Risk,1408
707,32,9,0.0,2,30807.02,France,Male,0,0,0,0.9957398,High Risk,1409
444,40,5,84350.07,1,143835.76,France,Female,0,1,0,0.9805135,High Risk,1410
523,73,7,0.0,2,130883.9,France,Female,0,0,1,0.99845815,High Risk,1411
685,30,4,84958.6,2,194343.72,Germany,Female,1,0,0,0.7146422,High Risk,1412
673,29,4,99097.36,1,9796.69,Germany,Female,1,1,0,0.72636217,High Risk,1413
503,30,10,136622.55,2,47310.24,Germany,Male,0,0,0,0.9934915,High Risk,1414
485,30,5,156771.68,1,141148.21,Germany,Female,1,1,0,0.6130632,Medium Risk,1415
799,28,7,167658.33,2,111138.25,Germany,Male,1,1,0,0.8451723,High Risk,1416
585,33,8,0.0,2,114182.07,Spain,Female,0,1,0,0.98875964,High Risk,1417
607,24,2,109483.54,2,127560.77,Germany,Female,1,0,0,0.63186544,Medium Risk,1418
521,40,9,134504.78,1,18082.06,Germany,Female,0,1,0,0.99321705,High Risk,1419
535,44,2,114427.86,1,136330.26,France,Female,1,1,0,0.51192033,Medium Risk,1420
724,45,5,83888.54,1,34121.81,Spain,Male,1,0,0,0.6911414,Medium Risk,1421
520,32,5,110029.77,1,56246.69,Germany,Male,0,1,0,0.9853935,High Risk,1422
696,41,9,127523.75,1,191417.42,Spain,Male,1,0,0,0.54814494,Medium Risk,1423
657,30,1,139762.13,2,23317.88,Germany,Male,1,1,0,0.8484166,High Risk,1424
603,42,8,91611.12,1,144675.3,Spain,Female,0,0,1,0.98484415,High Risk,1425
726,42,2,109471.79,1,175161.05,France,Female,1,0,0,0.6092695,Medium Risk,1426
591,39,4,150500.64,1,14928.8,France,Female,0,1,0,0.99217457,High Risk,1427
792,59,9,101609.77,1,161479.19,Germany,Female,0,0,1,0.9958812,High Risk,1428
550,57,5,0.0,1,133501.94,France,Male,1,1,0,0.43144652,Medium Risk,1429
601,26,8,78892.23,1,23703.52,France,Female,1,1,0,0.7669059,High Risk,1430
820,29,3,82344.84,1,115985.38,France,Female,1,0,0,0.8619796,High Risk,1431
667,48,2,0.0,1,43229.2,France,Male,0,1,0,0.9947924,High Risk,1432
573,44,4,0.0,1,94862.93,Spain,Female,1,1,0,0.4505659,Medium Risk,1433
755,62,1,127706.33,2,142377.69,France,Male,1,0,0,0.67156094,Medium Risk,1434
552,41,9,124349.34,1,135635.25,France,Female,0,1,0,0.98366064,High Risk,1435
598,44,8,0.0,2,148487.9,Spain,Male,0,1,0,0.9599864,High Risk,1436
576,28,1,119336.29,2,58976.85,Germany,Male,1,0,0,0.86167717,High Risk,1437
670,31,9,0.0,1,76254.83,France,Female,1,0,0,0.9111656,High Risk,1438
504,56,9,104217.3,1,55857.48,Germany,Male,0,0,1,0.99222285,High Risk,1439
778,65,7,0.0,1,77867.23,France,Female,1,1,0,0.9449375,High Risk,1440
558,39,10,144757.02,1,22878.16,Germany,Male,0,1,1,0.98926497,High Risk,1441
627,44,6,0.0,1,114469.55,Spain,Male,1,1,0,0.14860974,Low Risk,1442
683,43,8,0.0,1,96754.8,France,Male,0,1,0,0.994829,High Risk,1443
556,43,6,0.0,3,125154.57,France,Female,0,0,1,0.99845815,High Risk,1444
583,38,10,0.0,2,113597.64,France,Female,1,0,0,0.78221333,High Risk,1445
705,24,7,100169.51,1,121408.55,France,Female,0,1,0,0.98366064,High Risk,1446
637,33,2,145731.83,1,109219.43,France,Male,1,0,0,0.5204896,Medium Risk,1447
697,56,5,110802.03,1,50230.31,Spain,Male,1,1,1,0.6049139,Medium Risk,1448
555,46,4,120392.99,1,177719.88,Germany,Female,0,1,1,0.9798269,High Risk,1449
594,26,6,135067.52,2,131211.86,Germany,Female,0,0,0,0.99098283,High Risk,1450
632,31,3,136556.44,1,82152.83,Spain,Male,0,1,1,0.95522803,High Risk,1451
551,38,10,0.0,2,216.27,France,Female,1,1,0,0.83668244,High Risk,1452
687,35,3,99587.43,1,1713.1,France,Female,1,1,1,0.7251301,High Risk,1453
672,53,7,0.0,1,136910.18,France,Female,1,1,0,0.74590164,High Risk,1454
521,34,7,70731.07,1,20243.97,Spain,Female,1,1,1,0.6724343,Medium Risk,1455
686,35,2,109342.82,2,86043.27,Germany,Male,1,0,0,0.6924696,Medium Risk,1456
639,28,8,0.0,2,126561.07,Spain,Male,0,1,0,0.9440024,High Risk,1457
850,66,4,0.0,2,64350.8,France,Male,1,0,0,0.93641144,High Risk,1458
465,25,2,78247.31,2,10472.31,France,Male,1,1,0,0.44957176,Medium Risk,1459
817,55,10,117561.49,1,95941.55,France,Female,0,1,1,0.99736315,High Risk,1460
578,23,10,88980.32,1,125222.36,France,Male,1,1,0,0.44950613,Medium Risk,1461
611,34,4,0.0,2,170950.58,Spain,Male,0,1,0,0.9599864,High Risk,1462
616,41,1,103560.57,1,236.45,Germany,Female,0,1,1,0.99363035,High Risk,1463
517,37,5,113308.84,1,31517.16,France,Male,1,0,0,0.75807047,High Risk,1464
637,40,6,0.0,2,181610.6,Spain,Female,1,1,0,0.4505659,Medium Risk,1465
806,32,3,63763.49,1,156593.09,France,Female,0,1,0,0.99250644,High Risk,1466
633,29,7,169988.35,1,4272.0,France,Female,0,1,0,0.993451,High Risk,1467
624,35,0,180303.24,2,163587.9,Germany,Female,0,1,0,0.981964,High Risk,1468
691,52,3,0.0,1,175843.68,France,Male,0,1,1,0.9885787,High Risk,1469
819,49,1,120656.86,4,166164.3,Germany,Female,0,0,1,0.99357986,High Risk,1470
568,31,1,61592.14,2,61796.64,Germany,Female,1,1,0,0.81200343,High Risk,1471
806,48,4,164701.68,1,21439.49,France,Male,1,1,0,0.8124355,High Risk,1472
726,26,1,80780.16,1,19225.85,Spain,Female,1,1,0,0.6950864,Medium Risk,1473
552,36,8,0.0,2,132547.02,France,Male,0,0,0,0.99064577,High Risk,1474
755,30,6,154221.37,2,62688.55,Germany,Female,1,0,0,0.89536273,High Risk,1475
634,26,8,0.0,1,21760.96,France,Male,0,1,0,0.9926664,High Risk,1476
756,26,5,101641.14,2,154460.68,France,Female,1,0,0,0.7394945,High Risk,1477
776,37,2,0.0,1,8065.0,France,Male,1,0,0,0.74624574,High Risk,1478
649,45,5,92786.66,1,173365.9,France,Female,0,1,1,0.9805135,High Risk,1479
595,32,8,131081.66,2,69428.79,Germany,Male,1,1,0,0.75976974,High Risk,1480
646,30,5,98014.74,1,12757.14,France,Male,1,1,0,0.6631642,Medium Risk,1481
592,38,8,0.0,2,180426.2,Spain,Male,0,1,0,0.96893287,High Risk,1482
574,26,8,97460.1,1,43093.67,France,Male,1,1,0,0.67994547,Medium Risk,1483
850,36,1,104077.19,2,68594.0,France,Male,1,0,0,0.9493581,High Risk,1484
850,29,1,0.0,2,197996.65,Spain,Female,1,1,0,0.829264,High Risk,1485
475,46,10,0.0,2,122953.0,France,Female,0,0,1,0.99845815,High Risk,1486
642,39,4,0.0,1,76821.24,France,Female,1,1,0,0.89342475,High Risk,1487
710,51,4,93656.95,1,141400.51,Spain,Female,1,0,1,0.5291973,Medium Risk,1488
596,30,6,121345.88,4,41921.75,Spain,Male,0,1,1,0.9864677,High Risk,1489
609,39,8,141675.23,1,175664.25,France,Female,1,0,0,0.6710051,Medium Risk,1490
797,31,8,0.0,2,117916.63,Spain,Female,0,1,0,0.9968844,High Risk,1491
504,43,7,102365.49,1,194690.77,Germany,Female,0,1,1,0.9798269,High Risk,1492
735,50,9,0.0,1,166677.35,Spain,Male,0,0,1,0.97662234,High Risk,1493
680,30,3,0.0,1,160131.58,Spain,Female,0,1,0,0.9920753,High Risk,1494
449,52,6,0.0,2,123622.0,France,Male,1,0,0,0.5692201,Medium Risk,1495
685,57,7,101868.51,1,113483.96,Germany,Male,1,0,0,0.7955368,High Risk,1496
569,38,8,0.0,2,79618.79,Spain,Male,0,0,0,0.9819193,High Risk,1497
631,35,9,112392.45,2,24472.23,France,Male,0,1,0,0.9881341,High Risk,1498
595,25,7,106570.34,2,177025.79,Germany,Female,1,0,0,0.7770656,High Risk,1499
461,28,8,0.0,1,103349.74,France,Female,1,1,0,0.8085209,High Risk,1500
630,50,1,81947.76,1,63606.22,France,Male,1,0,1,0.92704946,High Risk,1501
661,31,7,144162.3,2,14490.79,France,Female,1,1,0,0.7387854,High Risk,1502
796,39,5,86350.87,2,105080.53,Germany,Male,0,0,0,0.99705195,High Risk,1503
710,47,5,158623.14,1,83499.89,France,Male,0,0,1,0.9925868,High Risk,1504
741,32,8,0.0,2,143598.7,France,Male,0,1,0,0.9838238,High Risk,1505
606,48,4,132403.56,1,36091.91,Germany,Male,0,0,1,0.99222285,High Risk,1506
747,27,10,0.0,2,13007.89,France,Male,0,0,0,0.99577516,High Risk,1507
549,43,3,134985.66,1,6101.41,Germany,Female,0,1,0,0.9894258,High Risk,1508
576,36,6,0.0,2,48314.0,France,Male,1,1,0,0.6261376,Medium Risk,1509
528,37,6,103772.45,1,197111.99,France,Male,0,1,0,0.9692657,High Risk,1510
535,33,2,133040.32,1,110299.78,France,Male,1,1,0,0.42200515,Medium Risk,1511
575,37,0,0.0,2,30114.32,Spain,Female,0,0,0,0.99898535,High Risk,1512
656,39,10,0.0,2,98894.64,France,Male,1,1,0,0.5423694,Medium Risk,1513
440,42,2,0.0,2,49826.68,France,Male,0,1,0,0.9911929,High Risk,1514
539,38,8,71460.67,2,10074.05,Spain,Male,1,1,0,0.5250105,Medium Risk,1515
850,39,6,133214.13,1,20769.88,Spain,Male,1,0,0,0.8548676,High Risk,1516
646,37,7,96558.66,1,163427.18,France,Female,0,0,0,0.98680854,High Risk,1517
744,54,6,93806.31,2,140068.77,France,Male,1,0,0,0.5867379,Medium Risk,1518
710,36,8,0.0,2,83206.19,Spain,Female,0,0,0,0.9949444,High Risk,1519
544,64,3,124043.8,1,111402.97,France,Female,1,1,1,0.5495735,Medium Risk,1520
723,52,5,131694.97,1,92873.5,Germany,Male,1,0,1,0.83330715,High Risk,1521
507,29,6,0.0,2,94780.9,Spain,Female,1,0,0,0.67256165,Medium Risk,1522
787,35,1,106266.8,1,16607.15,France,Female,1,1,0,0.7993089,High Risk,1523
598,41,8,0.0,2,161954.43,Spain,Male,1,1,0,0.14860974,Low Risk,1524
796,51,6,0.0,2,194733.28,France,Male,1,0,0,0.7766951,High Risk,1525
569,41,4,139840.36,1,163524.7,Spain,Female,1,1,0,0.43738797,Medium Risk,1526
711,34,8,0.0,2,48260.19,France,Male,0,0,0,0.9957398,High Risk,1527
661,35,8,124098.54,1,86678.48,Germany,Male,0,1,0,0.9878477,High Risk,1528
415,32,5,145807.59,1,3064.65,France,Male,1,1,0,0.6220069,Medium Risk,1529
578,23,8,0.0,2,112124.98,Spain,Male,0,1,0,0.9440024,High Risk,1530
611,26,2,107508.93,2,120801.65,France,Female,1,1,0,0.48459786,Medium Risk,1531
600,28,6,0.0,2,52193.23,France,Female,1,0,0,0.95453966,High Risk,1532
661,32,1,145980.23,1,56636.28,Germany,Female,1,0,0,0.8632511,High Risk,1533
850,37,3,212778.2,1,69372.88,France,Female,1,0,0,0.9387688,High Risk,1534
573,47,4,152522.47,1,164038.07,Germany,Female,1,0,1,0.7146422,High Risk,1535
764,33,9,168964.77,1,118982.51,Spain,Female,1,0,0,0.6375545,Medium Risk,1536
838,34,8,0.0,2,27472.07,France,Female,0,1,0,0.99934167,High Risk,1537
821,28,8,0.0,1,36754.13,France,Female,1,1,0,0.96083057,High Risk,1538
607,36,4,98266.3,1,46416.36,Spain,Female,1,1,0,0.6894544,Medium Risk,1539
558,38,8,113000.92,1,152872.39,France,Male,1,1,0,0.53327465,Medium Risk,1540
530,23,1,137060.88,2,165227.23,Germany,Male,1,1,0,0.6612712,Medium Risk,1541
654,37,5,112146.12,1,75927.35,Germany,Male,0,1,0,0.9886742,High Risk,1542
530,33,4,129307.32,1,172930.28,France,Female,1,1,0,0.5783935,Medium Risk,1543
656,69,6,163975.09,1,36108.5,Spain,Male,1,1,0,0.56330204,Medium Risk,1544
520,43,7,0.0,2,36202.74,Spain,Male,1,1,0,0.33265364,Low Risk,1545
602,42,6,158414.85,1,131886.46,Germany,Female,1,1,0,0.5697558,Medium Risk,1546
701,48,1,92072.68,1,133992.36,Germany,Female,1,1,0,0.6019847,Medium Risk,1547
653,30,2,88243.29,2,96658.26,Spain,Female,1,1,0,0.31413943,Low Risk,1548
668,25,8,0.0,2,135112.09,Spain,Male,1,1,0,0.15385811,Low Risk,1549
652,48,4,59486.31,1,163944.18,France,Male,0,1,1,0.9692657,High Risk,1550
639,54,2,0.0,2,53843.71,Spain,Female,1,1,0,0.57978415,Medium Risk,1551
730,52,7,0.0,2,122398.84,Spain,Female,1,0,0,0.5881292,Medium Risk,1552
780,34,1,0.0,1,64804.04,France,Male,1,1,0,0.96031564,High Risk,1553
592,38,8,119278.01,2,19370.73,France,Female,1,0,0,0.8078681,High Risk,1554
628,34,4,158741.43,2,126192.54,France,Male,1,1,0,0.48848805,Medium Risk,1555
658,40,7,140596.95,1,135459.02,France,Female,1,0,1,0.6710051,Medium Risk,1556
850,29,10,0.0,2,94815.04,Spain,Female,1,1,0,0.8464539,High Risk,1557
515,37,2,90432.92,1,188366.04,Germany,Male,1,1,1,0.41440976,Medium Risk,1558
571,35,1,104783.81,2,178512.52,France,Female,1,0,0,0.6996476,Medium Risk,1559
760,42,0,77992.97,2,97906.38,Germany,Male,1,1,0,0.9034224,High Risk,1560
720,43,10,110822.9,1,72861.94,Germany,Female,0,0,0,0.9968239,High Risk,1561
632,42,4,119624.6,2,195978.86,Germany,Male,1,1,0,0.48069128,Medium Risk,1562
694,31,6,109052.59,2,19448.93,Germany,Male,1,1,1,0.6561557,Medium Risk,1563
559,40,5,139129.44,1,32635.54,Spain,Female,1,0,0,0.7644166,High Risk,1564
773,42,8,152324.66,2,171733.22,Germany,Female,0,1,0,0.9798269,High Risk,1565
581,38,1,0.0,2,46176.22,France,Male,0,1,0,0.99893254,High Risk,1566
524,37,9,127480.58,2,179634.69,Germany,Female,0,1,0,0.9830831,High Risk,1567
713,53,6,115029.4,1,191521.32,France,Male,0,0,1,0.97911686,High Risk,1568
676,40,8,114005.78,1,67998.45,France,Male,1,1,0,0.7317037,High Risk,1569
651,42,1,116646.76,1,44731.8,Germany,Female,0,1,1,0.9918983,High Risk,1570
717,49,1,110864.38,2,124532.9,Spain,Female,1,1,1,0.47031412,Medium Risk,1571
594,23,5,156267.59,1,160968.44,France,Male,0,1,0,0.97418165,High Risk,1572
716,44,3,109528.28,1,27341.63,France,Female,0,1,1,0.98835886,High Risk,1573
668,35,6,102482.76,1,53994.64,France,Female,1,1,0,0.7966556,High Risk,1574
678,23,10,115563.71,1,91633.53,Germany,Male,1,1,0,0.6375706,Medium Risk,1575
545,23,2,0.0,2,189613.12,France,Male,0,1,0,0.98076725,High Risk,1576
613,40,9,95624.36,2,60706.33,France,Female,1,1,0,0.824172,High Risk,1577
687,21,8,0.0,2,154767.34,Spain,Female,1,1,0,0.5001548,Medium Risk,1578
715,28,7,160376.61,1,196853.11,France,Male,0,0,0,0.98248553,High Risk,1579
618,41,8,37702.79,1,195775.48,Germany,Male,1,1,0,0.48069128,Medium Risk,1580
721,35,6,118273.83,1,3086.89,France,Female,1,0,0,0.778486,High Risk,1581
445,34,7,131082.17,2,70618.0,Germany,Female,1,1,0,0.7788411,High Risk,1582
690,38,1,94456.0,2,55034.02,France,Male,1,0,0,0.92704946,High Risk,1583
709,43,8,0.0,2,168035.62,France,Female,0,0,1,0.99845815,High Risk,1584
671,42,3,0.0,2,128449.33,Spain,Female,1,1,0,0.4505659,Medium Risk,1585
538,33,6,93791.38,1,199249.29,France,Male,1,1,0,0.53327465,Medium Risk,1586
735,33,4,0.0,2,149474.69,France,Female,0,1,0,0.9973182,High Risk,1587
592,37,7,0.0,2,126726.33,France,Female,1,1,0,0.74590164,High Risk,1588
747,61,7,155973.13,1,147554.26,France,Male,1,0,0,0.54465264,Medium Risk,1589
675,36,7,89409.95,1,149399.7,Germany,Male,1,1,0,0.48069128,Medium Risk,1590
632,39,5,97854.37,2,93536.38,Spain,Female,0,1,0,0.97172,High Risk,1591
621,39,6,0.0,2,58883.91,France,Male,1,1,0,0.68425333,Medium Risk,1592
521,29,3,60280.62,1,154271.41,Spain,Male,0,1,0,0.95522803,High Risk,1593
591,36,7,135216.8,1,122022.89,Spain,Male,1,1,0,0.34901834,Low Risk,1594
706,28,6,124923.35,2,50299.14,Germany,Female,1,1,0,0.802675,High Risk,1595
677,38,4,0.0,2,187800.63,France,Male,0,1,0,0.9885787,High Risk,1596
769,27,7,188614.07,1,171344.09,Germany,Male,0,1,0,0.9733847,High Risk,1597
771,32,5,62321.62,1,40920.59,France,Male,1,1,0,0.67821443,Medium Risk,1598
601,48,8,120782.7,1,63940.68,Germany,Female,0,1,1,0.9928422,High Risk,1599
670,42,1,115961.58,2,29483.87,France,Female,1,0,0,0.83716094,High Risk,1600
517,28,2,115062.61,1,179056.23,France,Male,0,1,0,0.9692657,High Risk,1601
834,49,8,160602.25,2,129273.94,France,Female,0,1,0,0.99250644,High Risk,1602
571,42,4,108825.34,3,55558.51,France,Female,0,1,1,0.9930889,High Risk,1603
576,36,8,166287.85,1,23305.85,Germany,Female,1,1,0,0.7319105,High Risk,1604
718,31,1,152663.77,1,17128.64,France,Female,1,0,0,0.8005526,High Risk,1605
636,31,9,80844.69,2,74641.9,Germany,Female,1,1,0,0.81899387,High Risk,1606
566,40,2,97001.36,2,154486.01,Germany,Female,0,1,0,0.9562895,High Risk,1607
711,64,4,0.0,2,3185.67,France,Male,1,1,0,0.7146018,High Risk,1608
574,39,2,122524.61,2,88463.63,France,Female,0,1,0,0.98053575,High Risk,1609
619,35,8,132292.63,1,65682.93,France,Female,0,1,0,0.99421704,High Risk,1610
588,24,0,0.0,2,140586.08,France,Female,1,1,0,0.8991129,High Risk,1611
760,49,9,91502.99,1,117232.9,Germany,Female,0,1,1,0.9908222,High Risk,1612
665,52,3,0.0,1,116137.01,France,Male,0,1,1,0.9885787,High Risk,1613
739,29,3,59385.98,2,105533.96,Germany,Male,1,1,0,0.63414425,Medium Risk,1614
641,77,9,0.0,3,81514.06,France,Male,1,1,0,0.76263154,High Risk,1615
685,21,6,97956.5,1,164966.27,Germany,Female,1,1,0,0.6099044,Medium Risk,1616
594,49,4,0.0,2,23631.55,France,Female,1,1,0,0.86725354,High Risk,1617
557,40,4,0.0,2,105433.53,Spain,Female,1,0,0,0.5881292,Medium Risk,1618
697,27,8,141223.68,2,90591.15,France,Male,0,1,0,0.9882168,High Risk,1619
656,18,10,151762.74,1,127014.32,France,Male,1,0,0,0.5483202,Medium Risk,1620
712,43,1,141749.74,2,90905.26,Germany,Male,1,0,0,0.9400059,High Risk,1621
689,38,5,75075.14,1,8651.92,Spain,Male,1,1,1,0.4802039,Medium Risk,1622
697,25,4,165686.11,2,15467.98,France,Female,0,1,0,0.993451,High Risk,1623
589,38,2,0.0,1,79915.28,France,Male,0,1,0,0.994829,High Risk,1624
525,25,10,0.0,2,69361.95,Spain,Female,0,1,0,0.98875964,High Risk,1625
680,44,3,0.0,2,86935.08,France,Male,0,1,0,0.99597067,High Risk,1626
617,28,0,0.0,2,7597.83,France,Female,1,1,1,0.96386933,High Risk,1627
680,32,5,92961.61,1,116957.6,France,Male,0,1,0,0.9692657,High Risk,1628
662,30,9,0.0,2,157884.83,Spain,Female,1,0,0,0.5008387,Medium Risk,1629
736,46,5,130812.91,1,77981.54,Germany,Male,1,1,1,0.7255311,High Risk,1630
657,57,8,107174.58,1,126369.55,Germany,Male,1,1,1,0.48069128,Medium Risk,1631
350,54,1,152677.48,1,191973.49,Spain,Male,1,1,1,0.6269217,Medium Risk,1632
617,30,3,132005.77,1,142940.39,France,Male,0,1,0,0.9692657,High Risk,1633
562,35,7,0.0,1,48869.67,France,Male,0,0,0,0.9976928,High Risk,1634
705,23,5,0.0,2,73131.73,Spain,Female,1,1,0,0.60247606,Medium Risk,1635
516,33,7,127305.5,1,120037.36,France,Female,1,1,0,0.62140924,Medium Risk,1636
573,37,6,0.0,2,193995.37,France,Female,0,1,0,0.9973182,High Risk,1637
538,31,0,0.0,2,179453.66,Spain,Female,0,0,0,0.99748236,High Risk,1638
699,39,9,0.0,1,80963.92,France,Male,0,1,0,0.9968976,High Risk,1639
504,32,8,170291.22,2,15658.99,Germany,Male,1,0,0,0.78302675,High Risk,1640
583,47,5,102562.23,1,92708.1,Spain,Male,0,1,0,0.95522803,High Risk,1641
712,53,2,111061.01,2,26542.17,Spain,Male,0,0,0,0.97567505,High Risk,1642
626,62,3,0.0,1,65010.74,Spain,Male,1,1,0,0.42496243,Medium Risk,1643
631,34,4,124379.14,1,106892.91,France,Female,0,1,0,0.9805135,High Risk,1644
663,37,7,0.0,1,185210.63,France,Female,1,1,0,0.74590164,High Risk,1645
506,41,3,57745.76,1,4035.46,Germany,Female,0,1,0,0.9894258,High Risk,1646
570,50,5,129293.74,1,177805.44,Germany,Female,0,1,1,0.9798269,High Risk,1647
703,45,7,0.0,2,68831.72,France,Female,1,1,0,0.89342475,High Risk,1648
698,40,8,150777.1,1,114732.62,Germany,Female,0,1,0,0.9908222,High Risk,1649
731,41,4,0.0,2,22299.27,Spain,Male,0,1,0,0.9814641,High Risk,1650
625,34,6,0.0,2,197283.2,France,Male,0,0,0,0.9934088,High Risk,1651
634,31,9,108632.48,1,179485.96,Spain,Male,1,1,1,0.39078698,Low Risk,1652
616,59,5,153861.1,1,17699.48,France,Male,1,1,0,0.5571451,Medium Risk,1653
500,56,1,100374.58,1,118490.8,France,Male,0,1,1,0.977459,High Risk,1654
446,32,8,0.0,2,133292.94,France,Male,0,0,0,0.99064577,High Risk,1655
669,47,9,61196.54,1,58170.24,France,Female,0,1,0,0.9930889,High Risk,1656
581,31,6,116891.72,1,107137.3,Germany,Male,0,1,0,0.9878477,High Risk,1657
704,54,6,133656.91,3,145071.33,Germany,Female,0,1,1,0.9798269,High Risk,1658
748,44,2,92911.52,1,85495.24,France,Male,1,0,0,0.75608677,High Risk,1659
680,31,9,119825.75,2,101139.3,Spain,Female,1,1,0,0.48190334,Medium Risk,1660
655,37,7,111852.84,2,10511.13,France,Female,0,1,0,0.99217457,High Risk,1661
690,32,0,106683.52,2,137916.49,Germany,Male,1,1,0,0.74417627,High Risk,1662
695,40,7,139022.24,1,193383.13,Germany,Male,1,0,0,0.63643175,Medium Risk,1663
700,40,4,148571.07,1,189826.96,Germany,Female,0,1,1,0.9798269,High Risk,1664
773,52,4,0.0,1,144113.42,France,Male,1,0,0,0.5692201,Medium Risk,1665
749,42,1,129776.72,2,143538.51,France,Male,1,0,0,0.8165111,High Risk,1666
611,46,5,0.0,1,77677.14,France,Female,0,1,1,0.99905926,High Risk,1667
606,46,8,0.0,2,183717.94,Spain,Female,1,1,0,0.4505659,Medium Risk,1668
554,24,10,0.0,1,92180.62,France,Male,0,0,0,0.9950169,High Risk,1669
567,37,7,0.0,2,28690.9,France,Female,1,1,0,0.8662853,High Risk,1670
559,24,3,114739.92,1,85891.02,Spain,Male,0,1,1,0.9623019,High Risk,1671
594,41,2,122545.65,2,42050.24,Germany,Male,1,1,0,0.47921234,Medium Risk,1672
513,37,6,0.0,2,110142.34,France,Female,0,1,0,0.9973182,High Risk,1673
652,26,1,131908.35,1,179269.79,Germany,Female,1,1,0,0.6376084,Medium Risk,1674
680,42,7,105722.69,1,90558.24,Germany,Female,1,1,1,0.7464134,High Risk,1675
784,33,10,0.0,2,162022.47,Spain,Male,0,1,0,0.98395336,High Risk,1676
812,44,8,0.0,3,66926.83,Spain,Female,0,1,1,0.9992316,High Risk,1677
784,40,8,0.0,2,108891.3,Spain,Female,0,1,0,0.99780875,High Risk,1678
570,18,4,82767.42,1,71811.9,France,Female,0,1,0,0.99318975,High Risk,1679
712,42,1,87842.98,1,92223.59,France,Female,0,0,0,0.99476177,High Risk,1680
705,39,6,133261.13,1,78065.9,Spain,Male,1,1,0,0.40787992,Medium Risk,1681
681,32,3,0.0,2,59679.9,Spain,Female,1,1,0,0.70076746,High Risk,1682
620,41,0,97925.11,1,85000.32,France,Male,0,1,0,0.9864405,High Risk,1683
711,52,5,0.0,1,159808.95,France,Male,1,1,0,0.43144652,Medium Risk,1684
613,24,7,140453.91,1,129001.3,France,Female,0,1,0,0.98366064,High Risk,1685
613,20,0,117356.19,1,113557.7,Germany,Female,0,0,1,0.9961345,High Risk,1686
682,36,5,0.0,2,147758.51,Spain,Male,1,1,0,0.14860974,Low Risk,1687
850,37,4,137204.77,1,28865.59,Spain,Male,1,1,0,0.7569659,High Risk,1688
601,41,1,0.0,2,160607.06,France,Female,1,0,0,0.88537264,High Risk,1689
595,35,8,0.0,1,100015.79,Spain,Male,0,1,1,0.9440024,High Risk,1690
675,36,3,54098.18,2,54478.52,Spain,Male,1,0,0,0.7432952,High Risk,1691
591,31,8,0.0,1,141677.33,Spain,Male,1,1,0,0.109249584,Low Risk,1692
602,23,7,113758.48,2,84077.6,France,Male,0,0,0,0.99204355,High Risk,1693
554,34,8,0.0,1,106981.03,Spain,Female,1,0,0,0.5008387,Medium Risk,1694
541,37,9,118636.92,1,73551.44,France,Male,1,1,0,0.7174839,High Risk,1695
506,34,7,0.0,2,115842.1,France,Male,0,0,0,0.99064577,High Risk,1696
814,44,8,95488.82,2,107013.59,Germany,Male,0,0,0,0.99705195,High Risk,1697
683,30,8,110829.52,2,24938.84,France,Male,0,0,0,0.99198747,High Risk,1698
485,51,7,144244.59,2,51113.14,Germany,Male,0,1,0,0.9853935,High Risk,1699
696,31,8,122021.92,2,33828.64,Germany,Female,0,1,0,0.9922633,High Risk,1700
608,30,8,0.0,2,128875.86,France,Female,0,1,0,0.9961876,High Risk,1701
792,50,9,0.0,4,194700.81,France,Male,1,1,1,0.6663867,Medium Risk,1702
686,22,5,0.0,2,158974.45,Spain,Male,0,1,0,0.9440024,High Risk,1703
790,42,1,85839.62,1,198182.73,Germany,Male,0,1,0,0.9841278,High Risk,1704
654,29,4,96974.97,1,141404.07,France,Female,1,0,0,0.7034939,High Risk,1705
452,35,4,148172.44,1,4175.68,France,Male,1,1,0,0.6220069,Medium Risk,1706
719,38,0,0.0,1,126876.47,Spain,Male,0,1,0,0.98974854,High Risk,1707
707,40,5,0.0,2,41052.82,France,Female,0,1,0,0.99878305,High Risk,1708
699,49,2,0.0,1,105760.01,France,Female,0,0,0,0.99845815,High Risk,1709
850,30,2,0.0,2,27937.12,Spain,Male,1,0,0,0.589743,Medium Risk,1710
828,28,8,134766.85,1,79355.87,Spain,Male,0,1,0,0.9885492,High Risk,1711
850,30,5,123210.56,2,102180.27,Germany,Male,1,1,0,0.8927608,High Risk,1712
712,47,1,139887.01,1,95719.73,Spain,Male,1,1,0,0.6269217,Medium Risk,1713
634,44,9,149961.11,1,57121.51,France,Male,0,1,0,0.98901844,High Risk,1714
730,45,6,152880.97,1,162478.11,Germany,Male,0,0,0,0.98299545,High Risk,1715
685,43,9,108589.47,2,194808.51,Germany,Male,1,0,0,0.63643175,Medium Risk,1716
809,33,9,0.0,1,124045.65,Spain,Male,1,1,0,0.30849448,Low Risk,1717
707,35,3,56674.48,1,17987.4,Spain,Female,0,1,1,0.9869849,High Risk,1718
648,32,8,0.0,1,133653.38,Spain,Male,0,1,0,0.9440024,High Risk,1719
760,57,1,0.0,2,25101.17,Spain,Female,1,1,0,0.73225206,High Risk,1720
805,33,3,105663.56,2,33330.89,Germany,Female,1,0,0,0.9356866,High Risk,1721
585,39,7,0.0,2,2401.26,France,Female,0,1,0,0.99891853,High Risk,1722
595,30,5,100683.54,1,178361.04,Spain,Female,1,1,0,0.48190334,Medium Risk,1723
630,42,6,0.0,2,162697.93,France,Male,0,1,0,0.9885787,High Risk,1724
627,29,5,139541.58,2,80607.33,Germany,Male,0,1,0,0.9905161,High Risk,1725
631,37,2,121801.72,2,23146.62,Germany,Female,1,0,0,0.6602953,Medium Risk,1726
776,38,5,112281.7,1,89893.6,Germany,Male,1,0,0,0.83330715,High Risk,1727
676,36,4,0.0,2,3173.31,Spain,Female,1,1,0,0.6460302,Medium Risk,1728
758,40,5,93499.82,2,123218.81,Spain,Female,0,0,0,0.98484415,High Risk,1729
637,33,0,132255.99,2,74588.41,France,Male,1,0,0,0.9348451,High Risk,1730
850,20,7,0.0,2,31288.77,France,Male,0,1,0,0.99667454,High Risk,1731
601,44,4,0.0,2,58561.31,Spain,Female,0,1,0,0.9972107,High Risk,1732
735,49,5,121973.28,1,148804.36,France,Male,0,1,0,0.9692657,High Risk,1733
614,32,7,99462.8,2,51117.06,Germany,Male,1,1,0,0.7096556,High Risk,1734
672,21,3,165878.76,2,164537.17,Germany,Female,1,1,0,0.64827466,Medium Risk,1735
642,30,8,117494.27,1,61977.82,France,Male,0,0,0,0.99379647,High Risk,1736
633,29,0,138577.34,1,193362.99,Germany,Female,0,1,0,0.981964,High Risk,1737
769,39,9,0.0,1,47722.79,Spain,Male,1,1,0,0.3932038,Low Risk,1738
796,41,8,107525.07,1,18510.41,Spain,Male,0,1,0,0.99199647,High Risk,1739
715,23,7,139224.92,2,65057.71,France,Male,0,1,0,0.9908049,High Risk,1740
695,42,7,121453.63,1,46374.64,France,Female,0,0,0,0.99397945,High Risk,1741
747,25,4,0.0,2,42039.67,France,Female,1,0,0,0.941952,High Risk,1742
584,54,1,77354.37,1,138192.98,Germany,Female,0,0,1,0.990558,High Risk,1743
476,40,6,0.0,1,22735.45,France,Male,1,1,0,0.62809825,Medium Risk,1744
850,39,7,79259.99,1,186910.74,France,Female,1,0,0,0.84298044,High Risk,1745
529,30,2,116295.29,1,75285.47,France,Male,0,1,0,0.9859346,High Risk,1746
584,59,1,0.0,1,130260.11,Spain,Female,1,0,1,0.683319,Medium Risk,1747
586,34,9,74309.81,1,15034.93,Germany,Male,0,1,0,0.98926497,High Risk,1748
674,34,2,152797.9,1,175709.4,Germany,Male,0,1,1,0.9589658,High Risk,1749
552,42,9,133701.07,2,101069.71,France,Male,0,1,1,0.9859346,High Risk,1750
601,33,7,114430.18,2,153012.13,Germany,Female,1,1,0,0.6130632,Medium Risk,1751
541,29,7,127504.57,1,86173.92,France,Male,0,0,0,0.99204355,High Risk,1752
744,41,2,84113.41,1,197548.63,Germany,Female,0,1,0,0.9737768,High Risk,1753
595,23,10,101126.66,2,37042.8,Spain,Female,0,0,0,0.99471843,High Risk,1754
724,33,5,103564.83,2,121085.72,Germany,Male,0,1,0,0.968322,High Risk,1755
533,52,7,0.0,1,194113.99,Spain,Female,1,0,1,0.5881292,Medium Risk,1756
618,37,2,168178.21,2,101273.23,France,Male,1,0,0,0.5870191,Medium Risk,1757
523,39,1,143903.11,1,118711.75,Germany,Female,1,1,1,0.770734,High Risk,1758
642,30,5,129753.69,1,582.53,Germany,Female,0,1,0,0.9939177,High Risk,1759
584,35,9,0.0,2,192381.21,France,Male,0,1,0,0.9838238,High Risk,1760
521,38,5,110641.18,1,136507.69,France,Male,1,0,1,0.5867379,Medium Risk,1761
662,36,4,166909.2,2,138871.12,France,Female,0,1,1,0.9805135,High Risk,1762
758,34,1,154139.45,1,60728.89,France,Female,1,1,0,0.81733686,High Risk,1763
717,38,7,97459.06,1,189175.71,France,Male,0,0,0,0.97911686,High Risk,1764
611,40,1,0.0,2,102547.56,France,Male,1,1,0,0.9495825,High Risk,1765
766,43,6,112088.04,2,36706.56,Germany,Male,1,1,0,0.67136395,Medium Risk,1766
636,34,3,0.0,2,44756.25,France,Female,1,1,0,0.8662853,High Risk,1767
814,48,7,0.0,2,132870.15,France,Female,1,1,0,0.88541204,High Risk,1768
760,28,1,141038.57,2,16287.38,Spain,Male,0,0,0,0.99365145,High Risk,1769
607,39,2,84468.67,2,121945.42,Germany,Male,1,1,0,0.2942497,Low Risk,1770
725,36,4,118520.26,1,131173.9,Spain,Female,0,0,1,0.98484415,High Risk,1771
600,37,1,142663.46,1,88669.89,France,Male,1,0,0,0.9081794,High Risk,1772
656,27,4,118627.16,2,160835.3,Germany,Male,1,1,0,0.48267436,Medium Risk,1773
640,34,1,137523.02,1,24761.36,Spain,Male,0,0,0,0.99189913,High Risk,1774
439,28,7,110976.23,2,138526.96,France,Male,0,1,0,0.97418165,High Risk,1775
549,38,8,107283.4,1,157442.75,France,Female,0,0,0,0.98895055,High Risk,1776
622,38,5,0.0,2,105295.77,France,Male,0,0,0,0.9934088,High Risk,1777
715,34,4,124314.45,1,97782.92,France,Male,0,0,0,0.99049544,High Risk,1778
657,41,5,95858.37,1,68255.88,France,Female,1,1,0,0.7966556,High Risk,1779
703,36,2,0.0,2,108790.95,France,Male,0,1,0,0.98076725,High Risk,1780
802,33,8,0.0,2,143706.18,France,Male,0,1,0,0.99379236,High Risk,1781
793,36,0,0.0,1,148993.47,Spain,Female,0,0,0,0.9986835,High Risk,1782
554,35,6,117707.18,2,95277.15,France,Female,0,0,1,0.9940217,High Risk,1783
533,38,1,135289.33,2,152956.33,Spain,Male,1,0,0,0.7606446,High Risk,1784
658,36,8,174060.46,1,94925.62,France,Male,1,1,0,0.7174839,High Risk,1785
713,40,3,114446.84,2,87308.18,Germany,Male,1,1,0,0.7255311,High Risk,1786
711,37,2,0.0,2,83978.86,Spain,Male,0,1,1,0.9478095,High Risk,1787
669,25,1,157848.53,1,37543.93,France,Male,0,0,1,0.9937617,High Risk,1788
439,43,8,0.0,1,104889.3,France,Female,1,0,0,0.83637416,High Risk,1789
763,37,6,0.0,2,149705.25,Spain,Female,1,1,0,0.4505659,Medium Risk,1790
697,74,3,108071.36,2,16445.79,Germany,Female,1,1,0,0.6699041,Medium Risk,1791
702,35,8,14262.8,2,54689.16,Spain,Female,0,1,0,0.994776,High Risk,1792
686,41,7,102749.72,1,194913.86,Spain,Male,1,0,0,0.50345665,Medium Risk,1793
629,36,1,161757.87,2,146371.72,Spain,Male,1,1,0,0.6269217,Medium Risk,1794
823,38,1,0.0,2,156603.7,France,Male,0,1,0,0.99830085,High Risk,1795
683,35,5,95698.79,1,182566.76,Germany,Female,1,0,0,0.7146422,High Risk,1796
555,37,9,124969.13,1,60194.05,France,Male,0,1,0,0.9908049,High Risk,1797
647,44,4,93960.35,1,36579.53,Germany,Male,0,1,1,0.9853935,High Risk,1798
714,51,4,88308.87,3,5862.53,France,Female,0,0,1,0.99310863,High Risk,1799
850,39,10,0.0,2,143030.09,Spain,Female,1,1,0,0.6769948,Medium Risk,1800
713,59,3,0.0,2,62700.08,France,Female,1,1,0,0.89342475,High Risk,1801
452,30,7,112935.87,1,99017.34,France,Male,1,1,0,0.7174839,High Risk,1802
683,24,8,98567.1,1,187987.01,Spain,Female,0,1,0,0.976253,High Risk,1803
577,26,1,180530.51,1,123454.62,France,Female,0,0,0,0.9884311,High Risk,1804
552,33,5,140931.57,1,10921.5,France,Male,1,0,0,0.70984423,High Risk,1805
769,31,7,148913.72,2,53817.23,Germany,Female,0,1,0,0.9922633,High Risk,1806
691,38,7,0.0,2,81617.4,France,Male,0,0,0,0.997682,High Risk,1807
818,49,2,0.0,1,192298.84,France,Female,1,0,1,0.9308186,High Risk,1808
739,41,5,0.0,2,143882.25,France,Male,0,0,0,0.9934088,High Risk,1809
639,50,6,115335.32,2,53130.41,France,Female,1,1,0,0.7966556,High Risk,1810
651,65,0,0.0,2,190454.04,France,Female,1,1,0,0.8991129,High Risk,1811
779,26,0,0.0,2,111906.0,France,Female,1,0,0,0.9394615,High Risk,1812
850,33,7,134678.13,1,113177.95,Germany,Female,0,1,0,0.9970674,High Risk,1813
829,38,9,0.0,2,30529.88,France,Male,0,1,0,0.9971777,High Risk,1814
579,31,2,90547.48,2,18800.13,Germany,Male,1,1,0,0.48445255,Medium Risk,1815
510,32,9,103324.78,1,46127.7,France,Male,1,1,0,0.71604556,High Risk,1816
531,29,3,114590.58,1,75585.48,France,Male,0,0,0,0.99049544,High Risk,1817
628,36,3,91286.51,1,63085.94,Germany,Female,0,1,0,0.9928422,High Risk,1818
633,32,5,163340.12,2,74415.2,Spain,Male,1,1,0,0.40787992,Medium Risk,1819
714,45,8,150900.29,2,139889.15,Spain,Male,1,0,0,0.50345665,Medium Risk,1820
604,23,9,124577.33,1,7267.25,Spain,Male,1,1,0,0.44131276,Medium Risk,1821
630,35,1,0.0,2,186826.22,Spain,Male,0,0,0,0.9951374,High Risk,1822
850,31,4,91292.7,1,162149.07,Spain,Female,1,1,0,0.6717409,Medium Risk,1823
788,57,8,93716.72,1,180150.49,Germany,Female,1,1,1,0.77707374,High Risk,1824
798,37,4,111723.08,1,83478.12,France,Female,1,1,0,0.9116025,High Risk,1825
770,45,4,110765.68,1,26163.74,Germany,Male,0,1,1,0.98718333,High Risk,1826
569,25,9,173459.45,2,44381.06,Germany,Male,1,1,0,0.67311406,Medium Risk,1827
425,22,7,169649.73,2,136365.0,Spain,Female,1,0,1,0.6344764,Medium Risk,1828
547,31,9,0.0,2,99294.22,Spain,Female,0,0,0,0.9935137,High Risk,1829
725,45,8,116917.07,1,173464.43,Germany,Male,0,0,1,0.98299545,High Risk,1830
506,37,5,0.0,2,127543.81,France,Male,1,1,0,0.43144652,Medium Risk,1831
632,36,7,0.0,2,52526.65,France,Female,1,1,0,0.89342475,High Risk,1832
620,22,0,0.0,1,32589.45,France,Male,0,1,0,0.99884605,High Risk,1833
663,32,8,130627.66,1,47161.25,Germany,Male,0,1,1,0.98776245,High Risk,1834
700,46,5,56580.95,2,45424.13,Spain,Female,1,0,0,0.80764085,High Risk,1835
696,38,6,142316.14,1,8018.49,Germany,Male,1,1,0,0.61463976,Medium Risk,1836
767,31,6,0.0,2,195668.0,Spain,Male,1,1,0,0.109249584,Low Risk,1837
561,56,7,152759.0,2,133167.11,France,Male,0,1,1,0.9692657,High Risk,1838
350,39,0,109733.2,2,123602.11,Germany,Male,0,0,1,0.98157674,High Risk,1839
706,54,9,117444.51,1,186238.85,France,Male,1,1,0,0.48848805,Medium Risk,1840
464,34,5,76001.57,1,158668.87,Spain,Female,1,1,0,0.43738797,Medium Risk,1841
501,34,3,107747.57,1,9249.36,France,Female,0,1,0,0.99217457,High Risk,1842
745,35,8,0.0,2,116581.1,Spain,Female,1,1,0,0.36557052,Low Risk,1843
587,36,1,134997.49,2,44688.08,France,Female,0,1,0,0.9921774,High Risk,1844
667,48,2,0.0,2,148608.39,France,Female,1,1,0,0.6336259,Medium Risk,1845
737,36,9,0.0,1,188670.9,France,Male,1,0,1,0.48145545,Medium Risk,1846
485,30,7,0.0,1,107067.37,Spain,Female,0,1,0,0.98875964,High Risk,1847
590,37,0,64345.21,1,61759.33,Spain,Female,1,0,1,0.88798594,High Risk,1848
518,35,8,141665.63,1,192776.64,Germany,Female,1,0,0,0.7497707,High Risk,1849
581,29,8,0.0,2,46735.19,Spain,Female,0,1,0,0.99603504,High Risk,1850
785,33,5,136624.6,2,169117.74,Germany,Female,1,1,0,0.77707374,High Risk,1851
799,52,4,161209.66,1,89081.41,France,Female,1,1,0,0.88744146,High Risk,1852
698,38,10,95010.92,1,105227.86,Spain,Male,1,1,0,0.39078698,Low Risk,1853
730,41,4,167545.32,1,128246.81,France,Female,0,1,0,0.9805135,High Risk,1854
740,36,4,109044.6,1,94554.74,Germany,Female,0,0,1,0.9962023,High Risk,1855
785,47,9,122031.55,1,33823.5,France,Female,1,1,1,0.88851434,High Risk,1856
527,29,2,27755.97,1,97468.44,Spain,Female,0,1,1,0.64573085,Medium Risk,1857
544,29,1,118560.55,1,164137.36,France,Female,1,1,0,0.5294213,Medium Risk,1858
705,61,4,0.0,2,191313.7,France,Male,1,1,0,0.60360426,Medium Risk,1859
684,34,9,0.0,2,65257.57,France,Male,1,1,0,0.5196995,Medium Risk,1860
639,28,8,97840.72,1,178222.77,Spain,Female,1,1,0,0.3736232,Low Risk,1861
565,38,2,158651.29,2,179445.28,Germany,Female,1,1,0,0.9859346,High Risk,1862
481,44,9,175303.06,1,65500.53,France,Male,0,1,1,0.9623019,High Risk,1863
731,25,8,96950.21,1,97877.92,Spain,Male,0,1,0,0.5867379,Medium Risk,1864
607,45,7,123859.6,1,113051.57,France,Male,1,0,0,0.6734849,Medium Risk,1865
760,32,7,0.0,2,105969.05,France,Female,1,1,0,0.85733265,High Risk,1866
559,70,9,0.0,1,122996.76,France,Female,1,1,0,0.7966556,High Risk,1867
715,33,3,85227.84,1,68087.15,France,Female,1,1,0,0.74535286,High Risk,1868
656,36,8,97786.08,2,21478.36,France,Male,1,0,0,0.9733847,High Risk,1869
652,33,7,128135.99,1,158437.73,Germany,Male,0,1,0,0.9858708,High Risk,1870
624,33,6,0.0,2,76551.7,Spain,Male,0,0,0,0.9762477,High Risk,1871
634,36,2,85996.19,1,15887.68,Spain,Male,0,1,0,0.8681284,High Risk,1872
850,50,10,0.0,2,33741.84,Spain,Female,1,1,0,0.99289685,High Risk,1873
659,39,1,104502.11,1,20652.69,Germany,Female,0,1,0,0.34901834,Low Risk,1874
529,35,5,95772.97,1,112781.5,Spain,Male,1,1,0,0.50345665,Medium Risk,1875
572,31,5,98108.79,1,119996.95,Spain,Male,1,0,0,0.78302675,High Risk,1876
640,39,9,131607.28,4,6981.43,Germany,Male,1,0,1,0.95522803,High Risk,1877
770,55,9,63127.41,2,185211.28,Spain,Male,0,1,1,0.22572947,Low Risk,1878
648,35,7,0.0,2,78436.36,Spain,Male,1,1,0,0.48145545,Medium Risk,1879
579,31,9,0.0,1,139048.0,France,Male,1,0,0,0.9830831,High Risk,1880
589,36,9,140355.56,2,136329.96,Germany,Female,0,1,0,0.5181338,Medium Risk,1881
530,36,2,0.0,2,14721.8,Spain,Female,1,1,0,0.82016414,High Risk,1882
831,30,2,0.0,2,3430.38,France,Male,1,0,0,0.8228377,High Risk,1883
790,24,7,107418.27,1,160450.21,Germany,Male,1,0,0,0.99537,High Risk,1884
656,35,6,0.0,2,1485.27,France,Male,0,1,0,0.33368382,Low Risk,1885
563,32,6,0.0,2,19720.08,Spain,Male,1,1,0,0.6049139,Medium Risk,1886
667,39,7,167557.12,1,41183.02,Spain,Male,1,1,0,0.9623019,High Risk,1887
613,34,8,117300.02,1,139410.08,Spain,Male,0,1,0,0.5294213,Medium Risk,1888
429,60,7,0.0,2,163691.48,France,Male,1,1,0,0.6182761,Medium Risk,1889
665,23,9,143672.9,1,115147.33,France,Female,1,1,0,0.68425333,Medium Risk,1890
731,33,4,0.0,2,74945.11,France,Male,1,1,0,0.8160334,High Risk,1891
584,37,1,0.0,2,180363.56,France,Female,1,1,0,0.99098283,High Risk,1892
634,31,8,76798.92,1,196021.73,Germany,Female,0,0,0,0.43144652,Medium Risk,1893
488,34,3,0.0,2,125979.36,France,Male,1,1,0,0.97172,High Risk,1894
535,49,7,115309.75,1,111421.77,Spain,Female,0,1,0,0.6562869,Medium Risk,1895
776,29,7,178171.04,2,115818.51,France,Female,1,1,0,0.8385528,High Risk,1896
850,38,3,0.0,2,179360.76,Spain,Female,1,0,0,0.9980394,High Risk,1897
673,37,0,0.0,2,82351.06,Spain,Female,0,0,0,0.77707374,High Risk,1898
850,45,5,127258.79,1,192744.23,Germany,Female,1,1,1,0.36557052,Low Risk,1899
627,30,6,0.0,1,113408.47,Spain,Female,1,1,0,0.6734849,Medium Risk,1900
570,33,8,0.0,1,124641.42,France,Female,1,1,0,0.82396555,High Risk,1901
796,67,5,0.0,2,54871.02,Spain,Male,1,0,0,0.42539948,Medium Risk,1902
773,33,10,0.0,1,98820.09,Spain,Female,1,1,0,0.22700946,Low Risk,1903
752,36,2,0.0,2,45570.84,Spain,Male,1,1,0,0.50809276,Medium Risk,1904
625,69,1,107569.96,1,182336.45,Spain,Female,1,1,0,0.6375706,Medium Risk,1905
535,20,9,134874.4,1,118825.56,Germany,Male,1,1,0,0.9989794,High Risk,1906
786,29,4,0.0,2,103372.79,France,Female,0,1,0,0.9298862,High Risk,1907
620,67,3,0.0,2,43486.73,France,Female,1,1,0,0.70076746,High Risk,1908
605,48,6,0.0,2,40062.99,Spain,Female,1,1,0,0.9972107,High Risk,1909
670,32,3,0.0,2,46175.7,Spain,Female,0,1,0,0.62754667,Medium Risk,1910
617,42,0,70105.87,1,120830.73,Spain,Male,1,1,0,0.9960226,High Risk,1911
595,41,9,0.0,2,5967.09,France,Male,0,1,0,0.9798269,High Risk,1912
687,29,4,78939.15,1,122134.56,Germany,Female,0,1,1,0.75976974,High Risk,1913
757,30,6,105128.85,2,62972.13,Germany,Male,1,1,0,0.34901834,Low Risk,1914
746,31,2,113836.27,1,174815.54,Spain,Male,1,1,0,0.24048276,Low Risk,1915
503,25,7,0.0,1,192841.13,Spain,Male,1,0,0,0.99433196,High Risk,1916
543,48,1,100900.5,1,33310.72,Germany,Male,0,0,1,0.9908222,High Risk,1917
428,40,3,129248.11,2,72876.43,Germany,Female,0,1,1,0.8396498,High Risk,1918
768,28,3,109118.05,2,50911.41,France,Female,1,0,0,0.43144652,Medium Risk,1919
618,56,7,0.0,1,142400.27,France,Male,1,1,1,0.8879773,High Risk,1920
591,31,7,0.0,2,48778.46,France,Female,1,0,0,0.98680854,High Risk,1921
658,35,5,126397.66,1,156361.58,France,Female,0,0,1,0.97418165,High Risk,1922
625,36,9,108546.16,3,133807.77,France,Male,0,1,1,0.9601767,High Risk,1923
717,36,2,148061.89,1,179128.69,France,Male,0,1,1,0.6797588,Medium Risk,1924
667,44,8,122277.87,1,91810.71,France,Male,1,1,0,0.99379236,High Risk,1925
804,24,3,0.0,2,173195.33,France,Male,0,1,0,0.9429226,High Risk,1926
693,31,1,0.0,2,182270.88,France,Male,1,0,0,0.9733847,High Risk,1927
729,36,8,152899.24,2,177130.33,Germany,Male,0,1,0,0.9898519,High Risk,1928
484,54,3,134388.11,1,49954.79,Germany,Male,0,0,1,0.97172,High Risk,1929
632,40,3,109740.62,1,141896.74,Spain,Female,0,1,0,0.9733847,High Risk,1930
536,23,6,92366.72,2,120661.71,Germany,Male,0,1,0,0.98895055,High Risk,1931
573,26,4,129109.02,1,149814.68,France,Female,0,0,1,0.70076746,High Risk,1932
655,56,5,0.0,2,41782.7,Spain,Female,1,1,0,0.6324989,Medium Risk,1933
666,74,7,105102.5,1,46172.47,Germany,Male,1,1,0,0.99037,High Risk,1934
726,30,5,111375.32,2,2704.09,Germany,Male,0,1,0,0.99483573,High Risk,1935
523,39,3,0.0,2,6726.53,France,Male,0,1,0,0.9830831,High Risk,1936
728,33,9,150412.14,2,170764.08,Germany,Female,0,1,0,0.985836,High Risk,1937
701,30,3,156660.72,2,45742.42,France,Male,0,1,0,0.5867379,Medium Risk,1938
518,38,3,90957.81,1,162304.59,France,Male,1,0,0,0.8021578,High Risk,1939
739,37,7,104960.46,1,80883.82,France,Male,1,0,0,0.99231756,High Risk,1940
531,31,7,117052.82,1,118508.09,Germany,Female,0,1,1,0.9422351,High Risk,1941
452,44,3,88915.85,1,69697.74,Spain,Male,0,1,0,0.9692657,High Risk,1942
684,45,6,148071.39,1,183575.01,France,Male,0,1,0,0.98299545,High Risk,1943
728,39,6,152182.83,1,161203.6,Germany,Male,0,0,0,0.9912621,High Risk,1944
783,39,9,0.0,2,143752.77,Spain,Male,0,1,0,0.98248553,High Risk,1945
734,22,5,130056.23,1,121894.31,France,Male,0,0,1,0.48069128,Medium Risk,1946
648,34,3,95039.73,2,147055.87,Germany,Male,1,1,0,0.8944445,High Risk,1947
688,52,1,0.0,2,172033.57,France,Male,1,1,0,0.96705574,High Risk,1948
680,35,9,0.0,2,143774.06,Spain,Male,0,0,0,0.381927,Low Risk,1949
516,43,2,112773.73,2,139366.58,France,Female,1,1,0,0.99421704,High Risk,1950
680,37,10,123806.28,1,81776.84,France,Female,0,1,1,0.9692657,High Risk,1951
604,53,8,144453.75,1,190998.96,France,Male,0,1,1,0.7524989,High Risk,1952
624,27,9,94667.29,2,4470.52,Germany,Male,1,0,0,0.5386745,Medium Risk,1953
623,21,10,0.0,2,135851.3,France,Male,1,0,0,0.34901834,Low Risk,1954
624,51,5,174397.21,2,172372.63,Spain,Male,1,1,0,0.5300834,Medium Risk,1955
565,58,3,108888.24,3,135875.51,Germany,Female,1,0,1,0.42200515,Medium Risk,1956
565,55,4,118803.35,2,128124.7,France,Male,1,1,1,0.48848805,Medium Risk,1957
710,54,6,171137.62,1,167023.95,France,Male,1,1,1,0.9934088,High Risk,1958
645,42,6,0.0,1,149807.01,France,Male,0,0,0,0.9908049,High Risk,1959
707,33,8,136678.52,1,54290.62,France,Male,0,1,0,0.9751516,High Risk,1960
655,36,1,135515.76,1,86013.96,Spain,Female,0,1,0,0.9900883,High Risk,1961
705,24,5,177799.83,2,79886.06,Spain,Female,0,0,0,0.97172,High Risk,1962
358,52,8,143542.36,3,141959.11,Spain,Female,0,1,1,0.9905161,High Risk,1963
578,34,8,147487.23,2,66680.77,Germany,Male,0,1,0,0.99736315,High Risk,1964
800,40,5,97764.41,1,98640.15,France,Female,0,1,1,0.9978071,High Risk,1965
612,33,9,0.0,1,142797.5,France,Female,0,0,1,0.5697558,Medium Risk,1966
681,48,8,139480.18,1,163581.67,Germany,Female,1,1,0,0.15385811,Low Risk,1967
559,25,5,0.0,2,163221.22,Spain,Male,1,1,0,0.99492127,High Risk,1968
488,39,9,140553.46,1,12440.44,Spain,Female,0,0,0,0.74590164,High Risk,1969
717,36,5,0.0,2,145551.6,France,Female,1,1,0,0.9925298,High Risk,1970
666,41,10,141162.08,1,50908.48,France,Female,0,1,0,0.9825593,High Risk,1971
582,26,4,65848.36,2,30149.21,Spain,Male,0,1,0,0.9957489,High Risk,1972
733,30,0,83319.28,1,57769.2,Spain,Female,0,0,0,0.9934088,High Risk,1973
693,41,4,0.0,2,156381.47,France,Male,0,0,0,0.9805135,High Risk,1974
694,33,4,129731.64,2,178123.86,France,Female,0,1,0,0.99878305,High Risk,1975
622,35,5,0.0,2,51112.8,France,Female,0,1,0,0.9954335,High Risk,1976
598,38,6,0.0,2,173783.38,Spain,Female,0,0,0,0.9951374,High Risk,1977
717,35,1,0.0,3,174770.14,Spain,Male,0,0,1,0.968322,High Risk,1978
494,37,5,107106.33,2,172063.09,Germany,Male,0,1,0,0.34777498,Low Risk,1979
644,33,8,0.0,2,155294.17,France,Male,1,1,0,0.81989306,High Risk,1980
554,30,9,0.0,2,40320.3,France,Female,1,1,0,0.661404,Medium Risk,1981
476,69,1,105303.73,1,134260.34,Spain,Female,1,0,0,0.97418165,High Risk,1982
667,28,6,165798.1,1,147090.9,France,Male,0,1,0,0.9920753,High Risk,1983
748,40,4,0.0,2,132368.47,Spain,Female,0,1,0,0.47031412,Medium Risk,1984
531,45,1,126495.57,2,164741.5,Spain,Female,1,1,0,0.98991185,High Risk,1985
719,47,9,116393.59,1,63051.32,Spain,Female,0,1,1,0.99090147,High Risk,1986
845,41,2,81733.74,2,199761.29,Germany,Female,0,0,0,0.79051125,High Risk,1987
738,54,4,0.0,1,55725.04,France,Male,1,0,1,0.97172,High Risk,1988
563,46,8,106171.68,1,163145.5,Spain,Female,0,1,1,0.7134354,High Risk,1989
695,28,0,96020.86,1,57992.49,Spain,Male,1,1,0,0.8666351,High Risk,1990
841,41,1,0.0,2,193093.77,Spain,Male,1,0,0,0.47921234,Medium Risk,1991
626,36,2,181671.16,2,57531.14,Germany,Male,1,1,0,0.84502864,High Risk,1992
613,29,6,185709.28,2,77242.19,France,Female,1,1,0,0.993471,High Risk,1993
824,60,8,134250.17,3,153046.16,Germany,Male,0,0,1,0.99905926,High Risk,1994
705,49,7,0.0,1,63405.2,France,Female,0,1,1,0.5783935,Medium Risk,1995
584,44,5,95671.75,2,106564.88,France,Female,1,1,0,0.9949232,High Risk,1996
534,62,2,0.0,2,42763.12,France,Male,0,0,1,0.6104177,Medium Risk,1997
672,34,1,142151.75,2,168753.34,France,Female,1,1,0,0.6220069,Medium Risk,1998
603,43,5,127823.93,1,19483.35,France,Male,1,1,0,0.41440976,Medium Risk,1999
633,43,3,144164.29,1,158646.46,Germany,Male,1,1,0,0.9265222,High Risk,2000
842,58,1,63492.94,1,83172.19,France,Male,1,1,0,0.9449375,High Risk,2001
661,27,3,0.0,2,76889.79,France,Female,1,1,0,0.7672262,High Risk,2002
601,74,2,0.0,2,51554.58,France,Male,1,0,0,0.81691116,High Risk,2003
632,41,0,106134.46,1,105570.39,France,Male,1,0,0,0.83440757,High Risk,2004
684,29,8,127269.75,1,79495.01,Germany,Male,1,0,0,0.9356866,High Risk,2005
785,32,3,124493.03,2,52583.79,Germany,Female,1,0,1,0.9947924,High Risk,2006
687,39,7,0.0,2,26848.25,France,Male,0,1,0,0.83774173,High Risk,2007
705,43,10,146547.78,1,10072.55,Germany,Female,1,0,1,0.9692657,High Risk,2008
639,43,6,99610.92,2,187296.78,France,Male,0,1,0,0.9854952,High Risk,2009
729,46,5,117837.43,1,104016.61,Germany,Male,0,1,1,0.43738797,Medium Risk,2010
556,48,8,168522.37,1,151310.16,Spain,Female,1,1,0,0.82908934,High Risk,2011
570,32,9,117337.54,2,62810.91,France,Male,1,0,0,0.89991367,High Risk,2012
841,74,9,108131.53,1,60830.38,France,Male,1,0,0,0.9854952,High Risk,2013
705,35,4,136496.12,2,116672.02,Germany,Male,0,1,0,0.9859346,High Risk,2014
553,32,3,116324.53,1,77304.49,France,Male,0,1,0,0.69082886,Medium Risk,2015
779,40,2,75470.23,1,52894.01,Germany,Female,1,1,0,0.4458471,Medium Risk,2016
696,28,4,172646.82,1,116471.43,France,Male,1,1,0,0.997943,High Risk,2017
728,37,4,0.0,1,4539.38,Spain,Female,0,0,0,0.968322,High Risk,2018
691,27,3,160358.68,2,142367.72,Germany,Male,0,1,0,0.48848805,Medium Risk,2019
706,30,3,98415.37,1,110520.48,France,Male,1,1,0,0.9830831,High Risk,2020
627,30,6,57809.32,1,188258.49,Germany,Female,0,1,0,0.98938704,High Risk,2021
716,18,3,128743.8,1,197322.13,Germany,Female,0,0,0,0.9878477,High Risk,2022
501,24,4,130806.42,2,80241.14,Germany,Male,0,1,0,0.8165111,High Risk,2023
601,41,1,123971.16,1,172814.99,France,Male,1,0,0,0.9983962,High Risk,2024
545,39,6,0.0,1,38410.74,Spain,Female,0,0,1,0.9970277,High Risk,2025
634,45,9,0.0,2,17622.82,France,Male,0,0,0,0.8326576,High Risk,2026
451,23,9,0.0,2,48021.71,Spain,Female,1,0,0,0.99879164,High Risk,2027
655,59,7,0.0,1,88958.49,France,Female,0,1,1,0.9979358,High Risk,2028
458,39,9,0.0,2,116343.09,France,Female,0,1,0,0.48848805,Medium Risk,2029
520,33,4,156297.58,2,166102.61,France,Male,1,1,0,0.6326514,Medium Risk,2030
624,28,2,0.0,2,104353.26,Spain,Female,1,0,0,0.42200515,Medium Risk,2031
765,51,3,123372.3,1,115429.32,France,Male,1,1,0,0.9798269,High Risk,2032
667,37,5,92171.35,3,178106.34,Germany,Female,0,1,1,0.9599864,High Risk,2033
665,41,8,0.0,2,132152.32,Spain,Male,0,1,0,0.61463976,Medium Risk,2034
709,34,4,148375.19,2,21521.38,Germany,Male,1,1,0,0.8662853,High Risk,2035
583,44,8,0.0,2,27431.62,France,Female,1,1,0,0.8840142,High Risk,2036
782,34,6,147422.44,1,42143.61,Spain,Male,1,0,0,0.987301,High Risk,2037
668,24,7,173962.32,1,106457.11,Spain,Female,0,0,1,0.85029644,High Risk,2038
621,47,0,0.0,1,133831.37,France,Male,1,1,1,0.6063779,Medium Risk,2039
579,64,6,145215.43,1,164083.72,Germany,Female,1,1,0,0.6710051,Medium Risk,2040
547,38,5,167539.97,1,159207.34,France,Female,1,0,0,0.9958865,High Risk,2041
840,39,1,94968.97,1,84487.62,France,Female,0,1,0,0.9918955,High Risk,2042
667,27,3,106116.5,2,3674.71,Germany,Female,0,1,0,0.74624574,High Risk,2043
723,34,5,0.0,2,12092.03,France,Male,1,0,0,0.99125457,High Risk,2044
487,45,2,0.0,2,77475.73,France,Male,0,1,0,0.99900514,High Risk,2045
668,31,9,0.0,2,41291.73,France,Female,0,0,0,0.68047357,Medium Risk,2046
520,34,8,120018.86,2,343.38,Germany,Male,1,1,0,0.9789954,High Risk,2047
549,37,2,112541.54,2,47432.43,France,Male,0,0,0,0.9805135,High Risk,2048
567,35,5,166118.45,2,127827.18,France,Female,0,1,0,0.7756862,High Risk,2049
720,45,1,102882.4,2,35633.15,France,Female,1,1,1,0.74590164,High Risk,2050
492,49,8,0.0,1,182865.09,France,Female,1,1,1,0.9884311,High Risk,2051
712,37,1,106881.5,2,169386.81,France,Female,0,0,0,0.6382677,Medium Risk,2052
689,26,4,120727.97,1,149073.88,Germany,Male,1,0,0,0.9919624,High Risk,2053
850,63,8,169832.57,1,184107.26,France,Male,0,0,1,0.62809825,Medium Risk,2054
747,41,5,0.0,2,22750.17,France,Male,1,1,0,0.9942947,High Risk,2055
469,38,9,113599.42,1,11950.29,Germany,Male,0,0,0,0.14860974,Low Risk,2056
539,38,6,0.0,1,152880.07,Spain,Male,1,1,1,0.9838238,High Risk,2057
743,32,9,0.0,2,175252.78,France,Male,0,1,0,0.9885787,High Risk,2058
707,47,3,0.0,2,174303.29,France,Male,0,1,0,0.4505659,Medium Risk,2059
581,50,4,0.0,2,80701.72,Spain,Female,1,1,0,0.95522803,High Risk,2060
737,38,6,146282.79,2,198516.2,Spain,Male,0,1,0,0.9798269,High Risk,2061
445,38,6,119413.62,2,175756.36,Germany,Female,0,1,0,0.8927012,High Risk,2062
703,29,3,122084.63,1,82824.08,Germany,Female,1,0,0,0.98229283,High Risk,2063
588,35,1,103060.63,1,179866.01,Germany,Female,0,1,1,0.43144652,Medium Risk,2064
765,44,6,0.0,2,159899.97,France,Male,1,1,0,0.9838238,High Risk,2065
626,33,8,0.0,2,138504.28,France,Male,0,1,0,0.5254974,Medium Risk,2066
545,37,9,110483.86,1,127394.67,Germany,Male,1,1,0,0.76542133,High Risk,2067
744,31,9,120718.28,1,58961.49,France,Male,1,1,0,0.97172,High Risk,2068
658,31,2,36566.96,1,103644.98,Spain,Female,0,1,1,0.6746711,Medium Risk,2069
629,28,8,108601.0,1,119647.7,Germany,Male,1,1,0,0.99878305,High Risk,2070
719,42,4,0.0,1,28465.86,France,Female,0,1,1,0.4505659,Medium Risk,2071
686,36,5,0.0,2,152979.14,Spain,Female,1,1,0,0.43144652,Medium Risk,2072
743,36,4,0.0,2,190911.02,France,Male,1,1,0,0.32575414,Low Risk,2073
626,48,2,0.0,2,95794.98,Spain,Female,1,1,0,0.97676086,High Risk,2074
661,44,1,141136.62,1,189742.78,Germany,Male,0,1,1,0.48069128,Medium Risk,2075
710,45,9,108231.37,1,188574.08,Germany,Male,1,1,0,0.9934088,High Risk,2076
654,40,6,0.0,1,183872.88,France,Male,0,0,1,0.98484415,High Risk,2077
569,34,6,144855.34,1,196555.32,Spain,Female,0,0,0,0.2659978,Low Risk,2078
640,63,2,68432.45,2,112503.24,France,Male,1,1,1,0.985836,High Risk,2079
562,45,6,136855.24,1,46864.0,France,Male,0,1,0,0.9909797,High Risk,2080
721,55,3,44020.89,1,65864.4,France,Female,0,1,1,0.5254974,Medium Risk,2081
456,32,9,133060.63,1,125167.92,Germany,Male,1,1,0,0.3883425,Low Risk,2082
811,39,7,0.0,2,177519.39,Spain,Male,1,1,0,0.8846788,High Risk,2083
534,24,1,0.0,1,169653.32,France,Male,1,1,0,0.9805135,High Risk,2084
423,36,5,97665.61,1,118372.55,France,Female,0,1,1,0.98926497,High Risk,2085
594,28,5,185013.02,1,16481.12,Germany,Male,0,1,0,0.5487724,Medium Risk,2086
725,32,0,0.0,2,138525.19,Spain,Female,1,1,0,0.99217457,High Risk,2087
716,52,7,65971.61,2,14608.0,France,Female,0,1,1,0.8694505,High Risk,2088
595,41,9,150463.11,2,81548.38,Germany,Female,1,0,0,0.99964225,High Risk,2089
679,33,1,0.0,2,69608.48,France,Female,0,0,0,0.988897,High Risk,2090
667,39,9,0.0,2,68873.8,Spain,Male,0,1,0,0.9930889,High Risk,2091
661,37,5,136425.18,1,81102.81,France,Female,0,1,0,0.4342282,Medium Risk,2092
655,38,3,250898.09,3,81054.0,Spain,Male,1,0,1,0.61873245,Medium Risk,2093
555,55,4,146798.81,1,74149.77,France,Male,1,1,0,0.9951374,High Risk,2094
531,70,1,0.0,2,99503.19,Spain,Male,0,0,0,0.9918955,High Risk,2095
611,40,7,128486.91,2,10109.47,Germany,Female,0,1,0,0.85487115,High Risk,2096
600,38,9,0.0,2,58855.85,France,Female,1,1,0,0.7606446,High Risk,2097
531,37,1,143407.29,2,84402.46,Spain,Male,1,0,0,0.99878305,High Risk,2098
601,43,2,0.0,1,49713.87,France,Female,0,1,1,0.48848805,Medium Risk,2099
548,57,6,76165.65,1,133537.53,France,Male,1,1,0,0.9885787,High Risk,2100
759,40,4,0.0,2,124615.59,France,Male,0,1,0,0.5881292,Medium Risk,2101
678,49,8,0.0,2,98090.69,Spain,Female,1,0,0,0.7776182,High Risk,2102
755,33,6,90560.3,2,42607.69,Germany,Female,1,1,0,0.38084665,Low Risk,2103
594,61,3,62391.22,1,192434.11,France,Male,1,1,0,0.997682,High Risk,2104
768,42,5,0.0,3,60686.4,France,Male,0,0,0,0.81989306,High Risk,2105
492,31,7,0.0,2,49463.44,France,Female,1,1,0,0.9937273,High Risk,2106
637,55,1,123378.2,1,81431.99,Germany,Female,0,1,1,0.7127046,High Risk,2107
646,42,3,99836.47,1,22909.56,Spain,Female,1,0,0,0.62998813,Medium Risk,2108
593,74,5,161434.36,2,65532.17,Germany,Male,1,1,0,0.2330935,Low Risk,2109
596,41,5,0.0,2,141053.85,Spain,Male,1,0,0,0.6952937,Medium Risk,2110
722,48,10,138311.76,1,3472.63,Germany,Female,1,1,1,0.9926569,High Risk,2111
642,25,7,0.0,2,102083.78,France,Male,0,1,0,0.99679416,High Risk,2112
472,28,4,0.0,2,1801.77,Spain,Female,0,1,0,0.993979,High Risk,2113
738,35,6,101744.84,1,85185.44,Germany,Male,0,0,0,0.9440024,High Risk,2114
732,33,8,0.0,1,119882.7,Spain,Male,0,1,0,0.9880294,High Risk,2115
404,54,4,125456.07,1,83715.66,Germany,Female,0,1,1,0.99483573,High Risk,2116
701,44,7,0.0,2,23425.78,France,Male,0,1,0,0.6897481,Medium Risk,2117
683,31,2,0.0,2,77326.78,France,Male,1,0,0,0.9961876,High Risk,2118
460,27,7,0.0,2,156150.08,France,Female,0,1,1,0.9838238,High Risk,2119
690,29,5,0.0,2,108577.97,France,Male,0,1,0,0.5030908,Medium Risk,2120
618,54,4,118449.21,1,133573.29,Germany,Female,1,1,1,0.7459995,High Risk,2121
671,30,2,0.0,1,102057.86,France,Male,1,0,0,0.99551624,High Risk,2122
765,32,9,178095.55,1,47247.56,Spain,Female,0,0,0,0.9845212,High Risk,2123
651,25,2,109175.14,2,114566.47,Germany,Female,0,1,0,0.98248553,High Risk,2124
704,32,7,127785.17,4,184464.7,France,Male,0,0,1,0.83637416,High Risk,2125
544,45,6,0.0,2,151401.33,France,Female,1,0,0,0.9663135,High Risk,2126
790,40,9,0.0,2,70607.1,France,Female,1,1,0,0.9733847,High Risk,2127
710,34,9,134260.36,2,147074.67,Germany,Male,0,1,0,0.6294476,Medium Risk,2128
743,37,8,69143.91,2,105780.18,France,Male,1,0,0,0.9692657,High Risk,2129
702,34,4,100054.77,1,109496.45,France,Male,0,1,0,0.74590164,High Risk,2130
704,45,6,0.0,1,137739.45,France,Female,1,1,0,0.9601767,High Risk,2131
614,38,2,116248.88,1,105140.92,France,Male,0,1,0,0.43738797,Medium Risk,2132
609,43,6,86053.52,2,113276.46,Spain,Female,1,1,1,0.98366064,High Risk,2133
688,32,6,123157.95,1,172531.23,France,Female,0,1,0,0.99198955,High Risk,2134
713,44,1,63438.91,1,64375.4,France,Male,0,1,0,0.98718333,High Risk,2135
736,57,9,95295.39,1,28434.44,Germany,Male,0,1,1,0.6431283,Medium Risk,2136
727,18,4,133550.67,1,46941.41,France,Male,1,1,0,0.9946838,High Risk,2137
850,38,1,106871.81,2,29333.01,France,Female,0,1,0,0.29072845,Low Risk,2138
718,45,3,105266.32,2,193724.51,Spain,Male,1,1,0,0.98835886,High Risk,2139
643,51,2,105229.53,1,34967.75,France,Female,0,1,1,0.98901844,High Risk,2140
653,41,8,102768.42,1,55663.85,France,Male,0,1,0,0.65694857,Medium Risk,2141
674,18,7,0.0,2,55753.12,France,Male,1,1,1,0.9692657,High Risk,2142
690,35,6,112689.95,1,176962.31,France,Male,0,1,0,0.75047266,High Risk,2143
819,38,9,122334.26,2,181507.44,France,Male,1,1,0,0.9970294,High Risk,2144
634,34,1,0.0,2,61995.57,Spain,Male,0,1,0,0.95522803,High Risk,2145
633,33,4,137847.41,2,98349.13,Spain,Male,0,1,0,0.9143289,High Risk,2146
850,49,5,122486.47,1,59748.19,France,Male,1,0,0,0.42200515,Medium Risk,2147
665,33,2,101286.11,1,159840.51,France,Male,1,1,0,0.2880984,Low Risk,2148
630,26,7,0.0,2,6656.64,Spain,Male,1,1,0,0.9919104,High Risk,2149
836,57,4,101247.06,1,37141.62,Spain,Male,0,1,1,0.78942806,High Risk,2150
668,38,10,86977.96,1,37094.75,France,Male,1,0,0,0.9885787,High Risk,2151
753,57,7,0.0,1,159475.08,France,Male,0,1,1,0.85346913,High Risk,2152
745,55,9,110123.59,1,51548.14,France,Female,1,0,1,0.99379647,High Risk,2153
693,36,8,178111.82,1,58719.63,France,Male,0,0,1,0.9931815,High Risk,2154
606,65,10,126306.64,3,7861.68,Germany,Male,0,0,1,0.99217457,High Risk,2155
660,35,6,100768.77,1,19199.61,France,Female,0,1,0,0.9885787,High Risk,2156
608,42,5,0.0,2,178504.29,France,Male,0,1,0,0.74590164,High Risk,2157
744,44,3,0.0,2,189016.14,France,Female,1,1,0,0.5783935,Medium Risk,2158
731,40,7,118991.79,1,156048.64,France,Female,1,1,0,0.7231089,High Risk,2159
683,72,3,140997.26,1,52876.41,France,Male,1,0,0,0.7539107,High Risk,2160
727,28,5,0.0,2,19653.08,France,Male,1,0,0,0.9733847,High Risk,2161
561,32,6,166824.59,1,139451.98,Germany,Male,0,1,0,0.974664,High Risk,2162
700,34,2,76322.69,1,128136.29,France,Female,0,1,0,0.6261376,Medium Risk,2163
605,35,6,0.0,2,45206.57,France,Male,1,1,0,0.31114635,Low Risk,2164
767,77,8,149083.7,1,190146.83,Spain,Male,1,1,0,0.48145545,Medium Risk,2165
511,33,7,0.0,2,158313.87,France,Male,1,0,0,0.68678033,Medium Risk,2166
667,40,9,0.0,1,96670.2,France,Male,1,1,0,0.9545226,High Risk,2167
787,33,1,126588.81,2,62163.53,France,Male,1,0,0,0.9906583,High Risk,2168
705,56,2,143249.67,1,88428.41,Germany,Female,0,1,1,0.67136395,Medium Risk,2169
773,43,8,81844.91,2,35908.46,Germany,Male,1,1,0,0.5692201,Medium Risk,2170
554,40,4,0.0,1,168780.04,France,Male,1,0,0,0.48069128,Medium Risk,2171
526,58,9,190298.89,2,191263.76,Germany,Male,1,1,0,0.6689798,Medium Risk,2172
661,35,2,117212.18,1,83052.03,Germany,Male,1,1,0,0.81320447,High Risk,2173
698,46,0,0.0,2,125962.02,France,Female,1,1,0,0.97418165,High Risk,2174
646,26,4,139848.17,1,164696.27,France,Male,0,1,0,0.99098283,High Risk,2175
757,34,9,101861.36,2,187011.96,Germany,Female,0,0,0,0.4081601,Medium Risk,2176
699,35,2,167455.66,2,55324.49,Spain,Male,1,1,0,0.941952,High Risk,2177
667,24,4,0.0,2,34335.55,France,Female,1,0,0,0.988586,High Risk,2178
774,43,1,116360.07,1,17004.14,Spain,Female,0,1,0,0.9758152,High Risk,2179
745,40,3,88466.82,1,116331.42,Spain,Male,0,0,0,0.9191989,High Risk,2180
649,42,7,0.0,2,22974.01,France,Female,1,0,0,0.7450699,High Risk,2181
634,46,5,123642.36,1,49725.16,Germany,Female,1,1,1,0.17598248,Low Risk,2182
665,38,9,0.0,1,87412.74,Spain,Male,1,0,0,0.71604556,High Risk,2183
713,38,9,72286.84,2,26136.89,France,Male,1,1,0,0.9982236,High Risk,2184
652,40,1,0.0,2,126554.96,France,Female,0,1,0,0.6269217,Medium Risk,2185
739,40,1,109681.61,1,193321.3,Spain,Male,1,1,0,0.9878477,High Risk,2186
556,37,9,145018.64,2,90928.02,Germany,Male,0,1,1,0.13613038,Low Risk,2187
699,34,8,0.0,1,76510.46,Spain,Male,1,1,0,0.48190334,Medium Risk,2188
708,32,8,187487.63,1,120115.5,Spain,Female,1,1,0,0.42200515,Medium Risk,2189
480,35,2,165692.91,1,197984.58,France,Male,1,1,0,0.9737768,High Risk,2190
700,59,5,137648.41,1,142977.05,Germany,Female,0,1,1,0.97172,High Risk,2191
525,47,6,118560.0,1,82522.61,Spain,Female,0,1,1,0.99003196,High Risk,2192
845,33,8,164385.53,1,150664.97,France,Male,0,1,0,0.53327465,Medium Risk,2193
613,37,9,108286.5,1,114153.44,France,Male,1,1,0,0.81989604,High Risk,2194
850,34,2,0.0,2,171706.66,France,Female,1,1,0,0.9987404,High Risk,2195
798,58,9,0.0,2,119071.56,Spain,Female,0,0,1,0.2942497,Low Risk,2196
773,47,2,118079.47,4,143007.49,Germany,Male,1,1,1,0.47496727,Medium Risk,2197
614,35,2,127283.78,1,31302.35,Spain,Male,1,1,0,0.9599864,High Risk,2198
473,48,8,0.0,2,71139.8,Spain,Male,0,1,0,0.9908049,High Risk,2199
762,29,6,141389.06,1,54122.89,France,Male,0,1,0,0.53327465,Medium Risk,2200
701,37,8,130091.5,1,120031.29,France,Male,1,1,0,0.9692657,High Risk,2201
600,35,4,143744.77,2,104076.51,France,Male,0,1,0,0.5872056,Medium Risk,2202
850,28,9,97408.03,1,175853.64,Spain,Male,1,1,0,0.39078698,Low Risk,2203
613,30,9,111927.45,1,175795.87,Spain,Male,1,1,0,0.99483573,High Risk,2204
509,31,3,0.0,2,15360.91,France,Male,0,1,0,0.97662234,High Risk,2205
509,38,2,0.0,1,168460.12,Spain,Male,0,0,0,0.8944445,High Risk,2206
609,34,1,0.0,1,181177.9,France,Male,1,1,0,0.9959182,High Risk,2207
456,33,1,188285.68,1,58363.94,France,Female,0,0,0,0.98978907,High Risk,2208
728,46,2,109705.52,1,20276.87,France,Female,0,1,1,0.96705574,High Risk,2209
663,33,9,0.0,2,91514.62,Spain,Male,0,0,0,0.8909288,High Risk,2210
673,34,1,127122.79,3,76703.1,Germany,Female,1,0,0,0.96674025,High Risk,2211
717,40,0,98241.04,1,110887.14,France,Male,0,1,0,0.9959229,High Risk,2212
741,37,8,170840.08,2,109843.16,Germany,Female,0,0,0,0.6952937,Medium Risk,2213
498,41,4,87541.06,2,12577.21,Germany,Female,1,1,1,0.8819661,High Risk,2214
850,26,4,62610.96,2,179365.1,France,Female,1,0,0,0.5423694,Medium Risk,2215
493,36,9,0.0,2,65816.53,France,Male,1,1,0,0.9805135,High Risk,2216
686,47,5,113328.93,1,124170.9,France,Female,0,1,0,0.9422351,High Risk,2217
666,35,2,104832.49,1,175015.12,Spain,Male,0,1,0,0.48190334,Medium Risk,2218
733,31,9,102289.85,1,115441.66,Spain,Female,1,1,0,0.7146422,High Risk,2219
631,34,6,125227.82,2,128247.03,Germany,Female,1,0,0,0.9798269,High Risk,2220
714,49,5,140510.89,1,141914.94,Germany,Female,0,1,0,0.9908222,High Risk,2221
767,35,6,132253.22,1,115566.57,Germany,Female,0,1,1,0.2942497,Low Risk,2222
711,43,2,39043.29,2,175423.69,Germany,Male,1,1,0,0.34777498,Low Risk,2223
722,34,8,0.0,2,133447.49,France,Male,1,1,0,0.95522803,High Risk,2224
631,55,9,99685.06,1,114474.98,Spain,Male,0,1,0,0.7943819,High Risk,2225
701,38,3,125385.49,2,52044.66,Germany,Male,1,0,0,0.3886294,Low Risk,2226
790,46,2,131365.37,2,180290.68,Spain,Male,1,1,0,0.34901834,Low Risk,2227
633,58,6,98308.51,1,132034.13,Spain,Male,1,1,0,0.99907136,High Risk,2228
644,37,8,0.0,2,20968.88,France,Female,0,1,0,0.95522803,High Risk,2229
757,44,5,140856.16,2,158735.1,Spain,Male,0,1,0,0.6734849,Medium Risk,2230
696,30,8,0.0,2,196134.44,France,Female,1,1,0,0.9838067,High Risk,2231
746,35,2,172274.01,1,22374.97,France,Male,0,1,0,0.9440024,High Risk,2232
649,36,8,0.0,2,161668.15,Spain,Male,0,1,0,0.991707,High Risk,2233
565,38,0,122447.76,1,67339.34,Spain,Male,0,0,0,0.85487115,High Risk,2234
720,38,10,0.0,2,56229.72,France,Female,1,1,1,0.97172,High Risk,2235
648,56,6,157559.59,2,140991.23,Spain,Female,0,1,1,0.9778741,High Risk,2236
632,41,3,126550.7,1,177644.52,Germany,Male,0,0,1,0.9673681,High Risk,2237
622,30,2,158584.82,3,142342.55,France,Female,0,1,1,0.55510205,Medium Risk,2238
835,28,2,163569.61,2,154559.28,France,Male,1,1,0,0.74590164,High Risk,2239
493,31,3,0.0,1,176570.28,France,Female,1,1,1,0.9965551,High Risk,2240
785,33,6,127211.45,1,191961.83,Germany,Female,0,0,0,0.9833017,High Risk,2241
681,42,3,118199.97,2,9452.88,Germany,Male,0,1,1,0.43826345,Medium Risk,2242
621,30,2,101014.08,2,165257.31,Germany,Female,1,1,0,0.95522803,High Risk,2243
756,38,6,119208.85,1,169763.89,Spain,Male,0,1,1,0.85733265,High Risk,2244
515,66,6,0.0,2,160663.11,France,Female,1,1,0,0.5783935,Medium Risk,2245
625,58,10,53772.73,1,192072.1,France,Female,1,1,1,0.9920753,High Risk,2246
717,39,6,0.0,2,93275.61,Spain,Female,0,1,0,0.80973136,High Risk,2247
595,41,2,138878.81,1,112269.67,Germany,Female,1,0,0,0.99468106,High Risk,2248
539,37,1,130922.81,2,2186.83,Spain,Female,0,0,0,0.5406104,Medium Risk,2249
762,35,9,0.0,2,43075.7,France,Male,1,1,0,0.255557,Low Risk,2250
706,20,8,0.0,2,12368.11,Spain,Male,1,1,0,0.9915542,High Risk,2251
677,25,8,130866.19,1,42410.21,Spain,Female,0,1,0,0.7497707,High Risk,2252
733,33,7,187257.94,1,190430.81,Germany,Female,1,0,0,0.4505659,Medium Risk,2253
684,41,7,0.0,1,138394.37,Spain,Female,1,1,0,0.5867379,Medium Risk,2254
679,36,6,147733.64,1,172501.38,France,Male,1,0,0,0.6609142,Medium Risk,2255
478,43,1,0.0,2,197916.43,Spain,Male,1,1,0,0.5571451,Medium Risk,2256
696,33,2,163139.27,1,7035.36,France,Male,1,1,0,0.4505659,Medium Risk,2257
686,35,4,0.0,2,159676.55,Spain,Female,1,1,0,0.8192765,High Risk,2258
466,36,5,119540.15,1,80603.99,France,Female,1,0,0,0.9805135,High Risk,2259
686,41,4,129553.76,2,187599.8,France,Female,0,1,0,0.6277947,Medium Risk,2260
576,55,9,0.0,2,94450.97,France,Male,1,1,0,0.6376084,Medium Risk,2261
763,61,1,66101.89,1,143981.27,Germany,Female,1,1,0,0.98155427,High Risk,2262
572,43,2,140431.98,1,26450.57,France,Male,0,1,1,0.9973857,High Risk,2263
757,49,2,0.0,2,164482.92,France,Female,0,0,0,0.957092,High Risk,2264
582,29,0,0.0,1,84012.81,France,Female,1,1,0,0.99879164,High Risk,2265
623,35,5,0.0,2,101192.08,France,Female,0,1,0,0.9798269,High Risk,2266
617,37,4,116471.43,2,175324.74,Germany,Female,0,1,1,0.9885787,High Risk,2267
425,39,4,0.0,2,197226.32,France,Male,0,1,0,0.9911379,High Risk,2268
659,56,9,123785.24,1,99504.03,France,Female,0,1,1,0.9191023,High Risk,2269
605,33,4,0.0,2,83700.66,France,Female,1,0,0,0.99496305,High Risk,2270
538,38,8,88758.95,2,28226.15,France,Female,0,0,1,0.98776245,High Risk,2271
665,25,5,153611.83,2,35321.65,Germany,Male,0,1,0,0.69082886,Medium Risk,2272
491,57,4,112044.72,1,41229.73,Germany,Female,1,1,1,0.7244499,High Risk,2273
726,27,7,123826.07,1,78970.58,Spain,Female,1,0,0,0.9805135,High Risk,2274
580,65,9,106804.26,3,107890.69,France,Female,0,1,1,0.74590164,High Risk,2275
550,48,6,0.0,2,191870.28,France,Female,1,1,0,0.98279095,High Risk,2276
542,59,2,68892.77,2,7905.06,France,Female,0,1,1,0.99905926,High Risk,2277
732,43,6,0.0,2,65731.53,France,Female,0,1,0,0.6710051,Medium Risk,2278
473,33,5,125827.43,1,145698.73,France,Female,1,0,0,0.97965086,High Risk,2279
745,34,9,0.0,2,50046.25,Spain,Male,0,1,0,0.68425333,Medium Risk,2280
732,36,7,0.0,2,60830.24,France,Male,1,1,0,0.9958812,High Risk,2281
848,40,5,148495.64,1,158853.98,Germany,Female,0,0,0,0.9847254,High Risk,2282
572,37,1,133043.66,1,111243.09,France,Male,0,0,0,0.48848805,Medium Risk,2283
702,45,9,74989.58,1,171014.69,France,Male,1,1,0,0.968322,High Risk,2284
664,39,7,60263.23,1,170835.32,Germany,Male,0,1,0,0.47921234,Medium Risk,2285
630,50,3,129370.91,4,47775.34,Germany,Male,1,1,1,0.98299545,High Risk,2286
618,44,5,157955.83,2,139297.71,Germany,Male,0,0,0,0.9838238,High Risk,2287
556,26,4,0.0,1,195167.38,France,Male,0,1,0,0.62140924,Medium Risk,2288
619,30,7,70729.17,1,160948.87,France,Female,1,1,0,0.7446548,High Risk,2289
644,48,8,0.0,2,44965.54,France,Male,1,0,1,0.9758252,High Risk,2290
658,50,2,0.0,2,52137.73,Spain,Male,0,1,0,0.9623019,High Risk,2291
598,27,8,90721.52,2,109296.18,Spain,Male,0,1,0,0.59598714,Medium Risk,2292
677,27,2,0.0,2,20092.89,France,Male,1,1,0,0.9746936,High Risk,2293
689,45,0,57784.22,1,197804.0,Spain,Female,0,1,1,0.97418165,High Risk,2294
591,33,9,131765.72,1,118782.06,France,Male,0,1,0,0.5692201,Medium Risk,2295
699,40,7,0.0,1,152876.13,France,Male,1,0,1,0.63643175,Medium Risk,2296
749,47,9,110022.74,1,135655.29,Germany,Male,1,0,1,0.62140924,Medium Risk,2297
709,40,9,131569.63,1,103970.58,France,Female,1,1,0,0.43668982,Medium Risk,2298
607,61,2,164523.5,2,35786.76,Germany,Male,1,1,0,0.72636217,High Risk,2299
650,25,2,114330.95,1,25325.07,Germany,Female,1,1,0,0.9869849,High Risk,2300
651,45,10,135923.16,1,18732.84,Spain,Female,0,1,0,0.85733265,High Risk,2301
676,61,8,0.0,2,118522.73,France,Female,1,1,0,0.9358861,High Risk,2302
723,49,4,0.0,2,89972.25,France,Female,1,0,0,0.76113087,High Risk,2303
714,45,0,124693.48,1,187194.15,Spain,Male,1,0,0,0.48190334,Medium Risk,2304
759,35,7,147936.42,1,106785.7,Spain,Female,1,1,0,0.9971373,High Risk,2305
582,29,0,0.0,1,142516.35,France,Male,0,1,0,0.9909797,High Risk,2306
697,34,2,126558.92,1,73334.43,France,Female,0,1,0,0.63643175,Medium Risk,2307
610,57,6,106938.11,2,186612.47,Germany,Male,1,0,0,0.9798269,High Risk,2308
488,33,4,140002.35,1,123613.81,Germany,Female,0,1,0,0.67136395,Medium Risk,2309
599,46,9,123444.72,1,31368.08,Germany,Male,1,1,1,0.8690708,High Risk,2310
781,32,6,147107.91,1,40066.95,France,Male,1,1,0,0.9794174,High Risk,2311
645,19,9,128514.84,1,175969.19,France,Male,0,0,0,0.99930656,High Risk,2312
545,55,5,0.0,1,10034.77,France,Female,0,0,1,0.9830831,High Risk,2313
597,40,9,106756.01,2,151167.94,Germany,Female,0,1,0,0.9920753,High Risk,2314
561,28,3,0.0,2,191387.76,Spain,Female,0,1,0,0.99878305,High Risk,2315
662,37,6,0.0,2,51229.17,France,Female,0,1,0,0.7464134,High Risk,2316
649,50,5,155393.32,1,87351.42,Germany,Female,1,1,1,0.69832283,Medium Risk,2317
630,36,2,110414.48,1,48984.95,France,Female,1,1,0,0.09324729,Low Risk,2318
672,33,2,0.0,2,182738.0,Spain,Male,1,1,0,0.6130632,Medium Risk,2319
636,37,9,157098.52,1,153535.27,Germany,Female,1,1,0,0.5697558,Medium Risk,2320
593,38,5,85626.6,1,125079.65,Germany,Female,1,1,0,0.48069128,Medium Risk,2321
545,45,6,93796.42,2,162321.26,Germany,Male,1,1,0,0.99763036,High Risk,2322
567,41,1,0.0,2,3414.72,Spain,Female,0,1,0,0.9692657,High Risk,2323
583,51,6,125268.03,2,165082.25,France,Male,0,1,0,0.82006365,High Risk,2324
681,29,2,148143.84,1,52021.39,France,Female,1,1,0,0.9623019,High Risk,2325
762,29,10,115545.33,2,148256.43,Spain,Male,0,1,0,0.9819193,High Risk,2326
648,35,7,0.0,2,122899.01,Spain,Male,0,0,0,0.6631642,Medium Risk,2327
644,30,5,44928.88,1,10771.46,France,Male,1,1,0,0.25176755,Low Risk,2328
706,29,2,0.0,2,18255.51,Spain,Male,1,1,0,0.9880971,High Risk,2329
850,35,3,162442.35,1,183566.78,France,Male,0,1,0,0.4505659,Medium Risk,2330
484,39,5,0.0,2,175224.12,Spain,Female,1,1,0,0.9657218,High Risk,2331
508,28,0,96213.82,2,147913.56,Germany,Male,0,1,0,0.98366064,High Risk,2332
439,29,6,156569.43,1,180598.66,France,Female,0,1,0,0.9440024,High Risk,2333
484,36,8,0.0,2,186136.48,Spain,Male,0,1,0,0.99928814,High Risk,2334
803,37,1,0.0,2,7455.2,Spain,Female,0,0,0,0.79087275,High Risk,2335
724,48,6,110463.25,2,80552.11,Germany,Female,1,1,1,0.9881341,High Risk,2336
640,33,7,154575.76,1,25722.28,France,Male,0,1,1,0.9935137,High Risk,2337
701,35,9,0.0,2,170996.86,Spain,Female,0,0,0,0.62809825,Medium Risk,2338
537,37,3,0.0,2,20603.32,France,Male,1,1,0,0.98574764,High Risk,2339
651,26,5,147037.32,1,141763.26,Germany,Male,0,0,0,0.98157674,High Risk,2340
523,41,0,119276.31,1,122284.38,Germany,Male,0,0,1,0.98366064,High Risk,2341
717,25,7,108664.85,2,190011.85,France,Female,0,1,0,0.9599864,High Risk,2342
593,44,5,0.0,1,128046.98,Spain,Male,0,1,0,0.48069128,Medium Risk,2343
706,38,5,163034.82,2,135662.17,Germany,Male,1,1,0,0.9894258,High Risk,2344
714,49,4,93059.34,1,7571.51,Germany,Female,0,1,1,0.99330175,High Risk,2345
794,38,9,179581.31,1,23596.24,Spain,Male,0,1,0,0.99227726,High Risk,2346
518,46,4,113625.93,1,92727.42,Germany,Male,0,0,1,0.9886742,High Risk,2347
589,55,7,119961.48,1,65156.83,Germany,Male,0,1,1,0.9963025,High Risk,2348
824,45,3,129209.48,1,60151.77,France,Male,0,0,0,0.9798269,High Risk,2349
719,42,5,137227.04,3,149097.38,Germany,Female,0,1,1,0.9879453,High Risk,2350
617,58,3,119024.75,2,35199.24,Germany,Female,0,1,1,0.97418165,High Risk,2351
651,35,7,74623.5,3,129451.29,France,Male,0,1,1,0.3727911,Low Risk,2352
637,45,2,157929.45,1,145134.49,Spain,Female,1,1,1,0.98366064,High Risk,2353
554,26,7,92606.86,2,192709.69,France,Female,0,1,0,0.9322883,High Risk,2354
731,35,2,127862.93,2,139083.7,Germany,Male,0,1,0,0.5534067,Medium Risk,2355
569,42,1,0.0,1,83629.6,Spain,Female,1,1,1,0.99075764,High Risk,2356
625,37,4,142711.81,1,35625.41,Germany,Female,0,1,0,0.99878305,High Risk,2357
592,38,4,0.0,2,35338.96,France,Female,0,1,0,0.88462913,High Risk,2358
669,43,1,163159.85,1,15602.8,France,Male,1,0,0,0.48069128,Medium Risk,2359
663,32,3,108586.86,1,182355.21,Germany,Male,1,1,0,0.9908222,High Risk,2360
518,41,5,110624.99,1,89327.67,Germany,Female,0,1,0,0.5697558,Medium Risk,2361
686,43,5,154846.24,2,151903.6,Germany,Female,1,1,0,0.7023413,High Risk,2362
709,45,4,122917.71,1,11.58,Germany,Male,1,1,1,0.8886802,High Risk,2363
571,33,9,0.0,2,77519.62,France,Female,1,0,0,0.9898949,High Risk,2364
707,31,2,82787.93,2,91423.69,France,Female,0,0,0,0.99227726,High Risk,2365
701,32,5,102500.34,1,106287.77,Germany,Male,0,0,0,0.9838238,High Risk,2366
672,34,9,0.0,2,161800.77,France,Male,0,1,0,0.9878477,High Risk,2367
620,39,9,159492.79,1,80582.34,Germany,Male,0,1,1,0.14860974,Low Risk,2368
557,48,10,0.0,2,185094.48,Spain,Male,1,1,0,0.97172,High Risk,2369
648,54,7,118241.02,1,172586.89,Spain,Female,0,1,1,0.974664,High Risk,2370
479,35,2,113090.4,1,195649.79,France,Female,0,1,0,0.6182761,Medium Risk,2371
730,22,9,65763.57,1,145792.01,France,Female,1,1,0,0.98229283,High Risk,2372
737,43,1,125537.38,1,138510.01,Germany,Female,0,1,1,0.9692657,High Risk,2373
616,31,3,94263.91,2,168895.06,France,Male,0,1,0,0.95522803,High Risk,2374
639,29,4,133434.57,2,97983.44,Spain,Male,0,1,0,0.79306465,High Risk,2375
815,39,6,0.0,1,85167.88,Spain,Female,1,1,0,0.49611676,Medium Risk,2376
786,31,9,0.0,2,18210.36,Spain,Male,1,1,0,0.70984423,High Risk,2377
549,50,9,94748.76,2,13608.18,France,Male,1,0,0,0.5783935,Medium Risk,2378
622,38,4,98640.74,1,110457.99,France,Female,1,1,0,0.99198747,High Risk,2379
624,26,9,74681.9,2,31231.35,France,Male,0,0,0,0.99563,High Risk,2380
841,34,4,0.0,2,141582.66,France,Male,0,1,0,0.99392974,High Risk,2381
614,41,7,179915.85,1,14666.35,Spain,Female,0,0,1,0.90539503,High Risk,2382
676,30,1,128207.23,1,55400.17,France,Male,1,1,0,0.97911686,High Risk,2383
697,42,9,132739.26,2,174667.65,France,Male,0,0,0,0.9961876,High Risk,2384
732,40,10,0.0,2,154189.08,France,Female,0,1,0,0.98248553,High Risk,2385
623,27,4,120509.81,1,142170.44,France,Male,0,0,0,0.9859346,High Risk,2386
541,46,4,124547.13,2,94499.06,France,Male,0,1,0,0.5881292,Medium Risk,2387
773,39,4,0.0,2,182081.45,Spain,Female,1,0,0,0.9886742,High Risk,2388
762,34,4,88815.56,2,68562.26,Germany,Male,0,1,1,0.9751516,High Risk,2389
655,35,1,82231.51,2,88798.02,Spain,Female,0,1,0,0.9878477,High Risk,2390
602,32,7,184715.86,2,113781.99,Germany,Male,0,1,0,0.99563,High Risk,2391
850,31,3,0.0,2,121866.87,France,Male,0,1,0,0.14860974,Low Risk,2392
649,51,4,0.0,1,150390.57,Spain,Male,1,1,0,0.99566686,High Risk,2393
850,28,4,147972.19,1,60708.72,Germany,Male,0,1,1,0.6277947,Medium Risk,2394
543,43,9,0.0,2,78858.07,France,Male,1,1,0,0.9925868,High Risk,2395
672,52,8,170008.84,1,56407.42,France,Male,0,0,1,0.9127697,High Risk,2396
600,27,3,0.0,2,125698.97,France,Female,1,0,0,0.9948755,High Risk,2397
671,34,10,0.0,1,23235.38,Spain,Female,0,1,0,0.4997127,Medium Risk,2398
706,42,8,95386.82,1,75732.25,Spain,Female,1,1,0,0.968322,High Risk,2399
541,51,7,90373.28,2,179861.79,Germany,Male,0,1,0,0.67136395,Medium Risk,2400
711,34,4,133467.77,2,42976.64,Germany,Male,1,1,0,0.40349913,Medium Risk,2401
630,30,3,0.0,2,10486.69,Spain,Male,1,0,0,0.98901844,High Risk,2402
531,31,3,96288.26,1,56794.73,France,Male,0,1,0,0.86235344,High Risk,2403
641,26,4,91547.84,2,28157.34,France,Female,1,0,0,0.98574764,High Risk,2404
631,37,8,138292.64,2,152422.91,Germany,Male,0,0,1,0.9838238,High Risk,2405
685,35,9,0.0,1,167033.83,France,Male,0,1,0,0.39078698,Low Risk,2406
702,32,8,71667.74,1,126082.18,Spain,Male,1,1,0,0.981964,High Risk,2407
708,43,0,118994.84,1,181499.77,Germany,Female,0,1,1,0.33265364,Low Risk,2408
653,55,7,0.0,2,41967.03,Spain,Male,1,1,0,0.9630153,High Risk,2409
654,37,2,145610.07,2,186300.59,Germany,Male,0,0,0,0.9922321,High Risk,2410
596,33,1,138162.81,1,85412.54,France,Female,0,1,0,0.7319105,High Risk,2411
549,31,9,135020.21,2,23343.18,Germany,Female,1,1,0,0.98076725,High Risk,2412
754,38,2,0.0,2,180698.32,France,Male,0,1,0,0.82910573,High Risk,2413
815,25,8,135161.67,1,136071.05,Germany,Female,1,1,0,0.9973182,High Risk,2414
556,52,9,0.0,1,175149.2,France,Female,0,1,1,0.53327465,Medium Risk,2415
706,32,6,94486.47,1,146949.74,France,Male,1,1,0,0.9957995,High Risk,2416
850,46,9,117640.39,1,88920.68,France,Male,0,1,0,0.7264969,High Risk,2417
732,33,8,111379.55,1,45098.62,Spain,Female,1,1,0,0.62809825,Medium Risk,2418
614,40,6,0.0,1,20339.79,France,Male,1,1,1,0.71141744,High Risk,2419
580,57,0,136820.99,1,108528.74,Spain,Female,1,0,0,0.9805135,High Risk,2420
593,46,7,98752.51,1,145560.38,France,Female,0,1,0,0.4757802,Medium Risk,2421
653,25,2,158266.42,3,199357.24,Germany,Female,1,1,0,0.7788665,High Risk,2422
746,29,4,105599.67,1,43106.17,France,Female,1,1,0,0.9961876,High Risk,2423
662,29,10,0.0,2,137508.31,France,Female,0,1,0,0.49842498,Medium Risk,2424
573,31,2,0.0,2,91957.39,France,Male,1,1,0,0.43738797,Medium Risk,2425
684,39,4,139723.9,1,120612.11,Spain,Female,1,1,0,0.99022114,High Risk,2426
793,41,3,141806.46,1,102921.17,France,Female,0,1,0,0.8849667,High Risk,2427
798,49,5,132571.67,1,31686.33,Germany,Female,1,1,1,0.9601767,High Risk,2428
524,40,2,180516.9,1,180002.42,France,Male,0,1,0,0.7559569,High Risk,2429
816,31,8,0.0,2,28407.4,France,Male,1,1,0,0.8773291,High Risk,2430
742,41,4,92805.72,1,73743.95,Germany,Female,1,0,1,0.44150388,Medium Risk,2431
540,22,4,0.0,3,186233.26,France,Male,1,1,1,0.9853935,High Risk,2432
537,39,3,135309.36,1,31728.86,Germany,Male,0,1,1,0.72087914,High Risk,2433
759,74,6,128917.84,1,48244.64,Spain,Female,1,1,0,0.974664,High Risk,2434
774,52,2,56580.93,1,113266.28,France,Female,0,1,1,0.9886742,High Risk,2435
608,42,8,131390.75,2,71178.09,Germany,Male,0,1,0,0.9892703,High Risk,2436
704,37,4,0.0,2,25684.93,Spain,Male,0,0,0,0.99700266,High Risk,2437
581,41,8,0.0,2,29737.14,France,Male,0,0,0,0.6376084,Medium Risk,2438
628,61,1,97361.66,1,149922.38,Germany,Female,1,1,1,0.9973182,High Risk,2439
566,42,6,0.0,1,180702.12,France,Female,0,1,1,0.4014826,Medium Risk,2440
701,59,7,0.0,2,27597.59,Spain,Male,1,0,0,0.15385811,Low Risk,2441
735,29,10,0.0,2,95025.27,Spain,Male,1,1,0,0.9982236,High Risk,2442
680,34,1,0.0,2,167035.07,France,Female,0,1,0,0.9081748,High Risk,2443
560,57,0,0.0,2,116781.71,France,Male,1,0,0,0.9956981,High Risk,2444
663,29,4,102714.65,2,21170.81,Germany,Female,0,0,0,0.75172174,High Risk,2445
665,34,5,67816.72,1,29641.58,France,Female,1,1,0,0.48848805,Medium Risk,2446
758,51,8,81710.46,1,116520.07,France,Male,1,1,0,0.7252633,High Risk,2447
621,26,2,75237.54,1,44220.4,France,Male,1,0,0,0.9733847,High Risk,2448
764,28,10,124023.18,1,166188.28,Germany,Male,0,1,0,0.7146422,High Risk,2449
537,46,5,100727.5,1,140857.76,Germany,Female,1,0,1,0.9910755,High Risk,2450
589,46,10,107238.85,2,37024.28,France,Female,0,1,0,0.9926051,High Risk,2451
555,24,5,0.0,2,27513.47,France,Male,0,1,0,0.9937902,High Risk,2452
734,29,0,139994.66,1,17744.72,France,Female,0,1,0,0.7790606,High Risk,2453
783,59,9,126224.87,1,4423.63,Spain,Female,1,1,0,0.99572986,High Risk,2454
678,51,1,145751.03,1,109718.44,Germany,Female,0,0,1,0.5692201,Medium Risk,2455
661,47,5,0.0,1,107243.31,France,Male,1,0,1,0.6717305,Medium Risk,2456
607,25,4,121166.89,1,115288.24,Spain,Female,1,0,0,0.86037475,High Risk,2457
537,38,1,0.0,2,41233.97,Spain,Female,1,0,0,0.42496243,Medium Risk,2458
513,88,10,0.0,2,52952.24,Spain,Male,1,1,0,0.99049544,High Risk,2459
576,63,9,70655.48,1,78955.8,France,Male,0,0,1,0.9906461,High Risk,2460
660,41,1,129901.21,1,26025.6,Germany,Male,0,1,1,0.48848805,Medium Risk,2461
637,40,8,125470.81,1,174536.17,France,Male,1,1,0,0.5783935,Medium Risk,2462
672,53,9,169406.33,4,147311.47,France,Female,1,1,1,0.6897481,Medium Risk,2463
629,32,2,0.0,2,77965.44,France,Male,1,0,0,0.61463976,Medium Risk,2464
583,40,4,107041.3,1,5635.63,Germany,Male,1,1,0,0.693256,Medium Risk,2465
763,32,10,95153.77,1,81310.1,Spain,Female,1,0,0,0.99227726,High Risk,2466
516,32,3,145166.09,2,111421.45,Germany,Male,0,0,0,0.9988135,High Risk,2467
617,27,4,0.0,2,190269.21,France,Female,0,0,0,0.7174839,High Risk,2468
700,38,9,65962.63,1,100950.48,France,Male,1,1,0,0.6729253,Medium Risk,2469
727,36,6,140418.81,1,113033.73,Germany,Male,1,1,1,0.59517825,Medium Risk,2470
689,31,3,139799.63,1,120663.57,Spain,Female,1,0,0,0.968322,High Risk,2471
626,49,9,171787.84,2,187192.23,Germany,Male,0,1,0,0.6797588,Medium Risk,2472
686,38,6,149238.97,1,97825.23,France,Male,1,1,0,0.9737768,High Risk,2473
351,57,4,163146.46,1,169621.69,Germany,Female,0,1,1,0.9979358,High Risk,2474
739,37,8,0.0,2,191557.1,France,Female,0,1,1,0.9838238,High Risk,2475
627,32,10,0.0,2,103287.62,France,Male,0,1,0,0.6130632,Medium Risk,2476
451,38,9,61482.47,1,167538.66,Germany,Female,1,1,0,0.9930889,High Risk,2477
512,41,8,145150.28,1,64869.32,France,Female,0,1,1,0.9911379,High Risk,2478
774,41,5,126670.37,1,102426.06,France,Female,0,1,0,0.6710051,Medium Risk,2479
652,40,8,84390.8,2,107876.2,France,Female,1,0,0,0.47921234,Medium Risk,2480
638,37,2,89728.86,2,37294.88,Germany,Male,1,1,0,0.99920005,High Risk,2481
475,57,1,0.0,2,89248.99,France,Female,0,1,0,0.9758152,High Risk,2482
567,40,4,118628.8,1,91973.63,Spain,Male,0,0,0,0.99483573,High Risk,2483
750,37,3,0.0,2,16870.2,France,Male,0,1,0,0.7154053,High Risk,2484
850,39,6,96863.13,1,121681.19,France,Male,1,1,0,0.818225,High Risk,2485
753,38,6,142263.45,1,33730.43,France,Female,1,0,0,0.9920753,High Risk,2486
683,36,7,0.0,2,104786.59,Spain,Female,0,1,0,0.99879164,High Risk,2487
710,32,3,0.0,1,94790.34,France,Female,0,1,0,0.99862635,High Risk,2488
645,21,1,0.0,2,28726.07,Spain,Female,0,0,0,0.7332601,High Risk,2489
714,28,6,122724.37,1,67057.27,France,Male,1,1,0,0.9928422,High Risk,2490
696,35,4,174902.26,1,69079.85,Germany,Female,0,1,0,0.54119945,Medium Risk,2491
612,26,4,0.0,2,179780.74,Spain,Female,1,1,0,0.5697558,Medium Risk,2492
520,31,3,108914.17,1,183572.39,Germany,Female,1,1,1,0.54683036,Medium Risk,2493
782,23,10,98052.66,1,142587.32,Spain,Male,1,1,0,0.48848805,Medium Risk,2494
666,46,5,123873.19,1,177844.06,France,Male,1,1,0,0.9562895,High Risk,2495
466,56,2,111920.13,3,197634.11,Germany,Female,0,1,1,0.83637416,High Risk,2496
567,45,4,0.0,2,121053.19,France,Female,1,0,0,0.44150388,Medium Risk,2497
613,20,3,0.0,2,149613.77,France,Male,1,1,0,0.69690967,Medium Risk,2498
718,37,8,0.0,2,142.81,France,Male,1,1,0,0.7093204,High Risk,2499
614,37,8,75150.34,4,131766.67,France,Female,1,0,1,0.9967044,High Risk,2500
711,38,10,0.0,2,53311.78,France,Male,0,0,0,0.9908222,High Risk,2501
691,38,5,114753.76,1,107665.02,Germany,Female,0,1,0,0.9971373,High Risk,2502
527,32,0,0.0,1,109523.88,France,Male,0,1,0,0.98895055,High Risk,2503
476,32,6,111871.93,1,112132.86,France,Female,0,0,0,0.99748236,High Risk,2504
619,45,0,0.0,2,113645.4,Spain,Female,0,0,0,0.9892306,High Risk,2505
607,37,4,135927.06,1,180890.4,Germany,Female,0,0,0,0.18318346,Low Risk,2506
695,44,8,0.0,2,70974.13,Spain,Male,1,1,0,0.9995766,High Risk,2507
653,33,1,0.0,2,53379.52,France,Male,0,0,0,0.42200515,Medium Risk,2508
677,46,2,57037.74,1,158531.01,France,Male,1,1,0,0.9973182,High Risk,2509
655,50,10,0.0,4,179267.94,France,Female,0,1,1,0.6998134,Medium Risk,2510
625,52,2,79468.96,1,84606.03,France,Female,1,1,0,0.9922633,High Risk,2511
679,34,7,121063.85,1,56984.58,Germany,Female,0,1,0,0.74957263,High Risk,2512
734,51,1,118537.47,1,116912.45,France,Male,1,1,0,0.9838238,High Risk,2513
666,39,10,0.0,2,102999.33,France,Male,0,1,0,0.9830831,High Risk,2514
592,26,4,105082.07,2,132801.57,Germany,Female,0,1,0,0.994829,High Risk,2515
564,40,4,0.0,1,85455.62,France,Male,0,1,1,0.9566467,High Risk,2516
814,36,6,0.0,2,98657.01,France,Female,1,1,0,0.9683575,High Risk,2517
592,36,2,104702.65,2,107948.72,Germany,Male,0,1,0,0.63829285,Medium Risk,2518
758,50,2,95813.76,3,67944.09,France,Female,1,1,1,0.60260993,Medium Risk,2519
612,62,0,167026.61,2,192892.05,Spain,Female,1,1,0,0.968322,High Risk,2520
498,61,7,102453.26,1,187247.56,Germany,Male,0,1,1,0.6746711,Medium Risk,2521
638,25,4,148045.45,2,114722.42,Germany,Male,1,1,0,0.9986474,High Risk,2522
558,35,1,0.0,2,111687.57,France,Male,0,0,0,0.9982236,High Risk,2523
756,24,1,0.0,2,184182.25,France,Female,0,1,0,0.64452404,Medium Risk,2524
782,52,4,0.0,1,52759.82,Spain,Male,1,1,1,0.6294476,Medium Risk,2525
505,34,10,104498.79,1,126451.14,France,Male,1,0,0,0.9970752,High Risk,2526
671,29,6,0.0,2,12048.67,Spain,Female,0,0,0,0.8508429,High Risk,2527
801,42,6,0.0,2,95804.33,France,Male,1,1,0,0.5886625,Medium Risk,2528
604,26,8,149542.52,2,197911.52,France,Male,1,0,0,0.6562869,Medium Risk,2529
716,29,10,87946.39,1,182531.74,France,Female,1,1,0,0.974664,High Risk,2530
624,45,3,68639.57,1,168002.31,France,Female,0,1,1,0.6729253,Medium Risk,2531
607,47,4,148826.32,1,79450.61,Germany,Male,1,1,0,0.978877,High Risk,2532
827,60,2,0.0,2,60615.83,France,Female,1,0,0,0.6117625,Medium Risk,2533
606,61,5,108166.09,2,8643.21,France,Male,1,0,0,0.9798269,High Risk,2534
717,35,5,103214.71,1,172172.7,Germany,Female,0,1,0,0.98757553,High Risk,2535
651,40,1,134760.21,2,174434.06,Germany,Male,0,0,1,0.5692201,Medium Risk,2536
691,58,3,0.0,1,194930.3,France,Male,1,0,1,0.9825791,High Risk,2537
573,33,0,90124.64,1,137476.71,France,Female,0,1,0,0.14860974,Low Risk,2538
723,38,6,0.0,2,94415.6,Spain,Male,1,1,0,0.9908222,High Risk,2539
584,46,6,87361.02,2,120376.87,Germany,Female,0,1,1,0.99512595,High Risk,2540
550,45,8,111257.59,1,97623.42,Germany,Female,0,0,1,0.7532035,High Risk,2541
611,61,3,131583.59,4,66238.23,France,Female,1,0,1,0.5254974,Medium Risk,2542
549,41,9,95020.8,3,131710.59,Germany,Male,1,1,1,0.9602422,High Risk,2543
850,24,1,0.0,2,69052.87,Spain,Female,1,0,0,0.99222285,High Risk,2544
668,34,5,80242.37,2,56780.97,Germany,Male,0,0,0,0.81320447,High Risk,2545
686,43,0,0.0,1,170072.9,France,Female,1,1,0,0.8944445,High Risk,2546
660,50,1,0.0,3,191849.15,France,Male,1,1,1,0.7600399,High Risk,2547
682,59,0,122661.39,1,84803.76,Spain,Female,1,0,0,0.6261376,Medium Risk,2548
524,50,4,0.0,2,31840.59,France,Male,1,1,1,0.82112795,High Risk,2549
645,36,8,0.0,2,12096.61,France,Female,1,1,1,0.99916697,High Risk,2550
850,42,0,0.0,2,44165.84,France,Male,0,1,0,0.8671039,High Risk,2551
537,53,3,0.0,1,91406.62,France,Female,1,1,0,0.97172,High Risk,2552
599,46,7,81742.84,2,83282.21,Spain,Female,0,1,0,0.20558052,Low Risk,2553
727,71,8,0.0,1,198446.91,Spain,Male,1,1,1,0.9902598,High Risk,2554
756,30,2,145127.85,1,7554.68,Spain,Male,0,0,0,0.9908049,High Risk,2555
755,38,9,148912.44,1,80416.16,France,Male,0,1,0,0.4505659,Medium Risk,2556
634,41,4,0.0,2,164549.74,Spain,Female,1,1,0,0.99003196,High Risk,2557
837,26,4,89900.24,2,175477.03,France,Male,0,1,0,0.6130632,Medium Risk,2558
727,30,8,119027.28,2,137903.54,Germany,Female,1,1,0,0.97984993,High Risk,2559
567,40,2,105222.86,2,93795.86,Germany,Female,0,1,0,0.9977191,High Risk,2560
650,30,6,0.0,1,67997.13,Spain,Female,0,0,1,0.82755154,High Risk,2561
655,34,1,116114.93,1,49492.15,Spain,Male,1,1,0,0.818225,High Risk,2562
763,58,9,187911.55,1,35825.18,France,Female,1,0,0,0.96945715,High Risk,2563
843,27,5,0.0,2,67494.23,France,Female,1,1,0,0.7966556,High Risk,2564
667,38,6,144432.04,1,73963.17,France,Female,1,1,1,0.6092695,Medium Risk,2565
705,50,4,77065.9,2,145159.26,France,Female,1,0,0,0.64827466,Medium Risk,2566
660,29,6,180520.29,1,123850.58,Germany,Female,1,1,0,0.9993918,High Risk,2567
553,42,1,0.0,2,23822.04,France,Male,0,0,0,0.7450699,High Risk,2568
612,47,6,130024.87,1,45750.21,Germany,Female,1,1,1,0.9737768,High Risk,2569
641,40,2,110086.69,1,159773.14,Germany,Female,0,1,0,0.97172,High Risk,2570
513,31,5,174853.46,1,84238.63,Spain,Female,0,1,0,0.8021578,High Risk,2571
680,44,7,108724.98,1,72330.46,France,Male,1,0,0,0.67821443,Medium Risk,2572
711,58,9,91285.13,2,26767.85,France,Male,1,1,0,0.09324729,Low Risk,2573
689,40,2,0.0,2,164768.82,Spain,Male,1,1,0,0.82805556,High Risk,2574
665,51,9,110610.41,2,1112.76,Germany,Female,1,0,1,0.968322,High Risk,2575
551,54,5,102994.04,1,176680.16,Germany,Male,0,1,1,0.9838524,High Risk,2576
645,36,4,59893.85,2,43999.64,Spain,Male,0,1,0,0.9733847,High Risk,2577
616,29,8,149318.55,1,140746.13,Germany,Male,0,1,0,0.6996476,Medium Risk,2578
582,32,1,116409.55,1,152790.92,France,Female,1,0,0,0.9860166,High Risk,2579
365,30,0,127760.07,1,81537.85,Germany,Male,0,1,1,0.6952937,Medium Risk,2580
697,38,6,132591.36,1,7387.8,Germany,Female,1,1,1,0.9971373,High Risk,2581
704,31,0,0.0,2,183038.33,France,Male,0,1,0,0.5783935,Medium Risk,2582
656,46,5,113402.14,2,138849.06,France,Female,1,1,0,0.9961876,High Risk,2583
712,31,7,0.0,2,170333.38,France,Female,0,1,0,0.9994875,High Risk,2584
748,40,0,0.0,1,60416.76,France,Male,0,0,0,0.6372986,Medium Risk,2585
724,28,9,0.0,2,100240.2,France,Male,1,1,0,0.6474422,Medium Risk,2586
691,50,6,136953.47,1,2704.98,France,Male,1,1,0,0.7261403,High Risk,2587
563,33,8,0.0,2,68815.05,France,Male,1,0,0,0.68425333,Medium Risk,2588
741,32,5,0.0,1,64839.23,France,Male,1,1,0,0.9692657,High Risk,2589
778,44,8,123863.64,1,144494.94,France,Male,0,1,0,0.54683036,Medium Risk,2590
848,22,7,120811.89,1,185510.34,Spain,Male,1,1,0,0.6096566,Medium Risk,2591
634,38,2,148430.55,1,56055.72,Germany,Male,1,1,0,0.48069128,Medium Risk,2592
505,40,6,47869.69,2,155061.97,Germany,Male,1,1,0,0.99227726,High Risk,2593
692,53,7,150926.99,2,119817.19,Germany,Male,0,0,0,0.9918955,High Risk,2594
537,47,6,103163.35,1,16259.64,Germany,Female,0,1,1,0.97418165,High Risk,2595
633,29,10,130206.28,1,184654.87,France,Male,0,1,0,0.9979886,High Risk,2596
833,28,4,136674.51,2,5278.78,France,Female,0,0,0,0.3727911,Low Risk,2597
592,40,2,200322.45,1,113244.73,Spain,Female,1,1,0,0.8126603,High Risk,2598
587,48,1,0.0,2,8908.0,Spain,Male,1,1,0,0.7092528,High Risk,2599
550,62,7,80927.56,1,64490.67,Spain,Male,1,0,0,0.9955088,High Risk,2600
680,24,10,0.0,3,154971.63,France,Female,0,1,1,0.515984,Medium Risk,2601
622,41,9,0.0,2,155786.39,Spain,Female,1,1,0,0.9657218,High Risk,2602
594,28,0,142574.71,2,129084.82,Germany,Male,0,1,0,0.7497707,High Risk,2603
643,34,7,160426.07,1,188533.11,Germany,Female,1,0,0,0.98959154,High Risk,2604
540,25,5,116160.23,1,13411.67,France,Male,0,1,0,0.98858196,High Risk,2605
635,34,5,98683.47,2,15733.19,Spain,Female,0,1,0,0.7317037,High Risk,2606
657,32,3,118829.03,2,73127.61,France,Male,1,1,0,0.99513465,High Risk,2607
814,31,1,118870.92,1,101704.19,France,Male,0,1,0,0.9547252,High Risk,2608
600,32,1,0.0,1,101986.16,France,Male,1,1,0,0.74590164,High Risk,2609
682,46,2,0.0,1,114442.66,France,Female,1,1,0,0.6220069,Medium Risk,2610
682,38,4,107192.38,1,15669.17,France,Male,1,1,0,0.42200515,Medium Risk,2611
566,42,3,108010.78,1,157486.1,France,Male,1,1,0,0.97662234,High Risk,2612
550,34,3,0.0,2,131281.28,Spain,Male,0,0,0,0.5886625,Medium Risk,2613
630,26,7,129837.72,2,197001.15,France,Male,1,0,0,0.9562895,High Risk,2614
546,58,3,106458.31,4,128881.87,Germany,Female,0,1,1,0.64135605,Medium Risk,2615
486,63,9,97009.15,1,85101.0,France,Male,1,1,0,0.9797055,High Risk,2616
762,35,9,122929.42,2,149822.04,Spain,Male,0,0,0,0.7955368,High Risk,2617
692,45,6,152296.83,4,108040.86,Germany,Male,1,0,1,0.9989791,High Risk,2618
498,30,1,0.0,2,135795.53,France,Female,0,0,0,0.9970271,High Risk,2619
850,49,8,0.0,1,25867.67,Spain,Male,0,0,1,0.9692657,High Risk,2620
603,35,6,128993.76,2,130483.56,France,Male,0,1,0,0.9973182,High Risk,2621
551,36,5,0.0,1,183479.12,France,Female,0,1,0,0.8112589,High Risk,2622
627,27,0,185267.45,2,77027.34,Germany,Male,1,1,0,0.9990121,High Risk,2623
515,28,9,0.0,2,94141.75,France,Female,0,0,0,0.99392974,High Risk,2624
605,29,3,116805.82,1,4092.75,Spain,Female,0,0,0,0.9878477,High Risk,2625
567,29,5,129750.68,1,109257.59,Germany,Male,0,1,0,0.7923168,High Risk,2626
568,29,2,129177.01,2,104617.99,Germany,Female,1,0,0,0.9733847,High Risk,2627
571,25,6,82506.72,2,167705.07,Germany,Male,0,1,0,0.6113413,Medium Risk,2628
634,48,2,107247.69,1,103712.05,Germany,Male,1,1,1,0.9954335,High Risk,2629
768,42,3,0.0,1,161242.99,Spain,Female,0,0,1,0.9918955,High Risk,2630
554,36,3,157780.93,2,6089.13,Germany,Female,0,1,0,0.74957263,High Risk,2631
629,35,1,172170.36,1,159777.37,France,Male,1,1,0,0.18624507,Low Risk,2632
638,48,2,0.0,2,7919.08,Spain,Male,1,1,0,0.8944445,High Risk,2633
576,41,1,0.0,1,188274.6,France,Male,1,1,0,0.9869849,High Risk,2634
661,42,9,75361.44,1,27608.12,Spain,Female,0,1,1,0.8865175,High Risk,2635
592,27,4,0.0,2,183569.25,France,Female,1,1,0,0.09324729,Low Risk,2636
702,30,2,0.0,2,145537.32,Spain,Male,1,1,0,0.9825791,High Risk,2637
647,29,0,98263.46,2,164717.95,France,Female,0,1,0,0.68425333,Medium Risk,2638
593,43,9,0.0,2,76357.43,France,Male,1,1,0,0.9908222,High Risk,2639
712,40,3,109308.79,2,120158.72,Germany,Female,0,1,1,0.98875964,High Risk,2640
625,31,8,0.0,2,151843.54,Spain,Female,0,1,0,0.85726756,High Risk,2641
538,28,6,164365.44,1,5698.97,Germany,Female,1,0,0,0.976253,High Risk,2642
637,22,5,98800.0,1,122865.55,Spain,Female,0,1,0,0.49047288,Medium Risk,2643
632,27,4,193125.85,1,152665.85,France,Male,1,1,0,0.5886625,Medium Risk,2644
736,27,5,51522.75,1,192131.77,France,Male,1,0,0,0.7332601,High Risk,2645
755,23,5,84284.48,2,62851.6,France,Male,1,1,0,0.9920753,High Risk,2646
425,39,5,0.0,2,140941.47,Spain,Female,0,1,0,0.9925868,High Risk,2647
461,51,9,119889.84,1,56767.67,France,Male,0,0,1,0.49047288,Medium Risk,2648
745,21,4,137910.45,1,177235.23,France,Male,1,1,0,0.99879164,High Risk,2649
616,37,6,0.0,2,86242.18,France,Female,0,1,0,0.985836,High Risk,2650
587,33,5,100116.82,1,34215.58,France,Male,0,1,0,0.9104697,High Risk,2651
850,40,4,166082.15,2,44406.17,Germany,Male,1,0,0,0.9985227,High Risk,2652
601,38,0,0.0,2,165196.65,France,Female,0,1,0,0.9814641,High Risk,2653
730,26,3,0.0,1,34542.41,Spain,Male,0,1,0,0.9816821,High Risk,2654
532,44,3,148595.55,1,74838.64,France,Male,0,1,1,0.9876522,High Risk,2655
850,53,2,94078.97,2,36980.54,Germany,Male,0,1,0,0.5881292,Medium Risk,2656
779,34,5,0.0,2,111676.63,Spain,Female,1,0,0,0.6356592,Medium Risk,2657
562,29,9,0.0,1,25858.68,France,Male,1,1,0,0.9630153,High Risk,2658
670,40,2,164948.98,3,177028.0,Germany,Male,0,0,1,0.98835886,High Risk,2659
729,62,4,140549.4,1,30990.16,France,Female,0,1,1,0.51192033,Medium Risk,2660
767,44,2,152509.25,1,136915.15,France,Female,1,1,0,0.9805135,High Risk,2661
742,28,2,191864.51,1,108457.99,France,Female,0,1,1,0.98680854,High Risk,2662
669,44,8,96418.09,1,131609.48,France,Female,0,0,1,0.50345665,Medium Risk,2663
542,32,2,131945.94,1,159737.56,Spain,Male,1,0,0,0.5294213,Medium Risk,2664
586,29,3,0.0,2,142238.54,France,Male,1,1,0,0.9878477,High Risk,2665
612,30,9,142910.15,1,105890.55,Germany,Male,0,1,1,0.74590164,High Risk,2666
740,37,7,0.0,2,194270.91,France,Female,1,1,0,0.48848805,Medium Risk,2667
584,35,3,146311.58,1,105443.47,France,Male,1,1,0,0.9601767,High Risk,2668
524,52,2,87894.26,1,173899.42,France,Male,0,1,1,0.9807943,High Risk,2669
614,19,5,97445.49,2,122823.34,France,Female,0,1,0,0.9588279,High Risk,2670
598,64,9,0.0,1,13181.37,France,Female,1,0,1,0.5896888,Medium Risk,2671
799,35,7,0.0,2,140780.8,Spain,Male,1,0,0,0.98368937,High Risk,2672
724,34,2,154485.74,2,78560.64,France,Male,0,0,0,0.9601767,High Risk,2673
601,50,2,115625.07,1,185855.21,France,Male,0,1,0,0.99003196,High Risk,2674
804,25,7,108396.67,1,128276.95,France,Male,0,1,0,0.48069128,Medium Risk,2675
745,38,5,65095.41,2,140197.42,Germany,Male,1,1,0,0.98933476,High Risk,2676
667,43,1,103018.45,1,32462.39,Germany,Male,0,1,1,0.62140924,Medium Risk,2677
518,38,10,84764.79,1,162253.9,France,Female,1,1,0,0.99934167,High Risk,2678
819,38,10,0.0,2,30498.7,France,Female,0,1,0,0.43738797,Medium Risk,2679
520,35,4,115680.81,1,90280.7,Spain,Female,1,1,0,0.99878305,High Risk,2680
625,39,5,0.0,2,32615.21,France,Female,0,1,0,0.98299545,High Risk,2681
673,36,5,73088.06,2,196142.26,Germany,Male,0,0,0,0.9918955,High Risk,2682
656,27,3,150905.03,2,16998.72,Germany,Female,0,1,0,0.92881626,High Risk,2683
850,23,9,143054.85,1,62980.96,Spain,Female,1,0,0,0.9935137,High Risk,2684
574,28,7,0.0,2,185660.3,Spain,Female,0,0,0,0.76263154,High Risk,2685
679,60,6,0.0,2,77331.77,France,Male,1,1,0,0.91311973,High Risk,2686
530,42,0,99948.45,1,97338.62,Germany,Female,1,0,0,0.9876044,High Risk,2687
508,44,3,115451.05,2,67234.33,France,Male,0,0,0,0.48069128,Medium Risk,2688
558,32,4,108235.91,1,143783.28,Germany,Male,1,1,0,0.79244584,High Risk,2689
414,38,8,0.0,1,77661.12,France,Male,1,0,1,0.9057496,High Risk,2690
648,42,2,98795.61,2,89123.99,Spain,Male,0,1,0,0.9993773,High Risk,2691
721,37,1,0.0,2,70810.8,France,Female,0,1,0,0.99577516,High Risk,2692
751,31,8,0.0,2,17550.49,France,Male,0,0,0,0.6340477,Medium Risk,2693
662,34,2,0.0,2,21497.27,France,Male,1,0,0,0.595922,Medium Risk,2694
628,29,3,113146.98,2,124749.08,Germany,Male,1,0,0,0.99075764,High Risk,2695
597,39,8,162532.14,3,36051.46,Germany,Female,0,1,1,0.5658882,Medium Risk,2696
698,40,0,92053.44,1,143681.83,Spain,Female,1,1,0,0.43144652,Medium Risk,2697
723,48,7,0.0,2,150694.58,France,Male,1,1,0,0.9961876,High Risk,2698
586,28,5,0.0,3,170487.4,France,Female,0,1,1,0.80379474,High Risk,2699
633,29,8,104944.1,1,97684.46,Germany,Female,1,1,0,0.99597067,High Risk,2700
564,31,4,0.0,2,53520.03,France,Male,0,1,0,0.9979534,High Risk,2701
649,31,2,0.0,2,15200.61,France,Female,0,1,0,0.6710051,Medium Risk,2702
622,30,4,107879.04,1,196894.62,France,Female,1,0,0,0.98718333,High Risk,2703
459,46,7,110356.42,1,4969.13,Germany,Male,0,1,1,0.9949232,High Risk,2704
718,27,2,0.0,2,26229.24,France,Male,0,0,0,0.97172,High Risk,2705
655,34,4,109783.69,2,134034.32,Spain,Female,0,1,0,0.44950613,Medium Risk,2706
696,22,9,149777.0,1,198032.93,France,Male,1,1,0,0.98680854,High Risk,2707
637,38,3,104339.56,1,119882.86,France,Female,0,0,0,0.5746541,Medium Risk,2708
630,21,1,85818.18,1,133102.3,Spain,Female,1,1,0,0.97911686,High Risk,2709
592,37,4,212692.97,1,176395.02,France,Male,0,0,0,0.7436671,High Risk,2710
634,37,1,89696.84,2,193179.88,Germany,Male,1,1,0,0.8085209,High Risk,2711
608,28,9,0.0,2,125062.02,France,Female,1,1,0,0.9830831,High Risk,2712
565,32,9,68067.24,1,143287.58,Germany,Female,0,1,0,0.5232429,Medium Risk,2713
763,67,9,148564.66,1,87236.4,Spain,Male,1,0,0,0.75304174,High Risk,2714
665,55,8,136354.16,1,93769.89,France,Female,1,1,0,0.9081794,High Risk,2715
649,38,1,122214.0,1,88965.46,France,Male,1,0,0,0.6261376,Medium Risk,2716
695,45,3,0.0,2,30793.61,France,Male,1,1,0,0.69011515,Medium Risk,2717
775,70,6,119684.88,2,74532.02,Germany,Male,1,1,0,0.84298044,High Risk,2718
788,39,3,135139.33,1,113086.08,France,Female,1,0,0,0.99075764,High Risk,2719
569,42,9,146100.75,1,32574.01,Germany,Female,0,1,1,0.59517825,Medium Risk,2720
726,56,8,123110.9,3,130113.78,Spain,Female,1,0,1,0.5700401,Medium Risk,2721
564,44,3,111760.4,3,104722.47,Germany,Female,1,1,1,0.7387854,High Risk,2722
544,32,9,110728.39,1,14559.62,France,Female,1,1,0,0.7251301,High Risk,2723
614,41,8,121558.46,1,598.8,France,Female,1,1,0,0.9830831,High Risk,2724
453,38,8,120623.21,1,129697.99,Germany,Female,0,1,0,0.69832283,Medium Risk,2725
471,58,4,114713.57,1,36315.03,France,Female,1,1,0,0.99853134,High Risk,2726
829,37,3,103457.76,1,1114.12,Germany,Female,0,0,0,0.54351634,Medium Risk,2727
754,57,2,101134.87,2,70954.41,Germany,Male,1,1,0,0.7255311,High Risk,2728
749,46,10,78136.36,2,73470.98,Germany,Male,1,1,0,0.9990532,High Risk,2729
667,23,1,0.0,2,91573.19,France,Male,0,1,0,0.9902598,High Risk,2730
670,30,3,133446.34,1,3154.95,Spain,Male,0,0,0,0.820937,High Risk,2731
670,33,7,0.0,2,88187.81,France,Female,1,1,0,0.9919551,High Risk,2732
623,48,1,108076.33,1,118855.26,Germany,Female,0,1,1,0.9692657,High Risk,2733
571,32,5,131354.25,1,125256.53,France,Male,0,1,0,0.8467937,High Risk,2734
641,37,7,62974.64,2,39016.43,Germany,Female,1,0,0,0.9798269,High Risk,2735
551,30,2,143340.44,1,145796.49,Germany,Female,0,1,0,0.9733847,High Risk,2736
741,36,8,116993.43,2,168816.22,Germany,Male,0,1,0,0.7593675,High Risk,2737
472,31,4,58662.92,2,73322.0,France,Male,1,0,0,0.94784606,High Risk,2738
650,41,3,128808.65,3,113677.53,Spain,Male,0,0,1,0.97911686,High Risk,2739
625,45,7,137555.44,1,124607.7,France,Male,0,0,0,0.61463976,Medium Risk,2740
650,34,4,142393.11,1,11276.48,Germany,Male,1,1,0,0.9979358,High Risk,2741
535,38,8,0.0,2,136620.64,France,Female,0,1,0,0.7497031,High Risk,2742
649,41,2,125785.23,1,70523.92,France,Female,1,1,0,0.9908049,High Risk,2743
689,22,4,136444.25,1,51980.25,France,Male,0,1,1,0.95522803,High Risk,2744
694,38,7,121527.4,1,113481.02,Spain,Male,0,1,0,0.67136395,Medium Risk,2745
655,52,9,144696.75,1,49025.79,Germany,Male,1,1,0,0.34777498,Low Risk,2746
620,36,8,0.0,2,145937.99,France,Male,1,1,0,0.81989306,High Risk,2747
577,35,10,0.0,2,25161.61,France,Female,1,1,0,0.968322,High Risk,2748
401,48,8,128140.17,1,175753.55,Germany,Male,0,1,1,0.67994547,Medium Risk,2749
599,25,6,120383.41,1,24903.09,France,Male,1,1,0,0.74590164,High Risk,2750
481,57,9,0.0,3,169719.35,France,Female,1,1,1,0.48848805,Medium Risk,2751
704,42,8,129735.3,2,179565.57,France,Male,1,1,0,0.987301,High Risk,2752
698,31,8,185078.26,1,115337.74,Spain,Female,0,0,1,0.99900514,High Risk,2753
480,28,6,0.0,2,48131.92,France,Female,0,0,0,0.85029644,High Risk,2754
682,42,0,0.0,1,160828.98,France,Male,1,1,0,0.17598248,Low Risk,2755
700,31,7,0.0,2,145151.96,Spain,Male,1,0,0,0.60627705,Medium Risk,2756
492,29,1,144591.96,1,196293.76,France,Male,1,1,0,0.9973182,High Risk,2757
444,45,4,0.0,2,161653.5,France,Female,0,1,1,0.99702376,High Risk,2758
624,36,6,0.0,2,84635.64,France,Male,0,0,0,0.9885787,High Risk,2759
709,37,7,0.0,1,159486.76,France,Male,0,1,0,0.5681876,Medium Risk,2760
557,68,2,100194.44,1,38596.34,Germany,Male,1,1,0,0.61463976,Medium Risk,2761
646,50,6,145295.31,2,27814.74,Germany,Male,1,1,0,0.438148,Medium Risk,2762
719,28,3,106070.29,2,183893.31,Germany,Male,1,1,0,0.5697558,Medium Risk,2763
706,47,6,120621.89,1,140803.7,Germany,Female,1,1,0,0.5692201,Medium Risk,2764
660,38,7,0.0,2,146585.53,France,Male,1,0,0,0.5406104,Medium Risk,2765
667,36,9,0.0,2,40062.29,France,Male,1,1,0,0.90464664,High Risk,2766
705,30,1,0.0,1,181300.32,France,Male,1,1,0,0.80379474,High Risk,2767
598,27,10,171283.91,1,84136.12,Germany,Female,1,1,0,0.44150388,Medium Risk,2768
669,26,4,0.0,2,197594.34,France,Male,1,1,0,0.98229283,High Risk,2769
580,38,1,128218.47,1,125953.83,Germany,Female,0,1,1,0.89342475,High Risk,2770
676,32,5,0.0,2,75465.41,France,Female,1,1,0,0.9733847,High Risk,2771
714,28,7,77776.39,1,177737.07,Germany,Male,0,1,0,0.72636217,High Risk,2772
597,72,6,124978.19,2,7144.46,Germany,Female,1,1,0,0.99879175,High Risk,2773
559,29,1,0.0,2,155639.76,France,Male,0,0,0,0.9007995,High Risk,2774
564,28,1,0.0,1,162428.05,France,Female,1,1,0,0.6502462,Medium Risk,2775
850,51,3,109799.55,2,12457.76,Spain,Male,1,1,1,0.9970277,High Risk,2776
689,39,7,0.0,2,14917.09,France,Male,0,0,0,0.9798269,High Risk,2777
758,61,8,125397.21,1,182184.09,Germany,Female,0,1,1,0.6266928,Medium Risk,2778
604,71,10,0.0,2,129984.2,Spain,Female,1,1,0,0.67683434,Medium Risk,2779
733,38,9,111347.37,2,194872.97,Germany,Male,1,0,0,0.34901834,Low Risk,2780
778,40,8,104291.41,2,117507.11,Spain,Male,1,1,0,0.6063779,Medium Risk,2781
732,61,9,94867.18,2,157527.6,Germany,Female,1,1,1,0.99576974,High Risk,2782
646,24,8,0.0,2,92612.88,France,Male,0,0,0,0.9961028,High Risk,2783
597,33,6,135703.59,2,74850.84,France,Female,0,0,0,0.8682848,High Risk,2784
821,37,5,106453.53,2,127413.0,Germany,Female,1,0,0,0.9925868,High Risk,2785
640,43,7,132412.38,1,69584.3,France,Male,0,0,1,0.9830831,High Risk,2786
511,40,9,124401.6,1,198814.24,Germany,Female,0,1,1,0.9880971,High Risk,2787
805,46,6,118022.06,3,162643.15,France,Male,0,1,1,0.9894092,High Risk,2788
540,39,1,82531.11,1,114092.52,Germany,Male,0,1,0,0.984432,High Risk,2789
705,44,0,184552.12,1,68860.3,Spain,Male,0,1,1,0.61463976,Medium Risk,2790
540,39,4,127278.31,1,16150.34,Germany,Male,1,1,0,0.6266928,Medium Risk,2791
532,66,3,0.0,1,115227.02,Spain,Female,1,1,0,0.7507143,High Risk,2792
535,45,2,0.0,2,170621.55,France,Female,1,0,0,0.9878477,High Risk,2793
627,23,5,184244.86,1,103099.22,Germany,Male,0,1,0,0.97911686,High Risk,2794
646,52,8,59669.43,1,172495.81,France,Male,0,0,1,0.86235344,High Risk,2795
515,25,7,79543.59,1,38772.82,France,Female,1,0,0,0.75172174,High Risk,2796
697,39,6,151553.19,1,44946.29,France,Female,1,1,0,0.46491623,Medium Risk,2797
652,27,2,166527.88,2,146007.7,Germany,Male,1,0,0,0.9733847,High Risk,2798
579,28,6,150329.15,1,145558.42,Germany,Male,0,1,0,0.9692657,High Risk,2799
760,43,8,121911.59,1,193312.33,France,Male,0,1,0,0.985836,High Risk,2800
769,51,9,156773.78,2,40257.79,France,Male,0,1,0,0.6068107,Medium Risk,2801
498,29,8,127864.26,1,46677.9,Spain,Male,1,1,0,0.42200515,Medium Risk,2802
774,53,4,113709.28,1,153887.93,France,Male,1,1,1,0.7464134,High Risk,2803
705,43,7,79974.55,1,103108.33,Germany,Female,1,1,0,0.8316187,High Risk,2804
648,44,2,0.0,2,58652.23,France,Female,1,1,0,0.99879164,High Risk,2805
688,51,5,0.0,1,91624.11,France,Female,0,1,1,0.9967894,High Risk,2806
592,38,0,0.0,1,65986.48,Spain,Male,0,1,1,0.9692657,High Risk,2807
705,33,3,144427.96,2,113845.19,France,Male,0,1,0,0.7317037,High Risk,2808
654,42,7,99263.09,1,67607.9,France,Male,1,1,0,0.44697872,Medium Risk,2809
624,32,2,79368.87,2,145471.94,France,Female,1,1,0,0.6734849,Medium Risk,2810
594,30,10,0.0,2,124071.71,France,Female,1,1,0,0.6220063,Medium Risk,2811
695,34,9,0.0,2,67502.12,Spain,Female,1,1,0,0.5956741,Medium Risk,2812
597,28,2,0.0,3,78707.97,France,Male,1,1,0,0.9805135,High Risk,2813
758,52,7,125095.94,1,171189.83,France,Female,0,1,1,0.9562895,High Risk,2814
737,40,2,162485.8,2,149381.32,Germany,Female,0,1,0,0.9894092,High Risk,2815
694,37,1,95668.82,2,100335.55,Germany,Male,0,1,0,0.9838238,High Risk,2816
683,25,4,0.0,2,152698.24,France,Male,0,1,0,0.6220063,Medium Risk,2817
538,30,8,0.0,2,41192.95,Spain,Female,1,1,0,0.9885787,High Risk,2818
669,37,4,0.0,1,132540.33,France,Male,0,1,0,0.9911379,High Risk,2819
730,34,5,74197.38,2,96875.52,France,Female,0,1,0,0.6104177,Medium Risk,2820
622,31,1,89688.94,1,152305.47,France,Female,1,1,0,0.7264969,High Risk,2821
714,33,10,103121.33,2,49672.01,Spain,Female,1,1,0,0.9920753,High Risk,2822
569,34,3,0.0,1,133997.53,Spain,Female,0,1,0,0.80863744,High Risk,2823
668,59,5,120170.07,1,50454.8,Germany,Female,1,0,0,0.6631642,Medium Risk,2824
628,32,9,149136.31,2,16402.11,France,Male,1,1,0,0.89526373,High Risk,2825
600,40,1,141136.79,1,67803.83,France,Male,1,1,0,0.99217457,High Risk,2826
693,43,4,152341.55,1,9241.78,France,Female,0,1,0,0.7593675,High Risk,2827
704,36,7,120026.98,2,100601.73,France,Male,1,0,0,0.9797055,High Risk,2828
527,33,9,132168.28,1,98734.15,Spain,Male,0,0,0,0.48069128,Medium Risk,2829
553,43,6,85200.82,2,160574.09,Germany,Male,1,1,0,0.87521213,High Risk,2830
575,53,1,84903.33,2,26015.8,Spain,Male,1,0,0,0.999151,High Risk,2831
626,32,0,0.0,2,187172.54,France,Female,0,0,0,0.6930205,Medium Risk,2832
582,20,4,0.0,1,55763.66,France,Male,1,1,0,0.968578,High Risk,2833
683,40,8,0.0,1,75848.22,Spain,Male,0,1,0,0.9969408,High Risk,2834
850,30,9,121535.18,1,40313.47,France,Male,0,0,0,0.54197025,Medium Risk,2835
653,35,6,116662.96,2,23864.21,Spain,Male,1,1,0,0.7128887,High Risk,2836
679,60,8,0.0,2,51380.9,France,Male,1,1,0,0.8477107,High Risk,2837
549,49,6,124829.16,1,93551.36,Germany,Female,1,0,0,0.9871867,High Risk,2838
850,36,2,155180.56,2,169415.54,Spain,Female,0,0,0,0.7226957,High Risk,2839
558,32,1,108262.87,1,6935.31,Germany,Female,1,1,0,0.9814641,High Risk,2840
528,40,4,0.0,2,25399.7,Spain,Male,0,1,0,0.9984654,High Risk,2841
801,38,5,0.0,2,66256.27,France,Male,0,1,0,0.14860974,Low Risk,2842
513,48,2,0.0,1,114709.13,Spain,Male,1,1,1,0.48069128,Medium Risk,2843
666,38,6,99812.88,2,158357.97,Germany,Male,1,1,0,0.5204896,Medium Risk,2844
606,35,2,132164.26,1,164815.59,France,Male,1,0,0,0.968322,High Risk,2845
599,45,10,103583.05,1,132127.69,Germany,Male,0,1,1,0.968322,High Risk,2846
544,39,4,142406.43,2,146637.45,Germany,Male,0,1,0,0.95522803,High Risk,2847
529,38,7,99842.5,2,90256.06,Spain,Male,0,1,1,0.9446085,High Risk,2848
850,41,5,0.0,2,34827.43,France,Female,1,1,0,0.997712,High Risk,2849
497,41,9,0.0,1,22074.48,France,Male,0,0,0,0.6710051,Medium Risk,2850
764,39,5,81042.42,1,109805.17,France,Female,1,0,0,0.99879164,High Risk,2851
603,48,5,0.0,1,100478.6,France,Female,0,1,1,0.6277947,Medium Risk,2852
609,40,6,0.0,2,97416.34,France,Male,1,1,0,0.5571451,Medium Risk,2853
487,53,4,199689.49,1,24207.86,France,Male,1,1,1,0.9951721,High Risk,2854
748,33,1,142645.43,1,69132.66,France,Male,0,0,0,0.78886104,High Risk,2855
710,75,5,0.0,2,9376.89,Spain,Female,1,1,0,0.9879453,High Risk,2856
432,45,3,110219.14,1,43046.7,Germany,Female,0,1,1,0.4014826,Medium Risk,2857
534,51,3,0.0,2,20856.31,Spain,Male,1,0,0,0.994922,High Risk,2858
607,25,3,0.0,2,187048.72,France,Male,0,0,0,0.9856145,High Risk,2859
551,32,4,0.0,2,53420.53,Spain,Male,0,1,0,0.985836,High Risk,2860
674,45,7,142072.02,1,37013.29,France,Male,0,1,0,0.99828124,High Risk,2861
525,25,6,0.0,2,89566.64,France,Female,0,1,0,0.98574764,High Risk,2862
645,33,8,149564.61,1,149913.84,Germany,Male,0,0,0,0.99879324,High Risk,2863
755,43,9,0.0,2,18066.69,France,Female,0,1,0,0.6561557,Medium Risk,2864
708,37,8,153366.13,1,26912.34,Germany,Male,1,1,0,0.44950613,Medium Risk,2865
715,21,6,76467.16,1,173511.72,France,Male,1,1,0,0.6562869,Medium Risk,2866
727,26,9,121508.28,1,146785.44,France,Female,1,1,0,0.91646534,High Risk,2867
559,27,1,0.0,1,1050.33,Spain,Female,1,0,0,0.9623019,High Risk,2868
545,36,8,73211.12,2,89587.34,Spain,Male,0,1,1,0.9913549,High Risk,2869
524,22,9,0.0,2,74405.34,France,Male,0,1,0,0.9566305,High Risk,2870
707,55,1,0.0,2,54409.48,France,Female,1,0,0,0.9823926,High Risk,2871
671,38,0,92674.94,2,3647.57,Spain,Male,0,1,0,0.9057496,High Risk,2872
439,52,3,96196.24,4,198874.52,Spain,Male,0,1,1,0.7694797,High Risk,2873
667,36,1,114391.62,1,53412.54,Germany,Female,1,1,0,0.98971915,High Risk,2874
831,32,9,80262.66,1,194867.78,Germany,Male,0,1,0,0.976253,High Risk,2875
545,33,7,173331.52,1,150452.88,Spain,Female,0,1,0,0.7264969,High Risk,2876
604,35,7,147285.52,1,57807.05,Spain,Female,1,1,0,0.2566875,Low Risk,2877
657,67,5,119785.47,2,107534.32,Spain,Male,1,1,0,0.9751516,High Risk,2878
487,36,1,140137.15,1,194073.33,Spain,Female,0,1,0,0.9798269,High Risk,2879
750,52,6,107467.56,1,126233.18,Germany,Female,0,1,1,0.9830831,High Risk,2880
694,37,8,98218.04,2,182354.46,Germany,Female,0,1,1,0.5030908,Medium Risk,2881
711,35,2,133607.75,1,120586.32,Germany,Female,1,1,0,0.6261376,Medium Risk,2882
551,37,3,0.0,2,50578.4,France,Male,1,1,0,0.78486615,High Risk,2883
559,38,8,95139.41,1,86575.46,France,Female,1,1,0,0.9127697,High Risk,2884
620,29,3,0.0,2,153392.28,France,Female,1,0,0,0.9599864,High Risk,2885
660,42,5,0.0,2,115509.59,Spain,Male,0,1,0,0.99879164,High Risk,2886
449,37,6,0.0,2,82176.48,France,Female,0,1,0,0.9937273,High Risk,2887
703,26,1,97331.19,1,63717.49,Germany,Female,0,1,0,0.5232349,Medium Risk,2888
795,37,2,139265.63,2,198745.94,Germany,Male,1,1,0,0.88880867,High Risk,2889
594,31,9,0.0,1,5719.11,France,Female,1,0,0,0.98889494,High Risk,2890
586,34,5,168094.01,1,20058.61,Spain,Male,0,0,0,0.9830831,High Risk,2891
613,30,5,131563.88,2,170638.98,Germany,Female,0,1,0,0.9947924,High Risk,2892
601,44,3,0.0,2,30607.11,France,Male,0,1,0,0.99700266,High Risk,2893
657,50,9,0.0,2,37171.46,France,Male,0,0,0,0.6261376,Medium Risk,2894
531,31,3,0.0,1,42589.33,France,Male,1,1,0,0.7255311,High Risk,2895
621,47,7,107363.29,1,66799.28,Germany,Male,1,1,0,0.90121526,High Risk,2896
782,33,2,94493.03,1,101866.39,France,Female,1,0,0,0.9922633,High Risk,2897
528,29,9,170214.23,2,49284.0,Germany,Female,0,1,0,0.985836,High Risk,2898
696,52,6,139781.06,1,27445.4,France,Male,0,1,1,0.9992762,High Risk,2899
586,35,7,0.0,2,70760.69,France,Female,0,1,0,0.6717305,Medium Risk,2900
626,26,8,148610.41,3,104502.02,Spain,Female,1,0,1,0.2659978,Low Risk,2901
498,73,2,170241.7,2,165407.96,France,Male,1,1,0,0.6104177,Medium Risk,2902
691,33,1,128306.83,1,113580.79,France,Female,1,1,0,0.8662853,High Risk,2903
568,47,7,0.0,2,45978.39,France,Female,1,1,0,0.74590164,High Risk,2904
715,35,3,0.0,1,152012.36,France,Female,1,1,0,0.8567557,High Risk,2905
680,32,7,175454.0,1,77349.92,Germany,Male,1,0,0,0.9960033,High Risk,2906
802,41,6,0.0,2,47322.05,Spain,Male,0,1,0,0.8692851,High Risk,2907
539,22,0,100885.93,2,38772.65,France,Female,1,1,0,0.63972473,Medium Risk,2908
494,69,9,93320.8,1,24489.44,France,Male,1,1,0,0.61463976,Medium Risk,2909
594,38,6,63176.44,2,14466.08,Germany,Male,1,1,0,0.9903257,High Risk,2910
596,33,2,139451.67,1,63142.12,France,Male,0,0,0,0.9910755,High Risk,2911
649,52,8,49113.75,1,41858.43,France,Female,0,1,0,0.76460683,High Risk,2912
699,32,1,123906.22,3,127443.82,Germany,Male,1,1,1,0.9566467,High Risk,2913
787,40,6,0.0,2,84151.98,France,Female,1,1,0,0.9967044,High Risk,2914
604,28,7,0.0,2,58595.64,France,Male,0,0,0,0.9918983,High Risk,2915
489,52,1,131441.51,1,37240.11,Germany,Female,0,1,1,0.9885787,High Risk,2916
651,56,2,0.0,1,114522.68,France,Male,0,1,1,0.7317037,High Risk,2917
698,57,6,136325.48,2,72549.27,France,Male,1,1,1,0.9798269,High Risk,2918
578,38,4,113150.44,2,176712.59,Germany,Female,0,1,1,0.9954335,High Risk,2919
538,42,9,0.0,1,152855.96,Spain,Female,0,0,0,0.89342475,High Risk,2920
696,33,4,0.0,2,73371.65,France,Female,1,1,0,0.7464134,High Risk,2921
507,46,8,102785.16,1,70323.68,Germany,Female,1,1,0,0.9902598,High Risk,2922
685,34,6,83264.28,1,9663.28,Spain,Male,0,0,0,0.48069128,Medium Risk,2923
705,41,4,72252.64,2,142514.66,Germany,Male,1,1,0,0.99231756,High Risk,2924
499,29,6,148051.52,1,118623.94,Germany,Female,0,1,0,0.82006365,High Risk,2925
717,76,9,138489.66,1,68400.14,France,Female,1,1,0,0.5294213,Medium Risk,2926
510,63,8,0.0,2,115291.86,France,Male,1,1,0,0.53327465,Medium Risk,2927
632,32,6,111589.33,1,170382.99,France,Male,1,1,0,0.99271494,High Risk,2928
668,39,0,122104.79,1,112946.67,Germany,Female,0,1,1,0.7255311,High Risk,2929
744,32,4,96106.83,1,79812.77,Germany,Male,1,1,0,0.98718333,High Risk,2930
663,42,7,115930.87,1,19862.78,Germany,Male,0,1,0,0.9798269,High Risk,2931
638,37,7,124513.66,2,158610.89,Germany,Female,0,1,0,0.9973182,High Risk,2932
688,54,9,0.0,1,191212.63,France,Female,0,1,1,0.9856145,High Risk,2933
588,46,8,0.0,1,61931.21,Spain,Male,0,1,0,0.60360426,Medium Risk,2934
631,33,7,0.0,1,58043.02,France,Male,1,1,1,0.9825593,High Risk,2935
687,35,8,100988.39,2,22247.27,Spain,Male,0,1,0,0.71604556,High Risk,2936
599,44,10,118577.24,1,31448.52,France,Male,1,1,0,0.9440024,High Risk,2937
718,28,6,0.0,2,146875.86,Spain,Male,0,1,0,0.44150388,Medium Risk,2938
730,27,5,0.0,2,116081.93,France,Male,1,1,0,0.9191023,High Risk,2939
533,39,2,0.0,1,73669.94,France,Female,1,0,1,0.54119945,Medium Risk,2940
711,28,5,0.0,2,93959.96,Spain,Female,1,1,0,0.67256165,Medium Risk,2941
555,26,9,0.0,2,158918.03,Spain,Female,1,0,0,0.78313357,High Risk,2942
850,42,9,113311.11,1,198193.75,France,Female,1,1,0,0.9994665,High Risk,2943
678,41,9,0.0,1,13160.03,France,Female,0,0,0,0.9926664,High Risk,2944
576,32,7,0.0,2,4660.91,France,Male,0,1,0,0.9945372,High Risk,2945
835,20,4,124365.42,1,180197.74,Germany,Male,0,0,1,0.89526373,High Risk,2946
592,42,1,147249.29,2,63023.02,France,Male,1,1,0,0.5867379,Medium Risk,2947
774,36,7,103688.19,1,118971.74,France,Male,1,0,0,0.9884311,High Risk,2948
620,29,1,138740.24,2,154700.61,France,Female,0,0,0,0.34901834,Low Risk,2949
519,39,4,111900.14,1,97577.17,Spain,Male,1,1,0,0.8073915,High Risk,2950
734,37,0,152760.24,1,48990.5,Spain,Female,1,1,0,0.5254974,Medium Risk,2951
763,31,7,143966.3,2,140262.96,Germany,Male,1,1,1,0.9692657,High Risk,2952
733,51,10,141556.96,1,130189.53,France,Male,0,1,0,0.86725354,High Risk,2953
650,43,6,0.0,2,16301.91,France,Female,1,1,0,0.9973182,High Risk,2954
538,33,5,0.0,2,126962.41,France,Female,0,1,0,0.8160334,High Risk,2955
577,46,1,0.0,1,158750.53,France,Female,1,1,0,0.99379236,High Risk,2956
792,30,8,0.0,2,199644.2,France,Male,0,1,0,0.6734849,Medium Risk,2957
686,41,10,0.0,1,144272.71,France,Female,1,1,1,0.7195225,High Risk,2958
589,29,2,0.0,2,98320.27,France,Male,1,0,0,0.9908049,High Risk,2959
530,25,9,162560.32,1,64129.03,France,Male,0,1,0,0.9830831,High Risk,2960
778,29,7,123229.46,1,181221.09,Germany,Female,0,1,0,0.39078698,Low Risk,2961
616,31,7,76665.71,2,163809.08,Spain,Male,1,1,0,0.53327465,Medium Risk,2962
550,38,9,140278.99,3,171457.06,France,Male,1,1,1,0.9191989,High Risk,2963
655,51,3,0.0,2,15801.02,France,Female,1,0,0,0.9847254,High Risk,2964
721,46,1,115764.32,2,102950.79,France,Male,0,0,0,0.968322,High Risk,2965
499,36,5,131142.53,2,174918.46,Germany,Male,0,1,0,0.9692657,High Risk,2966
511,45,5,68375.27,1,193160.25,France,Male,0,1,1,0.9956981,High Risk,2967
579,39,5,117833.3,3,5831.0,Germany,Female,0,0,1,0.51305604,Medium Risk,2968
696,36,7,0.0,2,82298.59,Spain,Female,1,1,0,0.99064577,High Risk,2969
681,34,7,0.0,2,130686.59,France,Male,0,0,0,0.9085326,High Risk,2970
815,45,7,0.0,1,52885.23,France,Male,1,0,1,0.9838524,High Risk,2971
681,30,2,111093.01,1,68985.99,Spain,Male,0,1,0,0.9838524,High Risk,2972
641,42,9,132657.55,1,35367.19,Spain,Male,0,1,0,0.5783935,Medium Risk,2973
591,56,9,128882.49,1,196241.94,France,Female,1,1,1,0.48069128,Medium Risk,2974
565,59,9,69129.59,1,170705.53,Germany,Male,1,1,0,0.43144652,Medium Risk,2975
487,37,6,0.0,2,126477.41,France,Male,1,1,0,0.48848805,Medium Risk,2976
729,39,4,121404.64,1,159618.17,France,Male,1,1,0,0.97172,High Risk,2977
505,45,9,131355.3,3,195395.33,Spain,Female,0,1,1,0.6996476,Medium Risk,2978
580,35,1,102097.33,1,168285.85,France,Female,1,0,0,0.74957263,High Risk,2979
642,40,1,154863.15,1,138052.51,France,Male,1,1,0,0.98886967,High Risk,2980
850,41,3,99945.93,2,71179.31,Spain,Female,0,1,0,0.9681397,High Risk,2981
616,39,2,121704.32,2,55556.3,Germany,Male,0,1,0,0.99639374,High Risk,2982
526,43,3,0.0,2,31705.19,Spain,Female,0,1,0,0.5254974,Medium Risk,2983
523,35,8,138782.76,1,186118.93,Germany,Male,1,1,0,0.34777498,Low Risk,2984
663,35,9,0.0,2,195580.28,France,Male,1,1,0,0.9964868,High Risk,2985
840,30,8,136291.71,1,54113.38,France,Male,0,1,0,0.9657218,High Risk,2986
570,42,0,107856.57,2,127528.84,Germany,Male,0,1,0,0.9966732,High Risk,2987
676,26,1,108348.66,1,60231.74,Germany,Female,0,0,1,0.977459,High Risk,2988
689,47,1,93871.95,3,156878.42,France,Male,0,1,1,0.99474156,High Risk,2989
703,45,1,0.0,1,182784.11,Spain,Female,0,1,1,0.98574764,High Risk,2990
491,19,2,125860.2,1,129690.5,Germany,Male,0,0,0,0.9692657,High Risk,2991
584,49,8,172713.44,1,113860.81,France,Male,0,1,0,0.9308186,High Risk,2992
810,51,5,0.0,2,184524.74,France,Female,1,0,0,0.70076746,High Risk,2993
745,59,8,0.0,1,36124.98,Spain,Female,1,1,0,0.6710051,Medium Risk,2994
625,39,3,130786.92,1,121316.07,France,Female,1,0,0,0.9805135,High Risk,2995
535,29,2,112367.34,1,185630.76,France,Female,0,1,0,0.9778504,High Risk,2996
729,45,7,91091.06,2,71133.12,Spain,Female,0,1,0,0.86235344,High Risk,2997
655,26,7,106198.5,1,32020.42,France,Female,1,0,0,0.9692657,High Risk,2998
751,47,5,142669.93,2,162760.96,France,Male,0,1,0,0.8328378,High Risk,2999
525,33,1,112833.35,1,175178.56,France,Male,1,0,0,0.83637416,High Risk,3000
532,40,5,0.0,2,177099.71,France,Female,1,0,0,0.70076746,High Risk,3001
696,43,4,0.0,2,66406.37,Spain,Female,1,1,0,0.9968292,High Risk,3002
786,32,2,104336.43,2,59559.81,Germany,Female,0,0,0,0.5867379,Medium Risk,3003
580,55,6,104305.74,1,175750.21,France,Male,1,0,0,0.48069128,Medium Risk,3004
596,47,5,140187.1,2,174311.3,Germany,Male,1,1,0,0.9885787,High Risk,3005
683,39,4,0.0,2,171716.81,France,Male,0,1,0,0.98289686,High Risk,3006
747,45,1,114959.12,1,189362.39,France,Female,0,1,1,0.5867379,Medium Risk,3007
602,33,5,164704.38,1,180716.1,France,Male,1,0,1,0.54465264,Medium Risk,3008
779,62,10,119096.55,1,116977.89,France,Male,1,0,0,0.90464664,High Risk,3009
551,31,1,0.0,2,185105.44,France,Male,1,1,0,0.9947924,High Risk,3010
666,47,2,0.0,1,35046.97,France,Male,0,1,1,0.97965086,High Risk,3011
526,30,8,0.0,1,36251.0,Spain,Male,0,1,0,0.9951125,High Risk,3012
849,41,9,115465.28,1,103174.5,France,Female,0,1,0,0.9979358,High Risk,3013
471,27,4,0.0,2,122642.09,France,Female,0,1,0,0.9422351,High Risk,3014
628,43,3,184926.61,1,122937.57,Spain,Male,0,1,0,0.98718333,High Risk,3015
674,43,8,85957.88,2,8757.39,Germany,Male,0,1,0,0.8172292,High Risk,3016
797,32,10,114084.6,1,125782.29,France,Male,1,0,0,0.95292735,High Risk,3017
590,29,2,166930.76,2,122487.73,Spain,Female,0,1,0,0.9982835,High Risk,3018
588,27,8,0.0,1,20066.38,France,Female,0,1,0,0.6930205,Medium Risk,3019
577,29,7,0.0,2,55473.15,France,Male,1,1,0,0.99397945,High Risk,3020
571,38,6,107193.82,2,38962.94,France,Female,0,0,0,0.7317037,High Risk,3021
680,36,3,116275.12,1,63795.8,France,Male,1,1,0,0.54119945,Medium Risk,3022
648,27,7,0.0,2,163060.43,Spain,Female,1,1,0,0.98155427,High Risk,3023
618,39,2,91068.56,1,26578.69,France,Male,0,1,0,0.75101656,High Risk,3024
648,41,5,123049.21,1,5066.76,Germany,Male,1,0,0,0.74590164,High Risk,3025
759,39,6,0.0,2,140497.67,France,Female,1,1,0,0.9934088,High Risk,3026
585,40,7,0.0,2,146156.98,France,Male,0,0,0,0.98281556,High Risk,3027
774,42,3,137781.65,1,199316.19,France,Female,0,0,0,0.5700401,Medium Risk,3028
697,48,2,108128.96,2,103944.37,Germany,Female,1,1,0,0.9623019,High Risk,3029
605,39,10,105317.73,2,138021.36,Spain,Male,0,1,0,0.99630475,High Risk,3030
676,20,1,80569.73,1,68621.98,France,Male,0,0,0,0.80821055,High Risk,3031
678,22,4,174852.89,1,28149.06,France,Female,1,1,0,0.9393093,High Risk,3032
495,45,3,89158.94,3,135169.76,Spain,Female,0,1,1,0.94053996,High Risk,3033
787,85,10,0.0,2,116537.96,France,Female,1,1,0,0.42200515,Medium Risk,3034
770,36,2,89800.14,1,105922.69,France,Male,1,1,0,0.9977041,High Risk,3035
817,45,9,101207.75,1,88211.12,Germany,Male,0,0,1,0.98965913,High Risk,3036
659,43,1,106086.42,2,26900.63,France,Male,0,1,0,0.9446701,High Risk,3037
693,21,1,0.0,2,3494.02,France,Male,1,1,0,0.9885787,High Risk,3038
744,47,9,0.0,2,113163.17,France,Male,0,1,0,0.8627489,High Risk,3039
829,26,8,101440.36,2,19324.5,Spain,Female,1,1,0,0.9885787,High Risk,3040
716,38,4,0.0,2,189678.7,France,Male,0,1,0,0.71604556,High Risk,3041
671,34,7,106603.74,2,26387.71,France,Male,1,1,0,0.99879104,High Risk,3042
835,29,10,130420.2,2,106276.55,Germany,Female,0,0,0,0.9991943,High Risk,3043
636,38,1,0.0,1,45015.38,France,Female,0,1,0,0.31114635,Low Risk,3044
649,29,2,45022.23,1,173495.77,Spain,Male,1,1,0,0.76711756,High Risk,3045
621,27,1,74298.43,1,52581.96,Germany,Male,1,1,0,0.7146422,High Risk,3046
658,31,3,133003.03,1,146339.27,Germany,Female,1,0,1,0.3883425,Low Risk,3047
784,48,7,0.0,2,182609.97,Spain,Male,1,1,0,0.9830199,High Risk,3048
783,37,1,136689.66,1,197890.65,Spain,Female,0,1,0,0.62809825,Medium Risk,3049
615,32,4,0.0,2,6225.63,France,Male,1,1,0,0.88541204,High Risk,3050
791,44,5,0.0,2,123977.86,France,Female,1,1,1,0.74957263,High Risk,3051
762,53,1,102520.37,1,170195.4,France,Male,1,1,0,0.30895284,Low Risk,3052
607,35,2,0.0,2,114190.3,France,Male,1,1,0,0.99878305,High Risk,3053
601,34,5,0.0,2,27022.57,France,Female,0,1,0,0.8065777,High Risk,3054
540,67,1,88382.01,1,59457.0,Spain,Male,1,0,0,0.9880971,High Risk,3055
812,44,4,115049.15,2,165038.41,France,Male,0,1,0,0.74957263,High Risk,3056
685,58,1,104796.54,1,154181.41,France,Male,1,1,0,0.9798187,High Risk,3057
680,33,1,123082.08,1,134960.98,France,Male,0,1,0,0.70076746,High Risk,3058
680,58,8,0.0,2,65708.5,Spain,Female,1,1,0,0.9978071,High Risk,3059
631,33,8,0.0,2,117374.22,France,Female,0,0,0,0.8671039,High Risk,3060
569,43,7,0.0,2,77703.19,France,Female,1,1,0,0.48069128,Medium Risk,3061
584,33,3,88311.48,2,177651.38,Germany,Male,1,1,0,0.9159503,High Risk,3062
582,40,9,0.0,3,60954.45,France,Female,1,1,0,0.53327465,Medium Risk,3063
609,32,7,71872.19,1,151924.9,France,Male,1,1,0,0.9792044,High Risk,3064
506,35,6,110046.93,2,26318.73,Spain,Male,0,1,0,0.48848805,Medium Risk,3065
503,42,8,104430.08,1,147557.71,France,Male,1,1,0,0.9961876,High Risk,3066
503,28,5,0.0,2,125918.17,France,Female,0,1,0,0.98971915,High Risk,3067
806,31,10,138653.51,1,190803.37,Germany,Male,0,1,0,0.7387854,High Risk,3068
653,31,7,102575.04,1,11043.54,France,Female,1,1,0,0.48848805,Medium Risk,3069
666,43,7,137780.74,2,119100.05,France,Male,1,1,1,0.9339267,High Risk,3070
674,32,2,0.0,2,140579.17,Spain,Male,0,1,0,0.8435999,High Risk,3071
798,32,7,0.0,2,37731.95,France,Male,1,0,0,0.99412763,High Risk,3072
740,30,8,105209.54,1,1852.58,France,Female,0,1,0,0.6894864,Medium Risk,3073
531,32,0,109570.21,2,172049.84,Germany,Female,1,1,0,0.9798269,High Risk,3074
614,44,6,118715.86,1,133591.11,Germany,Female,0,1,1,0.34777498,Low Risk,3075
556,35,10,0.0,2,192751.18,France,Male,1,1,0,0.3736232,Low Risk,3076
678,43,2,153393.18,2,193828.27,Germany,Female,1,1,0,0.98776245,High Risk,3077
587,33,6,132603.36,1,55775.72,Germany,Male,0,1,0,0.4505659,Medium Risk,3078
527,36,6,0.0,2,102280.29,Spain,Female,1,1,0,0.99569964,High Risk,3079
757,34,1,129398.01,2,44965.44,Germany,Female,0,0,0,0.9599864,High Risk,3080
468,28,3,0.0,2,170661.02,Spain,Male,0,1,0,0.97911686,High Risk,3081
693,29,2,151352.74,1,197145.89,France,Male,0,0,0,0.9805135,High Risk,3082
483,44,5,136836.49,1,192359.9,France,Female,0,1,1,0.9692657,High Risk,3083
466,40,4,91592.06,1,141210.18,France,Male,0,1,1,0.99828124,High Risk,3084
770,30,8,0.0,2,100557.03,France,Female,0,1,0,0.9973182,High Risk,3085
734,54,3,0.0,1,130805.54,France,Female,0,1,1,0.88840914,High Risk,3086
716,22,8,0.0,2,92606.98,France,Female,1,1,0,0.3007739,Low Risk,3087
439,36,2,165536.28,2,123956.83,France,Male,1,1,0,0.6746711,Medium Risk,3088
538,25,5,62482.95,1,102758.43,Germany,Male,1,1,0,0.98901844,High Risk,3089
743,40,8,68155.59,1,94876.65,France,Male,0,1,0,0.5908651,Medium Risk,3090
734,43,3,55853.33,2,94811.85,Spain,Female,1,0,1,0.6897481,Medium Risk,3091
656,37,2,0.0,2,67840.81,France,Male,1,0,0,0.99472284,High Risk,3092
666,31,2,79589.43,1,4050.57,France,Female,0,0,0,0.50345665,Medium Risk,3093
627,41,5,100880.76,1,134665.25,Spain,Male,1,0,0,0.99098283,High Risk,3094
480,25,3,174330.35,2,181647.13,Germany,Female,0,0,0,0.9946508,High Risk,3095
792,19,7,143390.51,1,33282.84,France,Male,0,1,0,0.9931815,High Risk,3096
613,59,8,91415.76,1,27965.0,Germany,Male,0,0,1,0.9854952,High Risk,3097
476,30,3,134366.42,1,68343.53,Germany,Male,0,1,0,0.8085209,High Risk,3098
539,24,3,0.0,2,198161.07,France,Female,1,1,0,0.31114635,Low Risk,3099
696,60,8,88786.81,1,196858.4,Spain,Male,1,1,0,0.7090069,High Risk,3100
810,35,3,96814.46,2,120511.03,Germany,Male,1,1,0,0.98776245,High Risk,3101
763,32,9,160680.41,1,30886.35,Germany,Male,0,1,0,0.99891853,High Risk,3102
640,29,3,0.0,2,2743.69,France,Female,0,1,0,0.9973182,High Risk,3103
655,47,10,0.0,2,167778.62,France,Female,0,1,0,0.968322,High Risk,3104
526,31,5,145537.21,1,132404.64,Germany,Male,0,1,0,0.85733265,High Risk,3105
678,28,4,0.0,2,144423.17,France,Female,1,1,1,0.74590164,High Risk,3106
554,45,6,0.0,2,181204.5,France,Female,1,1,0,0.43738797,Medium Risk,3107
597,30,2,119370.11,1,182726.22,Spain,Female,1,1,1,0.71725446,High Risk,3108
560,28,1,0.0,2,120880.72,Spain,Female,1,1,0,0.9983613,High Risk,3109
850,47,10,134381.52,1,26812.89,Germany,Female,0,0,1,0.8147918,High Risk,3110
546,74,8,114888.74,2,66732.63,Germany,Female,1,1,1,0.9894092,High Risk,3111
623,42,1,149332.48,2,100834.22,Germany,Male,0,1,0,0.9805135,High Risk,3112
698,40,7,105061.74,3,107815.31,France,Female,0,1,1,0.5406104,Medium Risk,3113
620,32,7,0.0,2,34665.79,France,Male,1,1,0,0.6734849,Medium Risk,3114
619,40,10,0.0,1,147093.84,France,Female,1,1,1,0.6356592,Medium Risk,3115
561,21,4,0.0,1,36942.35,France,Male,1,1,0,0.7027262,High Risk,3116
753,39,7,155062.8,1,16460.77,France,Female,1,1,0,0.98877585,High Risk,3117
721,43,3,88798.34,1,45610.63,Spain,Male,0,0,0,0.99119097,High Risk,3118
451,33,6,0.0,2,184954.11,France,Male,0,1,0,0.99509144,High Risk,3119
680,51,5,143139.87,1,47795.43,Germany,Female,0,0,1,0.98875964,High Risk,3120
590,23,7,0.0,2,196789.9,Spain,Female,0,1,0,0.968322,High Risk,3121
634,27,3,107027.52,1,173425.68,Germany,Male,0,1,0,0.985836,High Risk,3122
676,29,4,140720.93,1,36221.18,France,Male,0,1,0,0.97418165,High Risk,3123
642,30,8,80964.57,2,174738.2,France,Male,0,1,0,0.98901844,High Risk,3124
760,39,6,178585.46,1,67131.3,France,Male,0,1,1,0.5196995,Medium Risk,3125
736,26,4,135889.13,1,165692.03,Spain,Female,1,1,0,0.9692657,High Risk,3126
656,43,7,134919.85,1,194691.95,France,Male,0,1,0,0.98574764,High Risk,3127
776,33,8,115130.34,1,129525.5,Germany,Male,0,0,1,0.794661,High Risk,3128
832,34,6,138190.13,2,146511.2,Spain,Female,1,0,0,0.7096556,High Risk,3129
631,37,9,131519.49,2,51752.18,Germany,Male,1,1,0,0.9992316,High Risk,3130
795,56,5,0.0,1,35418.69,Spain,Female,0,1,1,0.8467937,High Risk,3131
648,39,3,126935.98,2,57995.74,Germany,Female,1,0,0,0.48848805,Medium Risk,3132
615,39,4,133707.09,1,108152.75,France,Male,1,1,0,0.98289686,High Risk,3133
682,27,1,97893.2,1,166144.98,France,Female,0,1,0,0.9859346,High Risk,3134
694,34,5,127900.03,1,101737.8,France,Male,0,1,0,0.78942806,High Risk,3135
694,37,10,143835.47,1,33326.71,France,Male,1,0,0,0.9342793,High Risk,3136
607,44,0,0.0,2,81140.09,France,Male,1,1,0,0.9885787,High Risk,3137
664,48,10,0.0,1,140173.17,France,Male,0,1,1,0.5294213,Medium Risk,3138
756,60,2,0.0,1,166513.49,France,Male,1,1,1,0.5783935,Medium Risk,3139
645,40,3,129596.77,1,103232.6,France,Female,1,1,0,0.9599864,High Risk,3140
653,30,4,0.0,2,120736.04,Spain,Male,0,1,0,0.99272,High Risk,3141
710,24,2,110407.44,2,15832.43,Germany,Female,0,0,1,0.9127697,High Risk,3142
697,76,7,0.0,2,188772.45,France,Female,1,0,0,0.9908222,High Risk,3143
619,41,8,142015.76,2,114323.66,Germany,Female,0,1,0,0.7606446,High Risk,3144
648,55,1,81370.07,1,181534.04,Spain,Male,1,0,0,0.9936342,High Risk,3145
482,48,2,69329.47,1,102640.52,Germany,Female,0,0,1,0.6562869,Medium Risk,3146
548,28,8,116755.5,2,158585.17,France,Female,1,1,1,0.95522803,High Risk,3147
752,44,6,83870.33,1,178722.24,Spain,Male,0,1,0,0.5783935,Medium Risk,3148
648,39,6,130694.89,2,153955.38,France,Female,1,1,1,0.9915542,High Risk,3149
643,34,8,117451.47,1,65374.86,Spain,Female,0,1,0,0.8694505,High Risk,3150
573,35,9,206868.78,2,102986.15,Germany,Female,1,0,0,0.98680854,High Risk,3151
686,39,3,111695.62,1,136643.84,France,Female,0,0,0,0.99421704,High Risk,3152
644,40,9,137285.26,4,77063.63,France,Female,0,1,1,0.7669059,High Risk,3153
702,29,6,149218.39,1,9633.01,France,Female,1,1,0,0.7446548,High Risk,3154
652,51,7,0.0,2,43496.36,France,Male,1,0,0,0.2130236,Low Risk,3155
641,32,7,0.0,2,24267.28,Spain,Male,1,1,0,0.99075764,High Risk,3156
692,41,8,130701.29,1,59354.24,Germany,Female,0,1,1,0.9892703,High Risk,3157
574,34,5,0.0,2,28269.86,Spain,Male,0,0,0,0.9805135,High Risk,3158
643,31,3,167949.48,1,143162.34,France,Female,0,1,0,0.99602014,High Risk,3159
834,23,4,131254.81,1,20199.3,France,Male,0,1,0,0.6356592,Medium Risk,3160
591,28,5,0.0,2,48606.92,France,Male,1,1,0,0.17598248,Low Risk,3161
470,34,9,0.0,2,89013.67,Spain,Male,1,0,0,0.776002,High Risk,3162
608,34,7,86656.13,1,59890.29,Spain,Male,1,0,0,0.7788411,High Risk,3163
649,37,8,114737.26,1,106655.88,Germany,Female,1,1,1,0.9973182,High Risk,3164
665,38,5,0.0,2,156439.56,France,Female,0,1,0,0.99879324,High Risk,3165
651,39,6,0.0,1,24176.44,France,Female,0,1,0,0.71333647,High Risk,3166
555,62,4,119817.33,1,43507.1,Germany,Male,1,0,1,0.5783935,Medium Risk,3167
637,48,7,130806.99,2,132005.85,France,Female,1,1,1,0.9333311,High Risk,3168
675,49,0,0.0,1,80496.71,France,Female,1,1,1,0.9599864,High Risk,3169
677,40,5,0.0,2,88947.56,Spain,Male,0,1,0,0.99785763,High Risk,3170
850,35,2,80931.75,1,12639.67,Germany,Female,0,0,1,0.92857367,High Risk,3171
815,56,3,0.0,3,94248.16,France,Female,1,1,1,0.9955604,High Risk,3172
665,32,1,132178.67,1,11865.76,Germany,Male,0,0,0,0.9973182,High Risk,3173
485,27,3,0.0,2,141449.86,France,Female,0,1,0,0.14860974,Low Risk,3174
577,43,6,0.0,2,149457.81,Spain,Male,1,1,0,0.98366064,High Risk,3175
586,35,7,164769.02,3,119814.25,France,Female,0,1,1,0.99163705,High Risk,3176
722,29,1,107233.85,2,24924.92,Germany,Male,0,1,0,0.7394945,High Risk,3177
528,27,7,176227.07,2,139481.53,France,Female,1,0,0,0.75172174,High Risk,3178
542,39,4,109949.39,2,41268.65,France,Female,1,1,0,0.8793862,High Risk,3179
552,34,5,0.0,2,1351.41,France,Female,1,1,0,0.9805135,High Risk,3180
678,60,10,117738.81,1,147489.76,France,Female,0,1,1,0.976253,High Risk,3181
575,37,9,133292.45,1,111175.09,Spain,Female,0,1,0,0.7769166,High Risk,3182
669,43,1,160474.59,1,95963.14,France,Female,1,1,0,0.9947924,High Risk,3183
636,43,6,0.0,2,43128.95,France,Male,0,1,0,0.48069128,Medium Risk,3184
667,55,9,154393.43,1,137674.96,Germany,Male,1,1,1,0.5697558,Medium Risk,3185
652,45,9,110827.49,1,153383.54,Germany,Female,1,1,1,0.7788411,High Risk,3186
637,36,10,145750.45,2,96660.76,Germany,Female,1,1,0,0.59517825,Medium Risk,3187
516,45,8,109044.3,1,115818.16,Spain,Female,1,0,0,0.88851434,High Risk,3188
801,32,4,75170.54,1,37898.5,France,Female,1,1,0,0.99545646,High Risk,3189
692,42,2,0.0,2,145222.93,France,Female,0,1,0,0.80821055,High Risk,3190
585,28,6,105795.9,1,41219.09,France,Female,1,1,0,0.99597067,High Risk,3191
590,32,5,0.0,2,59249.83,France,Male,0,1,0,0.20558052,Low Risk,3192
554,66,8,0.0,2,116747.62,Spain,Male,1,1,0,0.9982236,High Risk,3193
659,49,1,0.0,1,116249.72,France,Female,0,1,1,0.9930889,High Risk,3194
690,26,3,118097.87,1,61257.83,France,Female,0,1,0,0.98157674,High Risk,3195
697,29,0,172693.54,1,141798.98,Germany,Male,0,0,0,0.9859346,High Risk,3196
610,36,4,129440.3,2,102638.35,France,Male,0,1,0,0.989359,High Risk,3197
599,36,4,0.0,2,13210.56,Spain,Male,0,0,0,0.9929155,High Risk,3198
544,23,1,96471.2,1,35550.97,France,Male,0,1,0,0.8160334,High Risk,3199
548,46,1,0.0,1,104469.06,France,Female,1,1,1,0.3508252,Low Risk,3200
635,24,4,140197.18,1,142935.83,Spain,Male,1,1,0,0.98098534,High Risk,3201
722,20,6,0.0,2,195486.28,France,Male,0,1,0,0.9930889,High Risk,3202
564,33,4,135946.26,1,63170.0,France,Female,0,1,0,0.76263154,High Risk,3203
719,69,3,0.0,2,58320.06,France,Male,1,1,0,0.44086578,Medium Risk,3204
547,50,3,81290.02,3,177747.03,Germany,Male,1,0,1,0.9995413,High Risk,3205
850,42,8,0.0,1,19632.64,France,Female,0,1,1,0.98718333,High Risk,3206
515,60,9,113715.36,1,18424.24,Germany,Male,0,1,1,0.63110703,Medium Risk,3207
667,56,2,168883.08,1,18897.78,Spain,Male,1,0,0,0.9878477,High Risk,3208
607,36,8,143421.74,1,97879.02,Germany,Male,0,1,0,0.7332601,High Risk,3209
525,26,7,153644.39,1,63197.88,France,Male,1,1,0,0.53288674,Medium Risk,3210
606,53,1,109330.06,1,75860.01,Spain,Female,1,1,0,0.9966732,High Risk,3211
686,27,1,115095.88,2,78622.46,Germany,Female,0,0,0,0.542692,Medium Risk,3212
611,35,10,0.0,1,23598.23,France,Male,1,1,1,0.8102977,High Risk,3213
827,46,1,183276.32,1,13460.27,Spain,Male,1,1,0,0.98959154,High Risk,3214
572,33,9,68193.72,1,19998.31,France,Male,0,1,0,0.9978071,High Risk,3215
726,32,8,0.0,2,185075.63,France,Female,0,0,0,0.67683434,Medium Risk,3216
579,31,6,139729.54,1,135815.38,Germany,Male,1,0,0,0.62926805,Medium Risk,3217
598,56,4,98365.33,1,44251.33,Spain,Female,1,1,0,0.9838238,High Risk,3218
663,36,10,0.0,2,136349.55,France,Male,0,1,0,0.7776182,High Risk,3219
505,37,10,122453.97,2,52693.99,Germany,Female,1,1,0,0.9935371,High Risk,3220
576,30,7,132174.41,2,93767.03,Germany,Male,0,0,0,0.6326514,Medium Risk,3221
555,24,2,0.0,2,197866.55,Spain,Female,1,0,0,0.997898,High Risk,3222
524,30,1,0.0,2,126812.85,France,Male,0,1,0,0.97538984,High Risk,3223
776,39,2,104349.45,1,79503.05,Spain,Male,0,0,0,0.9737768,High Risk,3224
645,41,2,138881.04,1,129936.53,Germany,Female,0,1,1,0.9934592,High Risk,3225
850,32,0,116968.91,1,175094.62,Germany,Female,0,0,0,0.7436671,High Risk,3226
603,35,1,105346.03,2,130379.5,Germany,Male,1,1,0,0.97418165,High Risk,3227
691,26,9,136623.19,1,153228.0,France,Male,0,1,0,0.8085209,High Risk,3228
583,29,10,0.0,2,111285.85,France,Female,1,1,0,0.99878305,High Risk,3229
584,66,5,0.0,1,49553.38,France,Female,0,1,1,0.89453584,High Risk,3230
679,33,6,0.0,2,98015.85,France,Female,1,1,0,0.9859346,High Risk,3231
646,36,6,124445.52,1,88481.32,France,Male,0,1,0,0.7966556,High Risk,3232
559,34,5,68999.66,2,66879.27,France,Female,1,1,0,0.54197025,Medium Risk,3233
595,36,6,85768.42,1,24802.77,Spain,Male,1,1,0,0.9989415,High Risk,3234
527,47,1,0.0,1,21312.16,France,Male,0,1,1,0.39078698,Low Risk,3235
684,34,9,100628.0,2,190263.78,Spain,Male,1,1,0,0.6097669,Medium Risk,3236
673,32,0,0.0,1,72873.33,Spain,Female,1,1,0,0.75945175,High Risk,3237
802,38,7,0.0,2,57764.65,Spain,Male,1,0,0,0.9885787,High Risk,3238
675,54,6,0.0,1,110273.84,France,Male,0,1,1,0.99532914,High Risk,3239
762,19,6,0.0,2,55500.17,Spain,Female,0,1,0,0.9894146,High Risk,3240
580,50,0,125647.36,1,57541.08,France,Male,0,1,1,0.7788411,High Risk,3241
621,31,8,100375.39,1,90384.26,Germany,Female,1,1,0,0.9978071,High Risk,3242
411,36,10,0.0,1,120694.35,France,Female,0,0,0,0.7902244,High Risk,3243
815,24,7,171922.72,1,178028.96,France,Male,1,0,0,0.43826345,Medium Risk,3244
631,32,2,146810.99,2,180990.29,Germany,Female,1,1,0,0.6569083,Medium Risk,3245
514,45,3,109032.23,1,155407.21,Germany,Female,1,0,1,0.9947924,High Risk,3246
638,57,6,0.0,1,33676.48,France,Male,0,1,1,0.98746604,High Risk,3247
791,25,7,0.0,1,89666.28,Spain,Male,0,1,0,0.9692657,High Risk,3248
516,35,5,128653.59,1,127558.26,France,Male,0,1,0,0.8021578,High Risk,3249
734,37,3,80387.81,1,77272.62,France,Male,1,0,0,0.5692201,Medium Risk,3250
611,58,8,0.0,2,107665.68,France,Male,1,0,1,0.9765039,High Risk,3251
850,43,0,108508.82,3,184044.8,Germany,Male,0,1,1,0.9882168,High Risk,3252
641,31,10,155978.17,1,91510.71,France,Male,0,1,0,0.8671039,High Risk,3253
585,38,5,0.0,1,87363.56,France,Female,1,1,0,0.9811122,High Risk,3254
552,50,4,121175.56,1,117505.07,Germany,Male,0,1,1,0.98680854,High Risk,3255
507,29,4,89349.47,2,180626.68,France,Female,0,0,0,0.9810751,High Risk,3256
735,38,7,86131.71,2,93478.96,Spain,Male,0,0,0,0.51192033,Medium Risk,3257
707,58,3,102346.86,1,114672.64,France,Female,1,1,0,0.6952937,Medium Risk,3258
698,36,7,121263.62,1,13387.88,Germany,Female,1,1,0,0.9926052,High Risk,3259
841,31,2,0.0,2,173240.52,France,Male,0,1,0,0.99792576,High Risk,3260
688,33,2,0.0,1,27557.18,Spain,Female,0,0,1,0.62809825,Medium Risk,3261
614,51,3,0.0,2,5552.37,France,Male,1,1,0,0.99227726,High Risk,3262
511,48,6,149726.08,1,88307.87,Germany,Male,0,0,1,0.9911929,High Risk,3263
447,43,2,0.0,2,33879.26,France,Male,0,1,1,0.9692657,High Risk,3264
738,35,5,161274.05,2,181429.87,France,Male,0,1,0,0.99795073,High Risk,3265
422,33,2,0.0,2,102655.31,France,Female,0,1,0,0.6529477,Medium Risk,3266
537,30,1,103138.17,1,96555.42,Spain,Male,1,1,0,0.9798269,High Risk,3267
707,40,3,109628.44,1,189366.03,Germany,Female,0,1,0,0.99483573,High Risk,3268
690,54,5,0.0,1,12847.61,France,Male,0,1,1,0.9733847,High Risk,3269
664,33,7,97286.16,2,143433.33,Germany,Male,0,1,0,0.9937291,High Risk,3270
850,33,7,118004.26,1,183983.82,France,Female,0,1,0,0.9797055,High Risk,3271
584,32,9,85534.83,1,169137.24,Spain,Male,0,0,0,0.74590164,High Risk,3272
728,59,4,0.0,1,163365.85,France,Female,1,1,1,0.97172,High Risk,3273
560,43,4,95140.44,2,123181.44,Spain,Female,0,1,1,0.82112795,High Risk,3274
629,31,6,0.0,1,16447.6,France,Female,1,1,1,0.7180451,High Risk,3275
658,25,3,0.0,2,173948.4,France,Male,1,0,0,0.69051373,Medium Risk,3276
794,54,1,75900.84,1,192154.66,Germany,Female,1,1,0,0.99022114,High Risk,3277
790,41,2,126619.27,1,198224.38,France,Female,0,1,0,0.98901844,High Risk,3278
640,44,7,111833.47,1,67202.74,France,Male,0,1,0,0.9856145,High Risk,3279
652,37,7,0.0,2,68789.93,Spain,Male,0,1,0,0.6092695,Medium Risk,3280
583,57,3,238387.56,1,147964.99,France,Female,1,0,1,0.44697872,Medium Risk,3281
775,32,2,108698.96,2,161069.73,France,Female,1,1,0,0.51192033,Medium Risk,3282
584,39,2,112687.69,1,127749.61,France,Female,1,1,0,0.9798269,High Risk,3283
635,48,4,81556.89,2,191914.37,Germany,Female,0,1,0,0.7154053,High Risk,3284
814,48,9,136596.85,1,185791.9,France,Male,1,1,0,0.9892306,High Risk,3285
735,43,9,98807.45,1,184570.04,Germany,Female,0,0,1,0.88537264,High Risk,3286
678,31,1,0.0,2,130446.65,France,Female,1,0,0,0.96031564,High Risk,3287
693,37,1,0.0,2,82867.55,France,Male,1,1,0,0.62140924,Medium Risk,3288
640,30,6,107499.7,1,187632.22,France,Female,1,1,0,0.99603504,High Risk,3289
773,23,8,0.0,2,56759.79,Spain,Female,0,1,0,0.99826896,High Risk,3290
736,30,9,0.0,2,34180.33,France,Female,0,1,0,0.8085209,High Risk,3291
693,28,8,0.0,2,158545.25,France,Female,1,1,0,0.98289686,High Risk,3292
496,41,1,176024.05,2,182337.98,France,Female,0,1,0,0.89342475,High Risk,3293
751,39,3,0.0,2,84175.34,France,Female,1,1,0,0.9143402,High Risk,3294
528,39,0,127631.62,1,22197.8,Germany,Male,1,0,1,0.9867757,High Risk,3295
754,19,9,0.0,1,189641.11,Spain,Female,0,1,0,0.9830831,High Risk,3296
568,26,10,109819.16,2,154491.39,Germany,Female,0,1,0,0.96332955,High Risk,3297
592,41,2,138734.94,1,90020.74,Spain,Female,0,1,0,0.9733847,High Risk,3298
558,25,10,111363.1,2,197264.35,Germany,Male,0,1,0,0.7559569,High Risk,3299
825,34,9,0.0,2,31933.06,France,Male,1,1,0,0.98764473,High Risk,3300
677,28,0,143988.0,2,8755.69,Germany,Male,0,1,1,0.7317037,High Risk,3301
653,34,5,118838.75,1,52820.13,France,Male,1,1,0,0.54197025,Medium Risk,3302
593,35,4,161637.75,1,20008.46,Spain,Male,1,1,0,0.69832283,Medium Risk,3303
632,44,3,133793.89,1,34607.14,France,Female,1,1,1,0.9733847,High Risk,3304
601,35,8,71553.83,1,177384.45,Germany,Male,0,1,0,0.94053996,High Risk,3305
786,62,8,0.0,1,165702.64,France,Female,1,1,0,0.9973182,High Risk,3306
654,40,3,0.0,2,167889.1,France,Female,0,1,0,0.74590164,High Risk,3307
572,38,7,0.0,2,133122.62,France,Female,1,1,0,0.8619796,High Risk,3308
813,62,10,64667.95,2,140454.14,France,Female,1,0,0,0.82006365,High Risk,3309
523,28,2,121164.11,1,59938.81,France,Female,1,1,0,0.981616,High Risk,3310
506,50,3,0.0,2,12016.79,Spain,Male,0,1,0,0.2566875,Low Risk,3311
513,72,3,98903.06,1,81251.24,Spain,Male,1,1,0,0.98366064,High Risk,3312
664,31,7,104158.84,1,134169.85,France,Female,0,1,0,0.6277947,Medium Risk,3313
684,54,6,0.0,2,94888.6,France,Male,1,1,0,0.40878165,Medium Risk,3314
608,63,3,139529.93,2,175696.16,Spain,Female,1,1,1,0.9423381,High Risk,3315
527,25,6,0.0,2,96758.58,France,Female,1,0,0,0.9692657,High Risk,3316
666,53,5,64646.7,1,128019.48,France,Male,0,1,1,0.5294213,Medium Risk,3317
779,71,3,0.0,2,146895.36,France,Male,1,1,1,0.74590164,High Risk,3318
629,40,6,0.0,2,139356.3,France,Female,1,1,0,0.9938817,High Risk,3319
430,35,1,118894.22,1,2923.61,France,Male,0,0,0,0.66205,Medium Risk,3320
712,24,2,0.0,1,121232.51,France,Male,1,0,0,0.5697729,Medium Risk,3321
682,30,9,0.0,2,2053.42,France,Male,1,1,0,0.7027262,High Risk,3322
634,41,8,68213.99,1,6382.46,France,Female,1,1,0,0.99474156,High Risk,3323
487,31,1,0.0,2,158750.13,Spain,Female,0,1,0,0.7742185,High Risk,3324
808,47,8,139196.0,1,74028.36,Spain,Male,1,0,0,0.81989306,High Risk,3325
527,32,7,0.0,2,44099.75,France,Female,1,1,0,0.6975271,Medium Risk,3326
637,50,4,126345.55,1,17323.0,Germany,Male,1,0,1,0.3883425,Low Risk,3327
802,40,5,0.0,2,175043.69,Spain,Male,1,1,0,0.9973182,High Risk,3328
529,38,2,0.0,1,146388.85,France,Female,0,1,1,0.9997639,High Risk,3329
850,43,3,0.0,2,2465.8,France,Female,0,0,0,0.59676886,Medium Risk,3330
738,18,4,0.0,2,47799.15,France,Male,1,1,0,0.9919624,High Risk,3331
817,34,5,129278.43,1,165562.84,France,Male,0,0,0,0.9925868,High Risk,3332
735,31,3,119558.35,1,72927.68,France,Male,0,0,0,0.99075764,High Risk,3333
619,41,5,92467.58,1,38270.47,Germany,Female,0,1,0,0.99064577,High Risk,3334
671,27,5,0.0,2,120893.07,France,Male,0,0,0,0.98875964,High Risk,3335
581,31,6,0.0,2,188377.21,Spain,Female,0,1,0,0.97965086,High Risk,3336
690,36,10,0.0,2,55902.93,Spain,Male,0,1,0,0.98729813,High Risk,3337
579,56,4,99340.83,1,4523.74,Spain,Male,0,0,1,0.54119945,Medium Risk,3338
688,24,3,0.0,2,102195.16,Spain,Female,1,1,0,0.98991185,High Risk,3339
599,28,4,126833.79,2,60843.09,Spain,Female,0,1,1,0.6165194,Medium Risk,3340
729,29,5,109676.52,1,25548.47,Germany,Male,1,1,0,0.9127697,High Risk,3341
718,29,3,0.0,1,134462.29,France,Female,1,0,0,0.48069128,Medium Risk,3342
712,53,6,134729.99,2,132702.64,Germany,Male,1,1,0,0.99049544,High Risk,3343
474,37,3,98431.37,1,75698.44,France,Male,0,0,0,0.9878477,High Risk,3344
565,33,8,130368.31,2,105642.43,Germany,Male,0,1,0,0.9925822,High Risk,3345
658,31,7,123974.96,1,102153.75,France,Female,0,1,0,0.47766384,Medium Risk,3346
714,63,4,138082.16,1,166677.54,France,Male,1,0,0,0.9938817,High Risk,3347
725,45,1,129855.32,1,24218.65,France,Male,0,0,0,0.9919624,High Risk,3348
825,40,6,132308.22,1,117122.5,France,Male,0,0,0,0.99075764,High Risk,3349
665,45,5,155447.65,2,51871.95,Germany,Female,0,1,1,0.36979133,Low Risk,3350
670,35,2,124268.64,2,84321.03,Spain,Male,1,0,0,0.9830831,High Risk,3351
474,34,9,176311.36,1,160213.27,Germany,Female,0,1,0,0.48877782,Medium Risk,3352
591,40,2,99886.42,2,88695.19,France,Male,1,1,0,0.82112795,High Risk,3353
508,31,7,0.0,2,6123.15,France,Female,1,1,0,0.7507143,High Risk,3354
695,36,2,0.0,2,167749.54,France,Female,1,0,0,0.72711,High Risk,3355
660,24,5,85089.3,1,71638.0,Germany,Male,1,1,0,0.5254974,Medium Risk,3356
687,41,10,134318.21,2,198064.52,Germany,Male,1,1,0,0.79567635,High Risk,3357
658,29,5,75395.53,2,54914.92,Germany,Male,1,0,0,0.9892306,High Risk,3358
705,33,5,116765.7,1,190659.17,Germany,Female,0,0,1,0.42496243,Medium Risk,3359
739,60,4,0.0,1,51637.67,Spain,Male,1,1,0,0.7154053,High Risk,3360
844,38,7,111501.66,1,119333.38,France,Male,1,1,0,0.9892306,High Risk,3361
602,48,7,76595.08,2,127095.14,Germany,Female,0,0,0,0.9961028,High Risk,3362
759,33,9,160541.36,2,93541.14,France,Female,0,0,0,0.9852374,High Risk,3363
747,38,2,129728.6,1,89289.54,Germany,Male,0,1,0,0.9986474,High Risk,3364
673,47,1,0.0,2,108762.16,France,Male,0,0,0,0.63178086,Medium Risk,3365
671,34,5,130929.02,4,28238.25,Spain,Female,1,1,1,0.72217065,High Risk,3366
640,74,2,116800.25,1,34130.43,Germany,Female,1,1,0,0.9143402,High Risk,3367
581,40,0,101016.53,1,7926.35,Germany,Male,1,0,1,0.7128887,High Risk,3368
630,67,5,0.0,2,27330.27,France,Male,1,1,0,0.824172,High Risk,3369
703,33,8,190566.65,1,79997.14,France,Female,1,1,0,0.9972107,High Risk,3370
698,47,6,0.0,1,50213.81,Spain,Female,0,1,1,0.8773291,High Risk,3371
742,43,6,97067.69,1,60920.03,Germany,Female,1,0,1,0.6710051,Medium Risk,3372
652,37,4,92208.54,1,197699.8,France,Female,1,0,1,0.9693002,High Risk,3373
644,37,2,186347.97,2,92809.73,France,Male,0,1,0,0.4366757,Medium Risk,3374
735,55,2,103176.62,1,163516.16,Spain,Male,1,0,0,0.89342475,High Risk,3375
777,58,4,0.0,1,62449.07,France,Female,1,1,1,0.7464134,High Risk,3376
644,40,4,77270.08,2,115800.1,Germany,Female,1,1,1,0.7464134,High Risk,3377
665,37,3,111911.63,1,110359.68,Germany,Female,1,1,1,0.5699251,Medium Risk,3378
529,72,5,94216.05,1,78695.68,Germany,Male,1,1,0,0.7489232,High Risk,3379
803,45,7,0.0,2,128378.04,Spain,Female,1,1,0,0.9920753,High Risk,3380
604,26,3,0.0,2,155248.62,Spain,Female,0,1,0,0.9692657,High Risk,3381
738,49,6,106770.82,1,123499.27,France,Male,0,1,0,0.72359,High Risk,3382
655,72,5,138089.97,2,99920.41,Germany,Female,1,1,0,0.8221373,High Risk,3383
698,39,9,133191.19,2,53289.49,Germany,Male,1,0,0,0.9449375,High Risk,3384
775,66,9,0.0,2,67622.34,France,Female,1,1,0,0.6220069,Medium Risk,3385
735,41,7,74135.85,1,11783.1,France,Male,1,1,1,0.9838524,High Risk,3386
766,41,6,99208.46,2,62402.38,Spain,Male,0,1,0,0.438148,Medium Risk,3387
537,84,8,92242.34,1,186235.98,Germany,Male,1,1,0,0.6746711,Medium Risk,3388
599,25,7,108380.72,1,79005.95,Germany,Male,1,1,0,0.96332955,High Risk,3389
420,55,4,91893.32,1,144870.28,Spain,Female,0,1,1,0.78486615,High Risk,3390
674,32,7,85757.93,1,95481.0,France,Female,1,1,0,0.99937856,High Risk,3391
570,46,3,0.0,2,820.46,France,Female,0,0,0,0.5254974,Medium Risk,3392
623,33,8,96759.42,1,174777.98,Germany,Male,1,1,0,0.542692,Medium Risk,3393
710,30,6,0.0,2,8991.17,France,Male,1,1,0,0.66255426,Medium Risk,3394
466,29,6,0.0,2,2797.27,France,Male,1,1,0,0.9982835,High Risk,3395
759,22,5,0.0,1,22303.17,France,Female,0,1,0,0.5294213,Medium Risk,3396
581,71,4,0.0,2,197562.08,France,Male,1,1,0,0.98949766,High Risk,3397
820,33,2,132150.26,2,23067.97,France,Male,0,1,0,0.6320479,Medium Risk,3398
759,41,9,0.0,2,190294.12,France,Male,1,0,0,0.98366064,High Risk,3399
628,31,6,175443.75,1,113167.17,France,Female,0,1,1,0.48848805,Medium Risk,3400
676,31,3,78990.15,1,124777.14,France,Male,1,1,0,0.9805135,High Risk,3401
591,33,4,113743.37,1,124625.08,France,Female,0,1,0,0.80821055,High Risk,3402
690,26,5,157624.84,1,49599.27,France,Female,1,1,0,0.6147775,Medium Risk,3403
624,62,7,125163.62,2,151411.5,France,Female,1,1,0,0.9973182,High Risk,3404
573,23,2,0.0,1,122964.18,France,Female,0,1,0,0.76263154,High Risk,3405
694,60,9,0.0,1,57088.97,France,Male,1,1,0,0.99043876,High Risk,3406
632,29,7,80922.75,1,7820.78,Spain,Female,0,1,0,0.9692657,High Risk,3407
632,40,3,193354.86,2,149188.41,France,Male,0,1,0,0.80659664,High Risk,3408
832,40,9,107648.94,2,134638.97,Germany,Female,1,1,0,0.9892306,High Risk,3409
598,46,7,131769.04,1,184980.23,Germany,Female,0,0,1,0.98757553,High Risk,3410
430,36,1,138992.48,2,122373.42,Germany,Male,0,0,0,0.9961028,High Risk,3411
711,37,8,113899.92,1,80215.2,France,Female,0,0,0,0.6165194,Medium Risk,3412
582,26,6,114450.32,1,14081.64,Germany,Male,1,1,0,0.9885787,High Risk,3413
605,39,3,0.0,2,199390.45,France,Male,0,1,0,0.7937734,High Risk,3414
657,37,2,0.0,2,7667.48,France,Female,1,1,0,0.9758152,High Risk,3415
578,40,6,63609.92,1,74965.61,Spain,Male,0,0,1,0.9957398,High Risk,3416
532,38,9,0.0,2,30583.95,France,Male,0,0,0,0.98895055,High Risk,3417
612,42,10,75497.51,1,149682.78,France,Female,0,0,0,0.9993932,High Risk,3418
792,42,2,0.0,2,92664.09,France,Female,0,1,0,0.8085209,High Risk,3419
674,26,10,0.0,2,138423.1,France,Female,1,1,0,0.95478135,High Risk,3420
680,31,1,0.0,2,3148.2,France,Male,1,1,0,0.9825791,High Risk,3421
593,39,0,117704.73,1,197933.5,France,Female,0,1,0,0.86491776,High Risk,3422
679,35,1,130463.55,2,37341.17,Germany,Male,1,1,0,0.39078698,Low Risk,3423
493,32,8,46161.18,1,79577.4,Spain,Male,1,1,0,0.97662234,High Risk,3424
688,42,5,0.0,2,197602.29,Spain,Male,0,0,0,0.7255311,High Risk,3425
769,43,4,110182.54,2,87537.32,Germany,Male,1,1,0,0.9916876,High Risk,3426
581,49,10,0.0,2,41623.59,Spain,Male,0,0,0,0.97418165,High Risk,3427
465,41,9,117221.15,1,168280.95,France,Male,0,1,0,0.99845815,High Risk,3428
641,35,4,0.0,2,125986.18,France,Female,0,0,0,0.99614346,High Risk,3429
731,43,9,79120.27,1,548.52,Germany,Female,0,0,1,0.8693306,High Risk,3430
625,37,1,177069.24,2,96088.54,France,Male,1,1,0,0.97911686,High Risk,3431
468,36,3,61636.97,1,107787.42,France,Male,0,0,0,0.9972012,High Risk,3432
790,26,5,0.0,1,20510.79,France,Male,0,1,0,0.9798269,High Risk,3433
587,37,6,104414.03,1,192026.02,Germany,Female,0,1,0,0.38084665,Low Risk,3434
692,66,4,159732.02,1,118188.15,France,Male,1,1,0,0.5697558,Medium Risk,3435
676,34,4,89437.03,1,189540.95,Germany,Female,1,1,0,0.68425333,Medium Risk,3436
571,41,8,0.0,1,63736.17,France,Male,1,1,0,0.9993057,High Risk,3437
700,32,3,0.0,1,95740.37,France,Female,0,0,0,0.74590164,High Risk,3438
445,30,3,0.0,2,127939.19,France,Female,1,1,0,0.48848805,Medium Risk,3439
746,36,7,142400.77,1,193438.69,France,Male,1,1,0,0.7497031,High Risk,3440
722,47,2,88011.4,1,90655.94,France,Female,1,1,1,0.49874982,Medium Risk,3441
596,36,2,0.0,2,12067.39,France,Male,1,1,0,0.9020029,High Risk,3442
850,30,8,154870.28,1,54191.38,Germany,Female,1,1,0,0.9972107,High Risk,3443
597,46,4,0.0,2,58667.16,Spain,Female,0,1,1,0.33265364,Low Risk,3444
436,43,5,0.0,2,35687.43,Spain,Male,1,1,0,0.99163705,High Risk,3445
660,28,1,118402.25,2,14288.93,Germany,Male,0,1,0,0.68722266,Medium Risk,3446
649,37,9,87374.88,2,247.36,France,Male,1,1,0,0.9905161,High Risk,3447
646,32,8,105397.8,1,78111.84,Germany,Male,0,1,1,0.97172,High Risk,3448
560,31,5,125341.69,1,79547.39,Spain,Female,0,1,0,0.48069128,Medium Risk,3449
710,49,10,129164.88,1,193266.72,Germany,Male,1,1,0,0.9692657,High Risk,3450
513,40,3,141004.46,1,105028.46,France,Male,0,1,0,0.9985227,High Risk,3451
607,21,0,0.0,2,116106.52,France,Female,0,1,0,0.675856,Medium Risk,3452
757,57,3,89079.41,1,53179.21,France,Male,1,1,1,0.98574764,High Risk,3453
619,40,9,103604.31,2,140947.05,Germany,Male,0,0,0,0.668228,Medium Risk,3454
612,24,1,182705.05,1,171837.06,France,Male,1,1,0,0.6754146,Medium Risk,3455
842,29,8,0.0,2,123437.05,France,Male,1,1,0,0.98248553,High Risk,3456
713,33,6,94598.48,1,197519.66,France,Male,0,0,1,0.9797055,High Risk,3457
657,36,8,188241.05,2,183058.51,Spain,Male,0,0,1,0.9990134,High Risk,3458
770,37,9,0.0,2,22710.72,France,Female,0,0,0,0.9111656,High Risk,3459
773,40,10,0.0,2,69303.15,France,Female,1,0,0,0.99227726,High Risk,3460
470,39,5,117469.91,2,63705.9,Germany,Male,0,0,0,0.9825052,High Risk,3461
781,35,4,80790.74,1,116429.51,Spain,Male,0,1,0,0.8576121,High Risk,3462
428,62,1,107735.93,1,58381.77,France,Female,1,0,0,0.968322,High Risk,3463
600,43,8,133379.41,1,177378.66,Germany,Male,0,1,1,0.98991185,High Risk,3464
697,37,7,168066.87,1,35450.53,Spain,Female,0,1,0,0.97640073,High Risk,3465
692,43,2,69014.49,2,164621.43,Germany,Female,0,0,0,0.99563,High Risk,3466
791,28,4,0.0,1,174435.48,France,Male,0,1,0,0.86408526,High Risk,3467
538,42,1,98548.62,2,94047.75,Germany,Female,1,0,0,0.8600631,High Risk,3468
820,49,1,0.0,2,119087.25,France,Female,1,1,0,0.47489294,Medium Risk,3469
679,26,3,76554.06,1,184800.27,Spain,Female,1,1,0,0.89583355,High Risk,3470
649,36,2,0.0,2,75035.48,France,Female,1,0,0,0.82006365,High Risk,3471
632,27,3,107375.82,1,62703.38,France,Female,1,1,0,0.6294476,Medium Risk,3472
594,40,9,122417.17,2,190882.69,France,Male,1,0,0,0.94993275,High Risk,3473
682,42,0,0.0,1,91981.85,France,Female,1,0,1,0.984133,High Risk,3474
720,33,6,97188.62,1,91881.29,Spain,Male,0,0,0,0.6220069,Medium Risk,3475
769,31,4,61297.05,2,7118.02,France,Male,1,1,0,0.99365145,High Risk,3476
746,30,1,112666.67,1,11710.4,Spain,Male,0,0,1,0.6441104,Medium Risk,3477
623,40,7,0.0,1,25904.12,Spain,Female,1,1,0,0.9859346,High Risk,3478
537,28,3,157842.07,1,86911.49,France,Male,0,1,0,0.9875723,High Risk,3479
468,46,7,91443.75,1,10958.18,France,Male,0,1,0,0.99356836,High Risk,3480
588,30,0,110148.49,1,5790.9,Germany,Female,0,1,1,0.7264969,High Risk,3481
729,34,9,53299.96,2,42855.97,Spain,Female,1,1,0,0.14860974,Low Risk,3482
543,37,3,0.0,2,78915.68,Spain,Male,1,1,0,0.14860974,Low Risk,3483
499,39,6,0.0,2,81409.0,Spain,Male,1,1,0,0.54737985,Medium Risk,3484
784,28,2,70233.74,2,179252.73,Germany,Male,1,1,0,0.9947924,High Risk,3485
604,33,3,0.0,1,42171.13,France,Male,0,1,1,0.9915542,High Risk,3486
614,25,10,75212.28,1,58965.04,Spain,Female,0,1,0,0.84432995,High Risk,3487
671,31,7,41299.03,1,102681.32,France,Female,1,0,0,0.97172,High Risk,3488
587,35,3,83286.56,1,125553.52,Spain,Female,0,1,0,0.9935934,High Risk,3489
593,43,10,0.0,2,53478.02,Spain,Male,0,0,0,0.99064577,High Risk,3490
453,29,6,0.0,1,198376.02,France,Male,0,0,1,0.9854952,High Risk,3491
570,35,6,85668.59,1,105525.36,Germany,Male,0,1,0,0.818225,High Risk,3492
655,45,7,57327.04,1,47349.0,France,Female,1,0,0,0.9599864,High Risk,3493
632,47,3,0.0,2,178822.32,Spain,Male,0,1,0,0.7966556,High Risk,3494
681,37,7,69609.85,1,72127.83,France,Female,1,1,0,0.968322,High Risk,3495
591,46,4,129269.27,1,163504.33,Germany,Male,0,1,0,0.8846788,High Risk,3496
779,27,1,0.0,2,190623.02,France,Male,1,1,0,0.9884311,High Risk,3497
456,63,1,165350.61,2,140758.07,France,Female,0,0,1,0.6710051,Medium Risk,3498
686,41,7,152105.57,2,132374.41,France,Female,1,0,0,0.76263154,High Risk,3499
617,74,10,0.0,2,53949.98,France,Male,1,1,0,0.99250644,High Risk,3500
850,32,5,106290.64,1,121982.73,France,Female,0,1,0,0.99098283,High Risk,3501
646,30,10,100548.67,2,136983.77,Germany,Female,0,0,0,0.9811122,High Risk,3502
735,46,2,106344.95,1,114371.33,Germany,Male,0,1,1,0.9925868,High Risk,3503
543,35,5,137482.19,1,62389.35,France,Male,0,0,0,0.778486,High Risk,3504
490,37,3,116465.53,1,24435.77,France,Female,1,0,0,0.94964474,High Risk,3505
640,45,1,0.0,1,10908.33,France,Male,1,1,0,0.2330935,Low Risk,3506
445,45,10,0.0,2,90977.48,Spain,Male,1,0,0,0.76542133,High Risk,3507
761,36,9,127637.92,1,81062.93,France,Male,1,1,0,0.8671039,High Risk,3508
426,34,3,0.0,2,61230.83,France,Female,1,1,0,0.8944445,High Risk,3509
777,37,1,0.0,1,126837.72,France,Male,1,1,0,0.9342325,High Risk,3510
534,35,2,81951.74,2,115668.53,France,Male,0,1,0,0.75172174,High Risk,3511
777,42,5,147531.82,1,38819.45,France,Female,1,1,0,0.41889113,Medium Risk,3512
806,18,3,0.0,2,86994.54,Spain,Male,1,1,0,0.99577326,High Risk,3513
790,33,10,135120.72,1,195204.99,France,Female,0,0,0,0.9954335,High Risk,3514
643,32,2,0.0,1,131301.74,Spain,Female,0,0,0,0.64989537,Medium Risk,3515
584,37,8,0.0,2,100835.19,Spain,Female,1,0,0,0.6734849,Medium Risk,3516
638,34,7,0.0,2,198969.78,France,Female,1,1,0,0.99782974,High Risk,3517
771,18,1,0.0,2,41542.95,Spain,Male,0,0,0,0.99845815,High Risk,3518
600,39,5,0.0,2,118272.07,France,Female,0,0,0,0.9778504,High Risk,3519
661,41,5,28082.95,1,69586.27,Spain,Female,0,1,1,0.9979358,High Risk,3520
554,43,10,0.0,2,149629.13,France,Female,0,1,1,0.4366757,Medium Risk,3521
627,49,4,111087.5,1,146680.25,Spain,Male,1,0,0,0.6734849,Medium Risk,3522
659,38,9,0.0,2,132809.18,France,Female,1,1,0,0.9945714,High Risk,3523
835,35,6,127120.07,1,28707.69,France,Male,0,1,0,0.62140924,Medium Risk,3524
763,35,7,115651.6,2,104706.29,France,Female,1,1,0,0.9886742,High Risk,3525
625,31,4,77743.01,2,75335.68,Germany,Male,0,1,0,0.9985482,High Risk,3526
799,30,9,0.0,2,136827.96,France,Female,0,1,0,0.6792603,Medium Risk,3527
849,69,7,71996.09,1,139065.94,France,Male,1,1,0,0.7332601,High Risk,3528
692,28,5,61581.97,1,70179.91,France,Male,1,1,0,0.9961876,High Risk,3529
623,24,5,0.0,2,116160.04,France,Female,0,1,0,0.9920753,High Risk,3530
453,42,5,0.0,3,83008.49,Spain,Female,0,1,1,0.98680854,High Risk,3531
408,84,8,87873.39,1,188484.52,France,Female,0,0,1,0.6894864,Medium Risk,3532
778,37,0,105617.73,2,133699.82,Germany,Female,1,1,1,0.9358861,High Risk,3533
695,42,5,0.0,1,72172.13,France,Female,1,0,1,0.5697558,Medium Risk,3534
677,44,4,148770.61,2,191057.76,Germany,Female,1,1,0,0.6049139,Medium Risk,3535
662,37,5,94901.09,1,48233.75,Spain,Male,1,1,0,0.68148535,Medium Risk,3536
534,29,7,174851.9,1,79178.31,France,Male,1,1,0,0.43144652,Medium Risk,3537
602,59,7,0.0,2,162347.05,France,Male,1,1,0,0.9894258,High Risk,3538
554,43,2,120847.11,1,7611.61,Germany,Female,0,1,1,0.994829,High Risk,3539
667,42,6,0.0,1,88890.05,France,Male,0,1,0,0.997682,High Risk,3540
672,43,5,0.0,1,63833.09,France,Male,0,0,0,0.7004528,High Risk,3541
838,67,4,103267.8,1,78310.04,Spain,Female,1,1,0,0.6894544,Medium Risk,3542
692,34,4,109699.08,1,37898.91,Spain,Female,1,1,0,0.5867379,Medium Risk,3543
675,49,8,135133.39,1,179521.24,France,Male,1,0,1,0.99245787,High Risk,3544
731,33,1,0.0,1,130726.96,Spain,Male,0,1,0,0.98895055,High Risk,3545
468,32,8,137649.47,1,198714.29,France,Female,0,0,0,0.95522803,High Risk,3546
542,43,6,113567.94,1,89543.25,Spain,Male,0,1,0,0.997943,High Risk,3547
662,35,6,0.0,2,2423.9,Spain,Female,0,0,1,0.63643175,Medium Risk,3548
770,37,5,141547.26,2,180326.83,Germany,Male,1,0,0,0.974664,High Risk,3549
675,61,5,62055.17,3,166305.16,France,Female,0,1,1,0.98098046,High Risk,3550
647,51,4,131156.76,1,29883.63,Germany,Male,0,1,0,0.97418165,High Risk,3551
604,31,6,134837.58,1,192029.19,France,Male,0,1,0,0.9995889,High Risk,3552
833,39,3,0.0,2,1710.89,France,Female,0,1,0,0.95522803,High Risk,3553
741,40,4,104784.23,1,135163.76,Spain,Male,0,1,1,0.8134543,High Risk,3554
658,36,1,0.0,2,84927.42,Spain,Male,1,0,0,0.6104177,Medium Risk,3555
528,36,1,156948.41,1,149912.28,France,Female,1,1,1,0.9911379,High Risk,3556
590,60,6,147751.75,1,88206.04,France,Female,0,1,1,0.8165111,High Risk,3557
675,34,1,124619.33,2,163667.56,France,Male,1,0,0,0.99049544,High Risk,3558
765,41,4,124182.21,1,100153.43,France,Male,0,0,0,0.9910755,High Risk,3559
650,64,7,142028.36,1,32275.09,France,Female,0,1,1,0.99911815,High Risk,3560
817,44,8,0.0,1,65501.91,France,Male,0,0,1,0.9830831,High Risk,3561
699,31,10,125837.86,2,189392.66,Germany,Female,0,1,0,0.7788411,High Risk,3562
495,34,9,117160.32,1,116069.24,Germany,Female,1,1,1,0.74510556,High Risk,3563
491,61,8,0.0,2,139861.53,Spain,Female,1,0,0,0.9919624,High Risk,3564
847,51,5,97565.74,1,144184.06,France,Male,0,0,1,0.64989537,Medium Risk,3565
676,30,5,0.0,2,157888.5,Spain,Female,1,0,0,0.9900883,High Risk,3566
746,25,3,104833.79,1,71911.3,Spain,Female,0,0,0,0.9829965,High Risk,3567
470,31,2,101675.22,2,45033.75,Spain,Female,0,1,0,0.24048276,Low Risk,3568
714,20,3,0.0,2,150465.93,Spain,Male,1,0,0,0.9973182,High Risk,3569
695,50,8,0.0,1,126381.6,France,Female,0,1,1,0.9816821,High Risk,3570
674,46,2,174701.05,1,90189.72,France,Male,0,1,1,0.968322,High Risk,3571
664,36,6,71142.77,2,122433.09,Germany,Male,0,1,0,0.63643175,Medium Risk,3572
697,31,3,108805.42,2,123825.83,Germany,Male,1,0,0,0.7146018,High Risk,3573
670,68,4,0.0,2,11426.7,France,Male,1,1,0,0.74590164,High Risk,3574
541,32,4,0.0,1,114951.42,France,Female,1,1,0,0.7034939,High Risk,3575
640,66,9,116037.76,1,184636.05,France,Female,1,0,0,0.6372986,Medium Risk,3576
647,28,8,0.0,2,91055.27,France,Male,1,1,0,0.98150223,High Risk,3577
757,23,2,80673.96,2,93991.65,France,Male,0,1,0,0.9919551,High Risk,3578
704,39,1,124640.51,1,116511.12,Germany,Female,0,1,1,0.9733847,High Risk,3579
778,31,9,182275.23,2,190631.23,Germany,Male,0,1,0,0.9798269,High Risk,3580
639,41,5,98635.77,1,199970.74,Germany,Female,0,1,0,0.9885787,High Risk,3581
637,33,5,0.0,2,139947.17,France,Male,0,1,0,0.99483573,High Risk,3582
686,35,4,0.0,1,8816.37,France,Male,0,1,0,0.95522803,High Risk,3583
577,43,8,79757.21,1,135650.72,Spain,Male,0,1,1,0.7524989,High Risk,3584
506,28,8,53053.76,1,24577.34,Germany,Male,1,0,0,0.49047288,Medium Risk,3585
757,28,7,120911.75,2,131249.46,France,Male,1,1,0,0.98448795,High Risk,3586
826,55,4,115285.85,1,140126.17,France,Male,0,1,0,0.98076725,High Risk,3587
721,41,2,0.0,2,168219.75,France,Male,0,1,0,0.95522803,High Risk,3588
489,40,3,221532.8,1,171867.08,Spain,Male,0,1,0,0.9921949,High Risk,3589
446,51,4,105056.13,1,70613.52,France,Female,0,0,0,0.5867379,Medium Risk,3590
677,37,3,88363.03,1,117946.3,France,Male,1,0,0,0.98150223,High Risk,3591
769,29,2,123757.52,2,84872.66,France,Male,0,1,0,0.6049139,Medium Risk,3592
677,56,5,123959.97,1,60590.72,Spain,Male,1,1,1,0.83388656,High Risk,3593
555,62,10,114822.64,1,8444.5,Germany,Female,1,0,0,0.9830831,High Risk,3594
652,37,9,145219.3,1,159132.83,Germany,Female,0,1,0,0.79087275,High Risk,3595
722,32,5,106807.64,1,76998.69,Germany,Female,1,1,0,0.99285513,High Risk,3596
643,36,0,148159.71,1,55835.66,France,Male,0,0,0,0.98792773,High Risk,3597
796,40,1,99745.95,1,177524.19,Germany,Female,0,1,0,0.9922633,High Risk,3598
720,37,8,156282.79,1,45985.52,Germany,Female,0,1,0,0.99597067,High Risk,3599
613,41,7,0.0,2,60297.72,France,Male,0,1,0,0.83637416,High Risk,3600
506,57,6,0.0,2,194421.12,France,Female,1,0,1,0.994829,High Risk,3601
608,50,6,0.0,1,93568.77,France,Male,0,1,1,0.42496243,Medium Risk,3602
667,77,2,0.0,1,34702.92,Spain,Male,1,1,0,0.9930889,High Risk,3603
750,47,7,121376.15,2,54473.6,France,Female,0,1,1,0.97911686,High Risk,3604
610,33,4,111582.11,1,113943.17,France,Male,0,0,0,0.9830831,High Risk,3605
588,34,10,129417.82,1,153727.32,Germany,Female,0,1,0,0.9528516,High Risk,3606
479,26,1,0.0,2,19116.97,France,Female,1,1,0,0.5692201,Medium Risk,3607
682,37,5,0.0,2,112554.68,France,Male,1,0,0,0.99878305,High Risk,3608
677,36,7,0.0,1,47318.75,France,Female,0,1,0,0.9944002,High Risk,3609
850,40,6,94607.08,1,36690.49,Germany,Male,0,1,0,0.98289686,High Risk,3610
580,56,1,131368.3,1,106918.67,France,Female,0,1,1,0.70657134,High Risk,3611
746,21,8,166883.07,2,194563.65,France,Female,1,0,0,0.9920753,High Risk,3612
635,37,3,0.0,2,91086.73,Spain,Female,0,1,0,0.6746711,Medium Risk,3613
664,25,6,172812.72,2,108008.65,Germany,Male,1,1,0,0.6894864,Medium Risk,3614
558,36,0,126606.63,2,172363.52,Germany,Female,1,1,0,0.97911686,High Risk,3615
415,46,9,134950.19,3,178587.36,France,Male,0,0,1,0.99659073,High Risk,3616
798,60,6,96956.1,1,31907.44,France,Female,0,1,1,0.9969055,High Risk,3617
792,29,4,107601.79,1,18922.18,Germany,Female,0,1,1,0.9798269,High Risk,3618
489,46,8,92060.06,1,147222.95,Germany,Female,0,1,1,0.99914134,High Risk,3619
730,33,0,0.0,2,1474.79,France,Male,0,1,0,0.6261376,Medium Risk,3620
773,41,4,0.0,2,24924.92,France,Male,1,1,0,0.71604556,High Risk,3621
711,36,9,137688.71,1,46884.1,France,Male,1,1,0,0.34901834,Low Risk,3622
592,55,8,85845.43,2,128918.42,Spain,Male,1,1,0,0.9878477,High Risk,3623
695,27,6,125552.96,1,105291.26,Germany,Male,0,1,0,0.6996476,Medium Risk,3624
640,33,1,167298.42,1,145381.65,France,Female,1,0,0,0.34901834,Low Risk,3625
470,31,4,55732.92,2,103792.53,Spain,Male,1,1,0,0.908714,High Risk,3626
789,37,6,110689.07,1,71121.04,Germany,Female,1,1,1,0.6894544,Medium Risk,3627
604,39,7,98544.11,1,52327.57,Spain,Female,1,1,0,0.99098283,High Risk,3628
493,35,8,178317.6,1,197428.64,Germany,Female,0,0,0,0.9953408,High Risk,3629
671,48,8,115713.84,2,83210.84,France,Female,0,0,0,0.97911686,High Risk,3630
656,46,9,143267.14,2,193099.43,France,Male,0,0,0,0.9558566,High Risk,3631
739,19,5,89750.21,1,193008.52,Spain,Male,0,1,0,0.97172,High Risk,3632
560,26,3,116576.45,1,157567.37,Spain,Female,0,1,0,0.9964934,High Risk,3633
827,47,8,143001.5,2,108977.5,Germany,Female,0,1,0,0.98248553,High Risk,3634
681,23,7,157761.56,1,147759.84,France,Male,0,0,0,0.8662853,High Risk,3635
740,37,5,0.0,2,27528.4,France,Female,1,1,0,0.7432952,High Risk,3636
663,31,4,103430.11,2,36479.27,Spain,Male,1,0,0,0.9990772,High Risk,3637
845,52,0,0.0,1,31726.76,Spain,Female,0,1,1,0.96705574,High Risk,3638
555,27,5,0.0,2,96398.51,Spain,Male,0,0,0,0.9798269,High Risk,3639
680,48,8,115115.38,1,139558.6,Germany,Female,0,1,1,0.8475035,High Risk,3640
638,39,0,122501.28,2,95007.8,Germany,Female,1,1,0,0.20558052,Low Risk,3641
640,62,3,0.0,1,101663.47,Spain,Male,1,1,0,0.43144652,Medium Risk,3642
778,42,6,0.0,2,106197.44,France,Male,1,1,0,0.98155427,High Risk,3643
679,45,3,146758.24,1,48466.89,France,Male,0,1,0,0.74590164,High Risk,3644
593,32,3,0.0,2,151978.36,France,Female,1,1,0,0.8855963,High Risk,3645
788,55,3,0.0,1,13288.46,France,Male,1,0,1,0.99217457,High Risk,3646
770,70,9,110738.89,1,22666.77,France,Female,0,1,1,0.6702498,Medium Risk,3647
729,67,2,94203.8,1,102391.06,France,Male,1,0,0,0.8021578,High Risk,3648
545,47,8,105792.49,1,67830.2,France,Male,1,0,1,0.6797588,Medium Risk,3649
597,41,4,153198.23,1,92090.36,France,Male,1,1,0,0.9934088,High Risk,3650
537,38,3,0.0,2,141023.01,France,Male,0,0,0,0.4458471,Medium Risk,3651
732,79,10,61811.23,1,104222.8,France,Male,1,1,0,0.97418165,High Risk,3652
542,34,8,101116.06,1,196395.05,France,Male,0,1,0,0.8906842,High Risk,3653
688,46,0,74458.25,1,6866.31,Germany,Female,1,0,0,0.9935371,High Risk,3654
542,33,8,142871.27,2,77737.86,Germany,Male,0,0,0,0.7955368,High Risk,3655
754,35,6,98585.94,2,106116.84,Germany,Male,1,0,0,0.74590164,High Risk,3656
750,37,6,0.0,1,117948.0,France,Female,1,1,1,0.34777498,Low Risk,3657
731,30,7,0.0,2,184581.68,France,Male,1,1,0,0.974664,High Risk,3658
699,43,3,80764.03,1,199378.58,France,Female,0,1,1,0.778486,High Risk,3659
534,42,9,144801.97,1,12483.39,France,Female,1,0,1,0.9689396,High Risk,3660
494,27,2,0.0,2,22404.64,Spain,Male,0,1,0,0.7111133,High Risk,3661
497,35,7,110053.62,2,92887.06,Germany,Male,1,1,0,0.7394945,High Risk,3662
632,28,5,118890.81,1,145157.97,France,Female,1,0,0,0.9885787,High Risk,3663
724,31,5,0.0,1,134889.95,France,Male,0,1,1,0.8475035,High Risk,3664
751,37,0,151218.98,1,109309.29,Germany,Female,1,1,0,0.5867379,Medium Risk,3665
733,42,9,150507.21,1,169964.12,France,Male,1,0,0,0.6883149,Medium Risk,3666
701,21,9,0.0,2,26327.42,Spain,Female,1,1,0,0.99222285,High Risk,3667
525,33,4,131023.76,2,55072.93,Germany,Male,0,0,0,0.99503845,High Risk,3668
666,44,2,122314.5,1,68574.88,Germany,Female,0,0,1,0.5939666,Medium Risk,3669
653,29,2,0.0,2,41671.81,France,Male,1,1,0,0.86826205,High Risk,3670
850,28,4,0.0,2,12409.01,France,Male,1,1,0,0.8773291,High Risk,3671
646,52,6,111739.4,2,68367.18,Germany,Female,1,0,0,0.7317037,High Risk,3672
750,43,6,113882.31,1,74564.41,France,Male,1,1,0,0.9881341,High Risk,3673
764,24,7,98148.61,1,26843.76,France,Male,0,1,0,0.9961876,High Risk,3674
658,32,9,0.0,2,156774.75,France,Female,0,1,0,0.8808974,High Risk,3675
727,32,1,59271.82,1,46019.43,France,Male,1,1,0,0.7507143,High Risk,3676
687,31,2,0.0,2,145411.39,France,Female,1,0,0,0.09324729,Low Risk,3677
631,33,2,0.0,2,158268.84,Spain,Male,1,1,0,0.89571303,High Risk,3678
797,30,10,69413.44,1,74637.57,France,Male,1,1,0,0.5439414,Medium Risk,3679
650,25,7,160599.06,2,28391.52,Spain,Male,1,1,0,0.39809853,Low Risk,3680
850,22,3,0.0,1,144385.54,Spain,Male,1,1,0,0.98844004,High Risk,3681
676,40,2,147803.48,1,95181.06,France,Female,0,1,1,0.27978507,Low Risk,3682
620,44,8,0.0,2,15627.51,Spain,Male,1,1,0,0.98680854,High Risk,3683
576,52,9,170228.59,2,148477.57,France,Female,0,0,1,0.7760791,High Risk,3684
482,35,2,133111.73,1,79957.95,France,Female,1,0,0,0.9954335,High Risk,3685
695,39,5,0.0,2,102763.69,Spain,Female,0,0,0,0.9496402,High Risk,3686
706,18,2,176139.5,2,129654.22,France,Male,0,1,0,0.79239744,High Risk,3687
668,32,2,0.0,2,40652.33,France,Female,1,1,0,0.7436671,High Risk,3688
679,35,1,110245.13,1,178291.09,Germany,Male,1,1,0,0.9973182,High Risk,3689
703,45,5,0.0,2,131906.44,France,Female,0,1,0,0.31114635,Low Risk,3690
670,67,6,158719.57,1,118607.4,Spain,Male,1,1,0,0.7576118,High Risk,3691
590,76,5,160979.68,1,13848.58,France,Female,1,0,0,0.50345665,Medium Risk,3692
613,35,4,123557.65,2,170903.4,Spain,Male,1,0,0,0.930431,High Risk,3693
742,60,4,0.0,1,13161.66,France,Female,1,1,1,0.99879164,High Risk,3694
608,33,4,0.0,1,79304.38,France,Female,0,1,1,0.53327465,Medium Risk,3695
571,40,10,112896.86,1,121402.53,France,Male,1,1,0,0.99472284,High Risk,3696
595,39,7,120962.13,1,23305.01,France,Female,0,0,0,0.9886742,High Risk,3697
745,48,10,96048.55,1,74510.65,Germany,Male,0,1,0,0.95453966,High Risk,3698
589,21,3,0.0,2,55601.44,France,Female,1,0,0,0.53327465,Medium Risk,3699
749,37,10,185063.7,2,134526.87,France,Male,1,1,0,0.6562869,Medium Risk,3700
678,22,6,118064.93,2,195424.01,France,Female,1,1,0,0.560778,Medium Risk,3701
603,46,2,0.0,2,59563.49,France,Male,1,1,0,0.9298862,High Risk,3702
504,73,8,0.0,1,34595.58,France,Female,1,1,0,0.67136395,Medium Risk,3703
739,40,5,149131.03,3,60036.99,Germany,Male,1,1,1,0.9961876,High Risk,3704
604,34,7,0.0,2,193021.49,France,Female,0,1,0,0.8662853,High Risk,3705
612,35,3,0.0,1,48108.72,France,Female,1,1,0,0.9881642,High Risk,3706
629,44,6,125512.98,2,79082.76,Spain,Female,0,0,0,0.98684573,High Risk,3707
652,42,3,83492.07,2,37914.12,Spain,Female,0,1,0,0.99576974,High Risk,3708
565,34,7,0.0,1,74593.84,France,Male,0,0,0,0.99905926,High Risk,3709
707,49,10,0.0,1,82967.97,France,Female,0,1,1,0.7701789,High Risk,3710
645,30,1,125739.26,1,193441.23,France,Male,1,1,0,0.7497707,High Risk,3711
762,34,8,98592.88,1,191790.29,Germany,Female,1,0,1,0.9751516,High Risk,3712
639,39,1,141789.15,1,92455.96,Spain,Female,0,1,0,0.98157674,High Risk,3713
709,22,0,112949.71,1,155231.55,Germany,Male,0,0,0,0.995242,High Risk,3714
823,34,3,105057.33,1,9217.92,France,Male,0,1,0,0.95219946,High Risk,3715
817,46,0,89087.89,1,87941.85,Germany,Female,1,0,1,0.9892306,High Risk,3716
665,27,2,147435.96,1,187508.06,Germany,Female,0,0,0,0.9657218,High Risk,3717
646,39,0,154439.86,1,171519.06,Germany,Male,0,1,0,0.71604556,High Risk,3718
568,30,8,73054.37,2,27012.0,France,Male,1,1,0,0.9958865,High Risk,3719
850,62,1,124678.35,1,70916.0,France,Female,0,1,1,0.9854952,High Risk,3720
473,40,8,152576.25,2,73073.68,Germany,Male,0,1,0,0.824172,High Risk,3721
731,41,9,152243.57,1,88783.59,France,Female,1,1,0,0.9838238,High Risk,3722
619,25,4,0.0,1,145524.36,France,Male,0,1,0,0.41806993,Medium Risk,3723
715,42,2,88120.97,2,21333.22,Germany,Male,1,1,0,0.8467937,High Risk,3724
772,51,9,143930.92,1,46675.51,Germany,Female,1,0,1,0.9992011,High Risk,3725
686,31,1,0.0,2,4802.25,France,Female,0,1,0,0.99231756,High Risk,3726
749,29,7,137059.05,3,102975.72,Germany,Female,0,1,1,0.8340532,High Risk,3727
781,27,7,186558.55,1,175071.29,France,Female,1,1,1,0.2566875,Low Risk,3728
675,66,5,115654.47,2,131970.86,Spain,Male,1,1,0,0.9691909,High Risk,3729
730,29,2,0.0,2,14174.09,Spain,Male,0,1,0,0.9902598,High Risk,3730
683,38,3,126152.84,1,15378.75,Spain,Male,0,0,0,0.7146422,High Risk,3731
554,51,7,105701.91,1,179797.79,Germany,Female,1,0,1,0.6277947,Medium Risk,3732
722,46,6,0.0,1,93917.68,France,Male,1,1,1,0.63414425,Medium Risk,3733
689,67,9,157094.78,1,99490.01,Germany,Male,1,1,0,0.7077829,High Risk,3734
796,40,2,113228.38,2,46415.09,Germany,Male,1,1,0,0.6734849,Medium Risk,3735
447,32,10,0.0,1,151815.76,France,Female,1,1,0,0.6561557,Medium Risk,3736
498,37,8,108432.88,2,14865.05,Germany,Male,1,1,0,0.15385811,Low Risk,3737
663,27,8,0.0,1,188007.99,Spain,Male,1,1,0,0.5700401,Medium Risk,3738
498,44,2,120702.67,2,98175.74,Germany,Female,1,1,0,0.9982236,High Risk,3739
627,32,1,0.0,1,106851.7,France,Female,0,1,0,0.79051125,High Risk,3740
649,45,7,0.0,2,75204.21,France,Male,1,0,0,0.9830831,High Risk,3741
738,29,9,139106.19,1,141872.05,Germany,Female,0,1,1,0.9918955,High Risk,3742
587,39,6,101851.8,2,7103.71,Germany,Female,0,1,0,0.99321705,High Risk,3743
655,32,6,130935.56,1,9241.83,Germany,Female,0,1,1,0.48069128,Medium Risk,3744
647,37,3,116509.99,1,149517.71,Germany,Male,1,1,1,0.6019847,Medium Risk,3745
776,37,1,93124.04,2,196079.32,Germany,Female,1,1,0,0.98299545,High Risk,3746
688,35,5,111578.18,1,166165.93,Germany,Male,0,0,1,0.60360426,Medium Risk,3747
605,32,9,0.0,2,55724.24,France,Male,1,1,0,0.7093204,High Risk,3748
596,39,10,86546.29,1,131768.98,France,Female,1,0,0,0.542692,Medium Risk,3749
427,33,8,0.0,1,13858.95,France,Male,1,1,0,0.9693002,High Risk,3750
629,39,2,129669.32,2,82774.07,France,Male,0,1,0,0.9758252,High Risk,3751
496,29,2,0.0,2,55389.59,Spain,Male,0,1,0,0.5908651,Medium Risk,3752
717,36,2,164557.95,1,82336.73,Spain,Female,1,0,0,0.44150388,Medium Risk,3753
777,23,6,0.0,2,163225.48,France,Male,1,1,0,0.39078698,Low Risk,3754
535,35,8,118989.92,1,135536.72,Spain,Male,1,1,0,0.9995766,High Risk,3755
744,29,1,0.0,1,82422.97,France,Male,0,0,0,0.5692201,Medium Risk,3756
755,31,5,0.0,2,194660.78,France,Male,1,0,0,0.98991185,High Risk,3757
593,45,6,79259.75,1,55347.28,Spain,Female,0,1,0,0.9875723,High Risk,3758
514,38,4,112230.38,1,16717.11,France,Male,0,1,1,0.53327465,Medium Risk,3759
721,40,9,118129.87,1,160277.65,France,Male,1,1,0,0.9906722,High Risk,3760
835,38,7,86824.09,1,175905.97,Spain,Male,0,0,0,0.87139285,High Risk,3761
682,64,10,128306.7,1,66040.83,France,Female,1,0,0,0.9892429,High Risk,3762
590,40,2,117641.43,2,92198.05,Germany,Female,0,0,0,0.9798269,High Risk,3763
653,37,3,125734.2,2,134625.09,Germany,Female,0,1,1,0.84727895,High Risk,3764
837,49,8,103302.37,1,50974.57,France,Male,1,1,0,0.99379236,High Risk,3765
841,27,8,0.0,1,171922.72,France,Male,0,1,0,0.9758152,High Risk,3766
584,36,4,82696.09,2,83058.14,Spain,Male,0,0,0,0.9692657,High Risk,3767
769,29,4,145471.37,1,188382.77,France,Male,0,1,0,0.96860045,High Risk,3768
599,34,2,101506.66,1,198030.24,Spain,Male,0,0,0,0.9924723,High Risk,3769
698,47,5,156265.31,2,1055.66,France,Male,0,0,0,0.60627705,Medium Risk,3770
477,27,1,128554.98,1,133173.19,France,Male,1,1,0,0.5254974,Medium Risk,3771
477,34,8,139959.55,2,189875.83,Germany,Male,1,1,0,0.58604234,Medium Risk,3772
745,34,7,132944.53,1,31802.92,Spain,Male,1,1,0,0.6336259,Medium Risk,3773
749,35,3,0.0,3,132649.85,France,Female,1,1,0,0.9994043,High Risk,3774
850,61,1,0.0,1,53067.83,France,Male,0,1,1,0.7723668,High Risk,3775
528,22,5,93547.23,2,961.57,Germany,Male,1,0,0,0.98568475,High Risk,3776
750,33,2,152302.72,1,71333.44,France,Male,0,1,0,0.7027262,High Risk,3777
543,31,2,147674.26,1,16658.76,France,Female,1,1,0,0.3727911,Low Risk,3778
579,59,3,148021.12,1,74878.22,Spain,Female,1,1,0,0.99835396,High Risk,3779
624,37,0,0.0,2,112104.55,France,Male,0,0,0,0.9853935,High Risk,3780
595,46,5,142360.62,2,48421.4,Germany,Male,0,1,1,0.9798269,High Risk,3781
596,27,2,151027.56,1,170320.58,Germany,Female,0,1,0,0.9879453,High Risk,3782
431,44,2,138843.7,1,37688.31,Germany,Female,0,1,1,0.5196995,Medium Risk,3783
647,26,8,109958.15,1,136592.24,Spain,Female,1,1,1,0.9925298,High Risk,3784
640,31,9,138857.59,1,48640.77,France,Female,0,1,0,0.8453891,High Risk,3785
752,45,3,105426.5,2,89773.45,Germany,Female,1,0,0,0.9922633,High Risk,3786
710,41,9,149155.53,2,42131.26,Germany,Female,0,1,1,0.48267436,Medium Risk,3787
638,27,4,135096.05,1,186523.72,Germany,Male,1,1,1,0.97545767,High Risk,3788
660,28,2,170890.05,2,41758.9,Germany,Male,0,1,0,0.43738797,Medium Risk,3789
609,45,4,89122.3,1,199256.98,Spain,Female,1,1,0,0.5658882,Medium Risk,3790
596,54,0,78126.28,1,153482.91,Spain,Female,1,1,1,0.99217457,High Risk,3791
705,38,3,123894.43,1,21177.1,France,Female,0,1,0,0.5692201,Medium Risk,3792
444,36,7,0.0,2,138743.86,France,Male,1,0,0,0.9833017,High Risk,3793
727,58,5,106913.43,1,25881.0,Germany,Male,0,1,1,0.9859346,High Risk,3794
496,32,4,127845.83,1,66469.2,France,Male,0,1,0,0.8618208,High Risk,3795
554,22,8,0.0,2,142670.61,France,Female,1,0,0,0.98248553,High Risk,3796
537,26,7,106397.75,1,103563.23,France,Male,0,0,0,0.9566467,High Risk,3797
839,51,3,0.0,1,69101.23,France,Female,1,1,1,0.9986351,High Risk,3798
700,43,0,0.0,2,59475.35,Spain,Female,0,1,0,0.97172,High Risk,3799
458,35,5,166492.48,1,135287.74,Spain,Female,0,1,0,0.9536341,High Risk,3800
850,28,2,0.0,2,38773.74,France,Female,1,1,0,0.9797055,High Risk,3801
699,31,6,114493.68,1,138396.32,Spain,Male,0,0,0,0.8477107,High Risk,3802
615,44,9,126104.98,2,110718.02,Germany,Female,1,0,0,0.9961475,High Risk,3803
850,51,4,124425.99,1,118545.49,Germany,Male,0,0,1,0.9982236,High Risk,3804
604,40,1,0.0,2,123207.17,France,Female,0,1,0,0.99408686,High Risk,3805
668,34,0,0.0,1,99984.86,Spain,Male,0,0,0,0.99603504,High Risk,3806
594,38,10,0.0,2,58332.91,Spain,Female,0,1,0,0.67821443,Medium Risk,3807
470,30,3,101140.76,1,50906.65,France,Male,1,1,0,0.8461832,High Risk,3808
701,41,0,150844.94,1,127623.36,Germany,Male,1,0,0,0.7606446,High Risk,3809
664,35,1,115024.5,1,169665.79,Spain,Male,1,0,0,0.98366064,High Risk,3810
477,30,6,131286.46,1,194144.45,France,Female,0,1,0,0.99878305,High Risk,3811
756,42,9,0.0,2,35673.42,France,Female,0,1,0,0.6710051,Medium Risk,3812
625,40,7,141267.67,1,177397.49,France,Female,1,0,0,0.2566875,Low Risk,3813
703,73,5,137761.55,1,159677.46,Spain,Male,1,1,0,0.9838238,High Risk,3814
646,30,7,0.0,2,153566.97,France,Male,0,1,0,0.9894146,High Risk,3815
650,33,0,98064.97,1,52411.99,France,Male,0,1,0,0.87450856,High Risk,3816
664,31,9,114519.57,2,79222.02,France,Female,1,0,0,0.9958941,High Risk,3817
682,29,6,101012.77,1,32589.89,Germany,Female,0,0,1,0.93658584,High Risk,3818
725,44,10,0.0,1,93777.61,France,Female,1,0,0,0.9811122,High Risk,3819
553,46,3,82291.1,1,112549.99,Germany,Male,0,1,1,0.98248553,High Risk,3820
576,39,9,84719.98,1,191063.36,France,Male,0,0,0,0.5881292,Medium Risk,3821
608,56,5,0.0,2,153810.41,Spain,Female,1,0,0,0.9907323,High Risk,3822
850,39,0,104386.53,1,105886.77,France,Female,0,1,0,0.9882168,High Risk,3823
627,31,8,128131.73,1,96131.47,France,Male,0,1,0,0.9890498,High Risk,3824
667,44,2,122806.95,1,15120.86,France,Male,0,0,0,0.9814641,High Risk,3825
548,44,8,0.0,1,16989.77,Spain,Male,0,1,0,0.38084665,Low Risk,3826
774,76,4,112510.89,1,143133.18,France,Male,1,1,0,0.9943399,High Risk,3827
794,57,3,117056.46,1,93336.93,Germany,Male,0,1,1,0.6952937,Medium Risk,3828
497,55,7,131778.66,1,9972.64,Germany,Female,1,1,0,0.9921774,High Risk,3829
587,36,1,70784.27,1,30579.82,France,Female,0,1,0,0.91745555,High Risk,3830
850,29,10,0.0,2,199775.67,France,Female,1,1,0,0.9885787,High Risk,3831
722,46,5,0.0,2,179908.71,France,Male,0,1,0,0.99474156,High Risk,3832
555,35,1,0.0,2,101667.0,Spain,Female,0,1,0,0.63643175,Medium Risk,3833
609,38,6,140752.06,2,171430.16,Germany,Male,1,0,0,0.98484415,High Risk,3834
734,39,6,92126.26,2,112973.34,Spain,Female,0,0,0,0.5697558,Medium Risk,3835
718,39,7,93148.74,2,190746.38,Germany,Female,1,1,0,0.59517825,Medium Risk,3836
645,49,5,110132.55,3,187689.91,Spain,Female,1,0,1,0.98875964,High Risk,3837
598,23,6,0.0,2,153229.19,Spain,Female,0,1,0,0.6975271,Medium Risk,3838
628,50,4,122227.71,1,14217.77,Germany,Male,1,0,1,0.54351634,Medium Risk,3839
629,40,2,121647.54,2,64849.74,Germany,Male,1,1,1,0.845835,High Risk,3840
739,58,1,110597.76,1,160122.66,Germany,Male,1,0,1,0.41821143,Medium Risk,3841
653,60,2,120731.39,4,138160.11,France,Female,1,1,1,0.6930205,Medium Risk,3842
711,28,8,0.0,2,64286.39,France,Male,1,1,0,0.8274309,High Risk,3843
783,38,1,0.0,3,80178.54,Spain,Male,1,1,1,0.9859346,High Risk,3844
681,38,6,153722.47,1,101319.76,France,Male,0,1,0,0.9882168,High Risk,3845
712,34,8,114088.32,1,92794.61,France,Male,0,1,0,0.89342475,High Risk,3846
554,48,7,0.0,2,63708.07,France,Female,1,1,0,0.9973182,High Risk,3847
611,37,6,0.0,2,110782.88,France,Female,0,1,0,0.9931815,High Risk,3848
560,41,4,152532.3,1,10779.69,Germany,Male,0,0,0,0.99245787,High Risk,3849
646,32,1,0.0,2,183289.22,Spain,Male,0,1,0,0.98901844,High Risk,3850
680,34,3,143292.95,1,66526.01,France,Male,0,1,0,0.695983,Medium Risk,3851
631,26,1,149144.61,1,123697.95,France,Male,1,0,0,0.53327465,Medium Risk,3852
746,36,9,127157.04,1,155700.15,France,Male,1,1,0,0.83330715,High Risk,3853
654,43,9,84673.17,2,82081.35,Germany,Male,1,0,0,0.9733847,High Risk,3854
687,33,9,135962.4,2,121747.96,Germany,Male,0,1,0,0.48069128,Medium Risk,3855
708,32,3,151691.44,2,172810.51,Germany,Male,1,1,0,0.9903812,High Risk,3856
679,32,0,88335.05,1,159584.81,Germany,Female,0,0,0,0.5783935,Medium Risk,3857
636,45,7,139859.23,1,108402.54,France,Female,1,1,0,0.8021578,High Risk,3858
695,45,9,43134.65,1,77330.35,France,Male,1,0,0,0.9875723,High Risk,3859
677,42,5,99580.13,1,21007.96,France,Male,0,1,0,0.7027262,High Risk,3860
720,34,6,110717.38,1,9398.45,France,Female,1,1,0,0.99845815,High Risk,3861
780,37,3,0.0,2,182156.81,France,Female,0,0,1,0.9954335,High Risk,3862
653,36,3,0.0,2,110525.6,Spain,Female,0,0,0,0.99905926,High Risk,3863
674,28,3,0.0,1,51536.99,France,Female,0,1,0,0.9853935,High Risk,3864
620,40,5,108197.11,2,49722.34,Germany,Male,0,1,0,0.68425333,Medium Risk,3865
623,40,6,0.0,2,66119.07,France,Male,1,1,0,0.80821055,High Risk,3866
547,29,6,104450.86,1,37160.28,France,Female,1,1,0,0.98076725,High Risk,3867
530,39,2,0.0,2,197923.05,France,Male,0,1,0,0.9358861,High Risk,3868
746,34,4,0.0,1,65166.6,France,Female,1,0,0,0.99900514,High Risk,3869
512,31,7,0.0,2,49326.07,France,Female,0,0,0,0.6261376,Medium Risk,3870
630,40,8,0.0,2,42495.81,France,Male,1,1,0,0.31432694,Low Risk,3871
570,21,7,116099.82,1,148087.62,Spain,Male,1,1,0,0.9916066,High Risk,3872
605,39,6,111169.91,1,9641.4,France,Male,0,0,0,0.14860974,Low Risk,3873
530,37,4,0.0,2,164844.37,Spain,Male,1,1,0,0.9017203,High Risk,3874
813,25,5,123616.43,1,132959.33,Germany,Female,1,0,0,0.48190334,Medium Risk,3875
704,37,9,155619.58,1,135088.58,Spain,Female,1,1,0,0.48445255,Medium Risk,3876
565,31,2,89558.39,2,4441.54,Germany,Male,1,1,0,0.2330935,Low Risk,3877
645,45,4,0.0,1,174916.85,Spain,Male,1,0,1,0.75288844,High Risk,3878
526,32,6,131938.92,2,1795.93,Germany,Female,1,1,0,0.98895055,High Risk,3879
778,33,9,151772.63,2,180249.94,France,Female,0,0,1,0.85733265,High Risk,3880
677,72,8,0.0,2,153604.44,France,Female,1,1,0,0.85733265,High Risk,3881
588,64,3,0.0,1,189703.65,France,Female,1,1,0,0.90371025,High Risk,3882
488,22,6,0.0,2,66393.89,France,Female,1,1,0,0.86852366,High Risk,3883
519,39,1,97700.02,1,30709.03,France,Male,1,1,0,0.60360426,Medium Risk,3884
709,31,6,0.0,2,71009.84,France,Male,1,1,0,0.9798269,High Risk,3885
642,56,6,103244.86,2,143049.72,Germany,Female,0,1,1,0.8010919,High Risk,3886
710,34,8,147833.3,2,1561.58,Germany,Male,1,0,0,0.99878305,High Risk,3887
653,46,5,0.0,2,49707.85,France,Female,0,1,0,0.9520951,High Risk,3888
743,71,0,0.0,2,29837.65,France,Male,1,0,0,0.9988236,High Risk,3889
418,39,2,0.0,2,9041.71,France,Female,0,0,0,0.7497707,High Risk,3890
670,33,9,84521.48,2,198017.05,Germany,Female,1,0,0,0.9830831,High Risk,3891
723,28,5,91938.31,1,143481.85,Germany,Female,0,1,0,0.48069128,Medium Risk,3892
549,45,6,124240.93,1,146372.51,Germany,Male,1,1,0,0.9993057,High Risk,3893
543,42,5,0.0,2,101905.34,France,Female,0,0,0,0.9422351,High Risk,3894
595,37,2,157084.99,1,134767.13,Spain,Male,0,1,0,0.80379474,High Risk,3895
673,25,3,108244.82,2,103573.96,Germany,Female,1,1,0,0.8618208,High Risk,3896
741,21,9,0.0,2,139259.54,France,Female,1,0,0,0.9798269,High Risk,3897
508,41,5,82161.7,2,187776.49,Germany,Female,0,1,0,0.9833017,High Risk,3898
662,59,2,104568.41,1,8059.44,Germany,Male,0,1,1,0.974664,High Risk,3899
752,36,2,119912.46,1,124354.92,France,Female,0,1,0,0.8172292,High Risk,3900
809,36,9,68881.59,2,109135.11,France,Male,1,0,0,0.09324729,Low Risk,3901
575,30,2,0.0,2,82222.86,Spain,Male,1,1,0,0.62675023,Medium Risk,3902
591,40,1,86376.29,1,136767.16,Spain,Female,1,0,1,0.97172,High Risk,3903
643,45,9,150840.03,2,155516.35,Spain,Female,0,1,0,0.48069128,Medium Risk,3904
698,55,8,155059.1,2,144584.29,Germany,Male,1,1,0,0.9973182,High Risk,3905
496,29,4,0.0,2,164806.89,France,Female,0,1,0,0.5867379,Medium Risk,3906
597,44,8,78128.13,2,109153.04,France,Male,1,0,0,0.6729253,Medium Risk,3907
603,46,4,98899.76,2,86190.34,Germany,Male,1,1,0,0.6609142,Medium Risk,3908
655,37,1,0.0,1,106040.97,Spain,Male,1,1,0,0.4458471,Medium Risk,3909
431,63,6,160982.89,1,168008.17,France,Male,1,1,0,0.98835886,High Risk,3910
620,70,3,87926.24,2,33350.26,France,Female,0,1,1,0.88541204,High Risk,3911
782,35,4,0.0,1,119565.34,France,Female,1,1,0,0.94784606,High Risk,3912
581,46,2,79385.21,2,188492.82,Spain,Male,0,0,0,0.968322,High Risk,3913
553,53,5,127997.83,1,165378.66,Germany,Male,0,1,1,0.5571451,Medium Risk,3914
658,44,2,168396.34,1,14178.73,France,Male,1,1,0,0.6113413,Medium Risk,3915
686,43,2,134896.03,1,97847.05,Germany,Male,1,1,0,0.14860974,Low Risk,3916
539,36,6,0.0,3,118959.64,Spain,Male,1,1,0,0.75172174,High Risk,3917
685,50,6,94238.75,2,50664.07,France,Female,1,1,1,0.9991277,High Risk,3918
850,29,1,0.0,2,152996.89,France,Male,0,0,0,0.99639374,High Risk,3919
763,39,7,0.0,2,19458.75,Spain,Female,0,1,0,0.9811122,High Risk,3920
634,43,3,212696.32,1,115268.86,Germany,Male,0,1,0,0.9947924,High Risk,3921
567,59,3,0.0,2,25843.7,France,Male,0,1,1,0.9692657,High Risk,3922
539,39,3,139153.68,2,147662.33,France,Male,0,1,0,0.9934088,High Risk,3923
764,41,7,0.0,2,134878.34,France,Male,0,0,0,0.999405,High Risk,3924
653,40,0,0.0,2,35795.85,France,Female,0,1,0,0.9856145,High Risk,3925
566,44,5,0.0,2,66462.79,Spain,Male,0,1,0,0.72711,High Risk,3926
714,29,6,92887.13,1,69578.49,Germany,Male,1,1,0,0.8154026,High Risk,3927
580,65,1,0.0,2,103182.46,Spain,Female,1,0,0,0.5886625,Medium Risk,3928
548,29,5,83442.98,1,177017.39,France,Male,1,0,0,0.99075764,High Risk,3929
646,36,6,144773.29,2,53217.3,Germany,Female,0,1,0,0.5697558,Medium Risk,3930
622,52,9,111973.97,1,162756.29,Germany,Female,1,1,1,0.8433964,High Risk,3931
706,35,8,178032.53,1,42181.68,France,Female,1,0,0,0.7595242,High Risk,3932
680,23,5,140007.19,1,31714.08,France,Male,1,0,0,0.99042845,High Risk,3933
698,37,5,98400.61,2,25017.28,France,Male,0,0,0,0.99474156,High Risk,3934
581,46,1,0.0,2,104272.04,Spain,Female,0,1,0,0.9852374,High Risk,3935
728,45,3,108924.33,2,84300.4,Germany,Male,0,1,1,0.98484415,High Risk,3936
707,32,4,132835.56,1,136877.24,Spain,Female,0,0,0,0.9007995,High Risk,3937
761,26,1,0.0,2,199409.19,France,Female,1,1,0,0.98757553,High Risk,3938
483,41,1,118334.44,1,163147.99,Germany,Male,0,0,1,0.9830831,High Risk,3939
736,25,9,81732.88,2,136497.28,Germany,Female,0,1,0,0.99110025,High Risk,3940
716,66,5,121411.9,1,10070.4,Germany,Male,0,0,1,0.97418165,High Risk,3941
654,32,9,121455.65,1,190068.53,France,Male,0,1,1,0.30579123,Low Risk,3942
649,20,5,0.0,2,58309.54,Spain,Male,1,1,0,0.68425333,Medium Risk,3943
649,46,5,0.0,2,76946.6,France,Male,1,1,0,0.824172,High Risk,3944
612,31,8,117989.76,1,54129.86,France,Female,1,1,0,0.25939992,Low Risk,3945
657,40,10,0.0,2,52990.7,Spain,Male,1,1,0,0.6710051,Medium Risk,3946
511,31,5,137411.29,1,161854.98,France,Female,1,0,0,0.4458471,Medium Risk,3947
682,61,10,73688.2,1,172141.33,France,Male,1,1,0,0.50345665,Medium Risk,3948
748,58,9,122330.7,2,124429.19,Spain,Male,1,0,0,0.9931815,High Risk,3949
554,43,5,99906.89,1,24983.39,Germany,Male,0,0,0,0.905653,High Risk,3950
794,28,5,0.0,2,86699.98,Spain,Female,1,0,0,0.99494725,High Risk,3951
807,47,9,167664.83,1,125440.11,France,Female,0,0,1,0.99558544,High Risk,3952
594,34,7,141525.55,1,9443.15,France,Female,0,0,0,0.97172,High Risk,3953
652,33,3,124832.51,1,195877.06,Spain,Female,0,1,0,0.7093204,High Risk,3954
729,34,9,132121.71,1,105409.31,France,Female,1,0,0,0.99125457,High Risk,3955
625,39,2,0.0,2,100403.05,France,Male,0,1,0,0.92389673,High Risk,3956
597,60,0,78539.84,1,48502.88,Germany,Female,1,0,0,0.99509144,High Risk,3957
657,38,5,123770.46,1,47019.66,Germany,Female,0,0,1,0.6261376,Medium Risk,3958
633,43,5,0.0,2,48249.88,France,Male,1,1,0,0.7255311,High Risk,3959
663,49,7,116150.65,3,84358.71,Germany,Male,1,1,1,0.81691116,High Risk,3960
535,47,0,160729.1,1,145986.35,France,Male,1,0,0,0.99421704,High Risk,3961
702,29,10,88378.6,1,88550.28,France,Female,0,1,0,0.9838067,High Risk,3962
712,33,2,182888.08,1,3061.0,France,Male,0,1,0,0.5406104,Medium Risk,3963
607,31,8,0.0,2,43196.5,France,Male,1,1,0,0.68425333,Medium Risk,3964
476,37,4,0.0,1,55775.84,France,Male,1,1,1,0.987301,High Risk,3965
748,23,8,85600.08,1,134077.71,Spain,Female,0,0,0,0.7766951,High Risk,3966
815,35,4,0.0,2,198490.33,France,Male,1,0,0,0.34777498,Low Risk,3967
602,32,10,0.0,2,116052.92,France,Male,1,1,0,0.63643175,Medium Risk,3968
649,40,4,95001.33,1,123202.99,Germany,Male,1,0,0,0.31114635,Low Risk,3969
551,27,2,113873.22,1,85129.77,Spain,Male,1,1,1,0.9838238,High Risk,3970
509,30,6,0.0,2,180598.86,France,Male,0,1,0,0.95522803,High Risk,3971
685,40,7,74896.92,1,198694.2,Spain,Male,0,1,0,0.99496305,High Risk,3972
536,22,5,89492.62,1,42934.43,France,Female,0,0,0,0.9758152,High Risk,3973
711,38,3,128718.78,1,114793.45,Spain,Male,0,0,0,0.97965086,High Risk,3974
761,27,8,0.0,2,63297.7,Spain,Male,0,1,0,0.99945956,High Risk,3975
535,49,3,0.0,1,61820.41,France,Female,0,0,1,0.98570514,High Risk,3976
566,22,7,144954.75,2,102246.0,Germany,Male,0,1,0,0.9613906,High Risk,3977
620,21,9,0.0,2,154882.79,Spain,Male,0,0,0,0.9877243,High Risk,3978
837,37,6,94001.61,2,140723.05,Germany,Male,0,1,0,0.99905926,High Risk,3979
685,40,7,0.0,1,72852.74,France,Female,0,1,1,0.9365845,High Risk,3980
673,65,0,0.0,1,85733.33,France,Male,1,1,0,0.93035305,High Risk,3981
638,24,1,0.0,2,162597.15,France,Male,1,0,0,0.99597067,High Risk,3982
614,46,4,0.0,1,74379.57,France,Male,0,1,1,0.83637416,High Risk,3983
626,44,2,0.0,1,173117.22,France,Female,1,0,1,0.7021165,High Risk,3984
834,38,8,0.0,2,66485.26,Spain,Male,1,1,0,0.6372986,Medium Risk,3985
691,24,6,0.0,2,92811.2,France,Male,1,1,0,0.5301525,Medium Risk,3986
706,38,8,0.0,2,46635.11,Spain,Male,1,0,0,0.48848805,Medium Risk,3987
633,37,7,141546.35,1,124830.11,France,Male,1,1,0,0.6130632,Medium Risk,3988
644,32,8,141528.88,1,167087.34,Germany,Female,1,1,1,0.6294476,Medium Risk,3989
666,30,7,109805.3,1,163625.56,France,Male,1,0,0,0.53327465,Medium Risk,3990
708,32,10,86614.06,2,172129.26,France,Male,1,1,0,0.9798269,High Risk,3991
496,59,7,91680.1,2,163141.18,Germany,Female,0,1,1,0.99419725,High Risk,3992
730,38,0,38848.19,2,94003.11,Germany,Male,0,0,0,0.34901834,Low Risk,3993
696,40,3,153639.11,1,138351.68,Spain,Male,1,1,0,0.78342587,High Risk,3994
809,80,8,0.0,2,34164.05,Spain,Male,1,0,0,0.976253,High Risk,3995
701,33,7,123870.07,1,97794.71,Spain,Female,0,1,0,0.9968976,High Risk,3996
604,30,5,0.0,2,75786.55,France,Male,0,1,0,0.97418165,High Risk,3997
665,39,10,46323.57,1,136812.02,France,Male,0,1,0,0.7305995,High Risk,3998
639,60,5,162039.78,1,84361.72,France,Female,1,1,1,0.8225038,High Risk,3999
696,19,1,110928.51,1,2766.63,France,Male,1,1,0,0.9885787,High Risk,4000
520,38,5,0.0,2,163185.76,France,Male,0,1,0,0.968322,High Risk,4001
545,53,5,114421.55,1,180598.28,Germany,Male,0,1,1,0.9087102,High Risk,4002
634,29,8,130036.21,2,69849.55,Germany,Female,1,0,0,0.758497,High Risk,4003
750,26,1,151510.17,2,19921.72,France,Female,1,1,0,0.5881292,Medium Risk,4004
530,41,4,0.0,2,147606.71,Spain,Female,1,0,0,0.6336259,Medium Risk,4005
589,59,2,0.0,2,126160.24,France,Female,1,1,1,0.985836,High Risk,4006
654,37,6,83568.55,1,47046.72,France,Male,0,1,0,0.9805135,High Risk,4007
648,43,7,139972.18,1,143668.58,France,Female,0,1,0,0.9772397,High Risk,4008
835,45,3,100212.13,1,152577.62,Spain,Male,0,1,0,0.98289686,High Risk,4009
446,39,1,90217.07,1,191350.48,France,Female,0,1,0,0.36545727,Low Risk,4010
514,66,9,0.0,2,14234.31,Spain,Male,1,1,0,0.7255311,High Risk,4011
694,33,4,124067.32,1,77906.87,Germany,Male,1,1,0,0.46466255,Medium Risk,4012
554,46,4,0.0,2,57320.92,Spain,Male,1,0,0,0.9962314,High Risk,4013
720,57,1,162082.31,4,27145.73,Germany,Female,0,0,1,0.50685626,Medium Risk,4014
641,51,2,117306.69,4,26912.72,Germany,Female,1,1,1,0.9160413,High Risk,4015
813,32,1,122889.88,1,26476.18,France,Male,1,1,0,0.7593675,High Risk,4016
480,40,6,148790.61,1,79329.7,France,Male,1,0,0,0.995242,High Risk,4017
811,46,9,180226.24,1,13464.64,France,Male,0,1,1,0.9908222,High Risk,4018
715,32,3,104857.19,2,114149.8,Germany,Female,0,1,0,0.24004652,Low Risk,4019
620,31,2,166833.86,2,135171.6,Spain,Male,1,1,0,0.9924723,High Risk,4020
721,42,4,102936.72,1,1187.88,France,Male,0,0,0,0.9798269,High Risk,4021
772,48,6,108736.52,1,184564.67,Germany,Female,0,1,1,0.8784826,High Risk,4022
680,44,0,129974.79,2,33391.38,Germany,Male,1,1,0,0.98959154,High Risk,4023
535,38,8,85982.07,1,9238.35,France,Male,0,1,0,0.99406743,High Risk,4024
655,20,7,134397.61,1,28029.54,France,Female,0,0,0,0.63972473,Medium Risk,4025
660,63,8,137841.53,1,42790.29,France,Male,1,1,0,0.7255311,High Risk,4026
762,56,10,100260.88,3,77142.42,Germany,Male,1,1,1,0.48069128,Medium Risk,4027
662,39,5,139822.11,2,146219.9,Germany,Male,1,1,0,0.9908222,High Risk,4028
463,41,8,123151.51,2,70127.93,Germany,Female,0,1,0,0.9733847,High Risk,4029
501,27,4,95331.83,2,132104.76,Germany,Male,0,1,0,0.4505659,Medium Risk,4030
603,42,6,0.0,1,90437.87,Spain,Female,1,1,0,0.34901834,Low Risk,4031
688,37,7,138162.41,2,113926.31,Spain,Male,1,1,0,0.542692,Medium Risk,4032
430,38,9,0.0,2,12050.77,France,Male,1,1,0,0.9886742,High Risk,4033
632,48,6,126066.26,1,64345.61,Germany,Male,0,1,1,0.43738797,Medium Risk,4034
601,42,4,96763.89,1,199242.65,Spain,Female,1,1,0,0.9990829,High Risk,4035
769,38,2,0.0,2,75578.67,France,Female,0,0,0,0.98155427,High Risk,4036
551,42,2,139561.46,1,43435.43,France,Male,0,1,1,0.9994137,High Risk,4037
841,52,5,0.0,1,183239.71,France,Female,0,0,1,0.98875964,High Risk,4038
469,31,6,0.0,1,146213.75,Spain,Female,0,1,1,0.56330204,Medium Risk,4039
479,27,2,172463.45,1,40315.27,Spain,Male,1,1,0,0.98959154,High Risk,4040
701,37,8,107798.85,1,16966.73,France,Male,0,1,0,0.9693002,High Risk,4041
593,36,2,70181.48,2,80608.12,France,Male,0,1,0,0.6911414,Medium Risk,4042
738,38,5,177997.07,1,19233.41,Spain,Male,1,0,0,0.99245787,High Risk,4043
635,31,1,0.0,2,135382.23,Spain,Male,0,1,0,0.60360426,Medium Risk,4044
658,32,8,0.0,1,80410.68,France,Male,1,1,0,0.99639374,High Risk,4045
687,36,5,0.0,1,17696.22,Spain,Female,0,1,0,0.9926664,High Risk,4046
650,37,9,0.0,2,17974.08,France,Male,0,1,0,0.3508252,Low Risk,4047
720,21,2,123200.78,1,180712.28,Spain,Male,1,1,0,0.9449375,High Risk,4048
602,63,7,0.0,2,56323.21,France,Female,1,1,0,0.18318346,Low Risk,4049
618,33,4,0.0,2,77550.18,Spain,Male,1,1,0,0.74458116,High Risk,4050
803,41,9,137742.9,2,166957.82,Germany,Male,1,1,0,0.80772245,High Risk,4051
793,63,9,116270.72,1,184243.25,France,Female,1,1,0,0.7111133,High Risk,4052
616,41,10,113220.2,2,114072.91,Germany,Male,1,1,0,0.9599864,High Risk,4053
550,51,5,0.0,2,153917.41,Spain,Male,0,1,0,0.98279095,High Risk,4054
602,56,3,115895.22,3,4176.17,France,Female,0,1,1,0.6147775,Medium Risk,4055
452,60,6,121730.49,1,142963.29,France,Female,1,1,0,0.6872494,Medium Risk,4056
655,28,3,113811.85,2,76844.23,Spain,Female,1,0,0,0.98895055,High Risk,4057
510,26,6,136214.08,1,159742.33,France,Female,0,0,0,0.9692657,High Risk,4058
557,39,8,146200.01,1,177944.64,France,Male,0,1,0,0.53327465,Medium Risk,4059
676,37,10,106242.67,1,166678.28,France,Male,1,1,0,0.99878305,High Risk,4060
640,29,4,0.0,2,44904.26,France,Female,0,1,0,0.97403854,High Risk,4061
529,31,6,0.0,1,10625.91,Spain,Male,0,1,0,0.5867379,Medium Risk,4062
559,45,8,24043.45,1,169781.45,France,Male,1,0,1,0.9185739,High Risk,4063
689,58,5,0.0,2,49848.86,France,Female,1,0,0,0.7096556,High Risk,4064
626,39,10,132287.92,3,51467.92,Germany,Male,1,1,1,0.99824595,High Risk,4065
697,30,1,0.0,2,735.79,Spain,Male,0,0,0,0.9145449,High Risk,4066
823,44,1,0.0,2,182495.7,France,Female,1,0,0,0.8477107,High Risk,4067
565,32,4,90322.99,2,118740.37,Germany,Female,1,0,0,0.97403854,High Risk,4068
631,23,3,0.0,2,13813.24,Spain,Male,0,1,0,0.98680854,High Risk,4069
646,34,3,131283.11,1,130500.65,France,Female,0,0,0,0.8455802,High Risk,4070
676,48,1,131659.59,2,14152.15,Spain,Male,1,0,0,0.9949615,High Risk,4071
850,54,4,120952.74,1,66963.15,Spain,Female,0,1,0,0.9250282,High Risk,4072
810,38,9,153166.17,1,93261.69,France,Female,1,1,0,0.98369133,High Risk,4073
581,30,0,53291.86,1,196582.28,Spain,Male,0,0,0,0.98835886,High Risk,4074
718,35,2,167924.95,1,43024.64,France,Female,0,1,0,0.48848805,Medium Risk,4075
713,43,5,86394.14,1,130001.13,France,Male,1,1,0,0.9992011,High Risk,4076
672,50,1,0.0,1,12106.82,France,Female,0,1,1,0.64452404,Medium Risk,4077
781,33,3,0.0,2,42556.33,Spain,Male,1,1,0,0.6609142,Medium Risk,4078
656,47,1,0.0,2,197961.93,Spain,Male,1,1,0,0.99217457,High Risk,4079
583,31,4,158978.79,1,12538.92,France,Female,0,1,0,0.99538594,High Risk,4080
808,37,2,100431.84,1,35140.49,Germany,Female,0,1,1,0.2330935,Low Risk,4081
721,33,5,0.0,2,117626.9,Spain,Male,1,0,0,0.99401045,High Risk,4082
778,29,6,150358.97,1,62454.01,Germany,Female,0,1,1,0.72445923,High Risk,4083
850,45,4,114347.85,2,109089.04,Spain,Female,1,1,0,0.83637416,High Risk,4084
693,39,4,0.0,2,142331.39,France,Female,1,0,0,0.48848805,Medium Risk,4085
520,34,4,134007.9,1,193209.11,France,Male,1,1,0,0.67136395,Medium Risk,4086
759,31,4,98899.91,1,47832.82,Germany,Male,1,1,0,0.76263154,High Risk,4087
637,60,3,0.0,2,70174.03,France,Male,1,1,0,0.9630153,High Risk,4088
755,40,2,137430.82,2,176768.59,Germany,Male,0,0,0,0.74590164,High Risk,4089
662,47,6,0.0,2,129392.75,France,Female,1,1,0,0.89453584,High Risk,4090
503,37,8,0.0,2,97893.32,France,Female,1,1,0,0.44086578,Medium Risk,4091
599,39,2,188976.89,2,176142.09,Germany,Male,1,0,0,0.9920753,High Risk,4092
583,40,4,0.0,2,114093.73,Spain,Female,0,1,0,0.9751516,High Risk,4093
764,48,1,75990.97,1,158323.81,Spain,Female,0,1,1,0.75235176,High Risk,4094
513,29,10,0.0,2,25514.77,France,Male,1,0,0,0.650961,Medium Risk,4095
730,62,5,112181.08,1,61513.87,Spain,Male,1,0,0,0.82823545,High Risk,4096
820,34,10,97208.46,1,59553.34,Spain,Male,1,1,0,0.98875964,High Risk,4097
597,26,7,0.0,2,110253.2,Spain,Female,0,1,0,0.9934088,High Risk,4098
637,32,5,0.0,1,148769.08,France,Male,0,0,0,0.74535286,High Risk,4099
696,34,9,150856.79,1,8236.78,France,Male,1,0,0,0.83774173,High Risk,4100
635,37,9,146748.07,1,11407.58,Germany,Female,1,0,0,0.70076746,High Risk,4101
673,57,4,0.0,2,49684.09,Spain,Female,1,1,0,0.46466255,Medium Risk,4102
662,33,3,0.0,2,68064.83,Spain,Male,1,0,0,0.62754667,Medium Risk,4103
683,41,0,148863.17,1,163911.32,Spain,Male,1,1,0,0.99823594,High Risk,4104
850,55,6,0.0,1,944.41,France,Male,0,1,1,0.5352483,Medium Risk,4105
815,28,6,0.0,2,185547.71,Spain,Male,1,0,0,0.9623019,High Risk,4106
671,34,10,153360.02,1,140509.86,Spain,Male,0,1,0,0.6710051,Medium Risk,4107
601,40,3,92055.36,1,164652.02,France,Female,1,0,1,0.99401045,High Risk,4108
709,39,9,124723.92,1,73641.86,Germany,Female,0,1,0,0.76711756,High Risk,4109
702,28,1,103033.83,1,40321.87,Germany,Male,1,1,0,0.9885787,High Risk,4110
558,40,6,0.0,2,173844.89,France,Male,0,1,0,0.6609142,Medium Risk,4111
691,40,1,0.0,2,145613.17,Spain,Male,1,1,0,0.6734849,Medium Risk,4112
700,30,9,0.0,1,174971.64,France,Female,1,1,0,0.43144652,Medium Risk,4113
667,33,4,0.0,2,131834.75,France,Male,1,1,0,0.9811122,High Risk,4114
624,54,3,116726.22,1,110498.1,Germany,Male,0,1,1,0.98895055,High Risk,4115
580,23,5,113923.81,2,196241.43,France,Female,0,0,0,0.4505659,Medium Risk,4116
571,31,3,0.0,2,194667.92,Spain,Female,1,1,0,0.994829,High Risk,4117
561,37,5,0.0,2,83093.25,France,Male,0,1,0,0.6930205,Medium Risk,4118
529,28,9,0.0,2,52545.24,France,Male,1,1,0,0.997682,High Risk,4119
670,36,7,0.0,2,59571.5,France,Male,0,0,0,0.8364721,High Risk,4120
666,21,1,121827.43,2,99818.31,Germany,Female,1,1,0,0.2330935,Low Risk,4121
628,42,7,0.0,2,172967.87,Spain,Male,1,0,0,0.4458471,Medium Risk,4122
577,60,10,125389.7,2,178616.73,France,Male,1,1,0,0.62675023,Medium Risk,4123
652,38,1,103895.31,1,159649.44,Spain,Female,1,0,0,0.9908049,High Risk,4124
678,26,5,111128.04,1,60941.27,France,Male,0,1,1,0.9920753,High Risk,4125
692,49,9,0.0,2,178342.63,Spain,Female,0,1,0,0.9440024,High Risk,4126
675,32,10,0.0,2,191545.65,Spain,Male,0,1,0,0.14860974,Low Risk,4127
712,52,9,0.0,1,117977.45,Spain,Male,1,1,1,0.8467937,High Risk,4128
639,37,5,151242.48,1,49637.65,Germany,Female,1,0,0,0.99483573,High Risk,4129
618,48,7,0.0,1,13921.82,France,Male,0,1,1,0.9601767,High Risk,4130
554,39,2,129709.62,1,173197.12,France,Male,0,1,0,0.48848805,Medium Risk,4131
533,47,9,83347.25,1,137696.25,France,Male,1,1,0,0.6717305,Medium Risk,4132
540,28,6,84121.04,1,80698.54,Spain,Female,1,0,0,0.968578,High Risk,4133
704,33,3,0.0,2,73018.74,Spain,Male,0,1,0,0.7317037,High Risk,4134
678,43,5,102338.19,1,79649.62,France,Male,1,1,0,0.98680854,High Risk,4135
712,29,3,87375.78,2,166194.53,France,Female,0,0,0,0.99125457,High Risk,4136
651,44,2,0.0,3,102530.35,France,Male,0,1,1,0.9943399,High Risk,4137
789,51,3,104677.09,1,74265.38,Germany,Male,0,1,0,0.67683434,Medium Risk,4138
775,32,8,121669.23,1,125898.39,Germany,Male,1,0,0,0.6729253,Medium Risk,4139
564,40,7,108407.34,1,83681.2,Germany,Male,1,1,0,0.9225411,High Risk,4140
841,33,7,154969.79,2,99505.75,Germany,Female,1,1,0,0.7615339,High Risk,4141
850,39,0,141829.67,1,92748.16,Spain,Male,1,1,0,0.99878305,High Risk,4142
637,63,5,0.0,1,28092.77,France,Female,0,1,1,0.42200515,Medium Risk,4143
500,45,2,109162.82,1,126145.08,France,Male,1,1,0,0.5867379,Medium Risk,4144
655,44,8,87471.63,1,188593.98,France,Male,1,0,0,0.7497031,High Risk,4145
666,33,2,147229.65,1,56410.17,France,Female,1,1,0,0.90999573,High Risk,4146
658,24,2,0.0,2,84694.49,France,Female,1,1,0,0.438148,Medium Risk,4147
749,66,6,182532.23,2,195429.92,Germany,Male,1,1,0,0.4965977,Medium Risk,4148
654,32,6,0.0,2,137898.57,France,Male,1,1,0,0.9959182,High Risk,4149
623,39,1,160903.2,1,78774.36,France,Female,0,0,0,0.98366064,High Risk,4150
761,33,6,138053.79,2,148779.41,France,Female,0,1,0,0.99042845,High Risk,4151
627,44,6,153548.12,1,35300.08,France,Male,0,0,1,0.5254974,Medium Risk,4152
757,31,8,149085.9,2,197077.36,Germany,Male,1,1,0,0.9962023,High Risk,4153
695,53,8,95231.91,1,70140.8,Germany,Female,0,0,1,0.9885787,High Risk,4154
726,34,3,0.0,2,196288.46,France,Male,0,1,0,0.9836053,High Risk,4155
587,41,8,85109.21,1,1557.82,Spain,Male,0,1,0,0.9918955,High Risk,4156
605,43,8,125338.8,2,23970.13,Germany,Female,0,1,0,0.48487663,Medium Risk,4157
850,62,5,0.0,2,180243.56,Spain,Male,1,1,0,0.83457154,High Risk,4158
850,38,0,106831.69,1,148977.72,France,Female,1,0,0,0.985836,High Risk,4159
751,29,3,159597.45,1,39934.41,France,Male,0,1,0,0.5697558,Medium Risk,4160
627,37,7,147361.57,1,133031.96,Germany,Female,1,1,0,0.7317037,High Risk,4161
736,43,4,176134.54,1,52856.88,France,Male,1,1,0,0.9372075,High Risk,4162
652,74,5,0.0,2,937.15,France,Female,1,1,0,0.8691923,High Risk,4163
627,35,7,0.0,2,193022.44,France,Female,1,0,0,0.9930207,High Risk,4164
636,34,1,84055.43,1,37490.84,France,Male,0,0,0,0.5294213,Medium Risk,4165
775,60,7,0.0,2,111558.7,France,Male,1,1,0,0.99563134,High Risk,4166
850,45,5,174088.3,4,5669.31,Spain,Female,0,1,1,0.9972518,High Risk,4167
850,34,8,199229.14,1,68106.29,Spain,Male,0,0,0,0.9960175,High Risk,4168
516,37,8,0.0,1,101834.58,France,Male,0,1,0,0.64989537,Medium Risk,4169
513,42,10,0.0,2,73151.25,Spain,Female,1,0,0,0.72217065,High Risk,4170
673,69,3,78833.15,2,37196.15,Germany,Female,1,1,0,0.9990134,High Risk,4171
564,27,6,0.0,1,7819.76,France,Female,0,0,0,0.7937734,High Risk,4172
636,35,2,0.0,2,23129.46,France,Female,1,1,0,0.4458471,Medium Risk,4173
712,29,3,102540.61,1,189680.79,France,Male,1,1,0,0.68425333,Medium Risk,4174
568,51,4,0.0,3,66586.56,France,Male,1,1,0,0.796367,High Risk,4175
741,43,0,0.0,2,2920.63,Spain,Male,1,1,1,0.79087275,High Risk,4176
754,39,8,129401.87,1,87684.93,Germany,Female,1,1,0,0.6734849,Medium Risk,4177
709,32,7,0.0,2,199418.02,France,Female,1,1,0,0.9445882,High Risk,4178
510,32,1,0.0,2,28515.17,France,Female,1,0,0,0.09324729,Low Risk,4179
716,33,2,0.0,2,92916.53,Spain,Male,1,1,0,0.98574764,High Risk,4180
607,36,10,106702.94,2,198313.69,Germany,Male,0,0,0,0.9864677,High Risk,4181
656,26,4,139584.57,1,36308.93,Spain,Male,0,1,0,0.67136395,Medium Risk,4182
550,52,5,121016.23,1,41730.37,Germany,Male,1,1,1,0.5939666,Medium Risk,4183
486,26,2,0.0,2,31399.4,France,Male,1,1,0,0.99222285,High Risk,4184
598,59,8,118210.42,2,60192.14,Germany,Male,0,0,1,0.97382563,High Risk,4185
675,35,8,0.0,2,29062.25,Spain,Male,0,1,0,0.7788665,High Risk,4186
755,29,4,148654.84,2,28805.09,France,Female,1,1,0,0.95522803,High Risk,4187
656,32,5,136963.12,1,133814.28,Spain,Male,0,1,0,0.968322,High Risk,4188
644,47,9,137774.11,2,151902.78,Germany,Male,0,1,0,0.5783935,Medium Risk,4189
598,32,4,111156.52,1,167376.26,France,Female,1,1,0,0.8187206,High Risk,4190
850,31,3,121237.65,1,31022.56,Spain,Female,1,1,0,0.977459,High Risk,4191
679,36,1,97234.58,1,188997.08,France,Male,0,1,0,0.74137616,High Risk,4192
632,60,2,0.0,2,2085.32,France,Male,1,0,0,0.7450863,High Risk,4193
550,45,0,0.0,2,70399.71,Spain,Male,1,0,0,0.5697558,Medium Risk,4194
572,54,9,97382.53,1,195771.95,Germany,Female,1,1,0,0.6569083,Medium Risk,4195
626,47,2,103108.8,1,166475.44,Germany,Female,1,0,1,0.9954335,High Risk,4196
625,57,7,0.0,1,84106.17,Spain,Female,0,0,1,0.98844004,High Risk,4197
515,58,2,131852.81,1,81436.68,France,Female,0,1,1,0.6609142,Medium Risk,4198
612,35,1,0.0,1,83256.26,Spain,Male,1,1,1,0.97172,High Risk,4199
628,39,8,107553.33,1,117523.41,Spain,Female,0,1,0,0.9954335,High Risk,4200
529,43,5,0.0,2,79476.63,Spain,Female,0,0,0,0.5697558,Medium Risk,4201
668,46,7,161806.09,1,173052.19,Germany,Female,1,1,0,0.99576974,High Risk,4202
526,30,9,0.0,2,100995.68,France,Male,0,0,0,0.88541204,High Risk,4203
791,52,7,0.0,1,122782.5,France,Female,1,1,0,0.58094805,Medium Risk,4204
573,27,2,128243.03,1,11631.34,France,Male,1,1,0,0.5783935,Medium Risk,4205
565,38,5,126645.13,1,168303.55,France,Female,1,1,0,0.99472284,High Risk,4206
604,47,8,62094.71,3,9308.1,France,Female,0,0,1,0.9692657,High Risk,4207
656,37,7,112291.34,1,153157.97,France,Male,0,1,0,0.75304174,High Risk,4208
447,44,5,89188.83,1,75408.24,France,Female,1,1,0,0.9885787,High Risk,4209
682,55,9,0.0,1,153356.8,France,Male,0,1,1,0.95522803,High Risk,4210
437,28,2,109161.25,1,152987.42,Spain,Male,0,1,0,0.88218397,High Risk,4211
792,47,0,0.0,1,5557.88,Spain,Male,1,1,1,0.54119945,Medium Risk,4212
627,25,4,0.0,1,194313.93,Spain,Female,1,1,0,0.99866176,High Risk,4213
767,34,8,0.0,2,94767.77,France,Female,0,1,0,0.9934236,High Risk,4214
686,26,7,0.0,2,1540.89,France,Male,0,1,0,0.7993089,High Risk,4215
789,53,1,158271.74,1,5036.39,France,Female,1,1,1,0.87773156,High Risk,4216
794,56,9,96951.21,1,71776.76,France,Male,1,1,0,0.61463976,Medium Risk,4217
587,35,5,121863.61,1,23481.69,Germany,Male,1,1,1,0.6099044,Medium Risk,4218
589,19,9,83495.11,1,143022.31,Germany,Female,1,1,1,0.76891273,High Risk,4219
543,25,1,146566.01,1,161407.48,Germany,Female,1,0,0,0.9969734,High Risk,4220
589,45,1,0.0,1,125939.22,Spain,Female,0,0,1,0.72711,High Risk,4221
701,23,5,186101.18,2,76611.33,Germany,Male,1,1,0,0.99563,High Risk,4222
850,40,6,0.0,1,136985.08,France,Male,0,1,1,0.9798269,High Risk,4223
726,51,8,107494.86,2,140937.91,Germany,Female,0,1,1,0.9856145,High Risk,4224
767,47,2,0.0,1,48161.18,Spain,Male,0,1,1,0.39078698,Low Risk,4225
648,36,8,146943.38,2,130041.45,Spain,Male,1,1,0,0.98875964,High Risk,4226
651,36,8,0.0,2,91652.43,Spain,Female,0,1,0,0.98680854,High Risk,4227
633,36,6,125130.28,1,125961.48,France,Female,0,0,0,0.85487115,High Risk,4228
740,37,9,0.0,2,73225.31,France,Female,1,1,0,0.82112795,High Risk,4229
592,34,9,0.0,2,20460.2,France,Female,1,1,0,0.99866176,High Risk,4230
670,41,10,0.0,3,81602.02,France,Female,0,1,0,0.62809825,Medium Risk,4231
628,36,3,0.0,2,8742.91,France,Male,1,1,0,0.9934088,High Risk,4232
745,47,5,0.0,2,145789.71,France,Male,0,0,0,0.9934088,High Risk,4233
705,32,3,0.0,2,129576.99,France,Male,0,0,0,0.74590164,High Risk,4234
559,42,7,0.0,2,190040.29,France,Female,1,1,0,0.9882168,High Risk,4235
595,29,6,150685.79,1,87771.06,France,Male,0,1,0,0.985836,High Risk,4236
492,35,4,141359.37,2,39519.53,France,Male,0,1,0,0.9961876,High Risk,4237
498,29,9,0.0,1,190035.83,France,Female,0,1,0,0.5783935,Medium Risk,4238
655,39,6,94631.26,2,148948.52,France,Female,1,1,0,0.9805135,High Risk,4239
636,39,3,118336.14,1,184691.77,France,Female,0,1,0,0.74590164,High Risk,4240
634,45,2,0.0,1,143458.31,France,Female,1,1,0,0.8974666,High Risk,4241
793,63,0,0.0,2,27166.75,Spain,Male,1,0,0,0.63643175,Medium Risk,4242
526,50,5,124233.24,1,159456.87,Germany,Male,1,0,1,0.84502864,High Risk,4243
768,26,5,51116.26,1,70454.79,France,Female,1,1,1,0.84856457,High Risk,4244
540,64,1,91869.69,1,95421.0,Germany,Male,1,0,0,0.98366064,High Risk,4245
732,34,8,122338.43,2,187985.85,France,Female,0,1,0,0.820937,High Risk,4246
617,30,8,0.0,1,92621.9,France,Female,1,1,0,0.5881292,Medium Risk,4247
637,54,5,0.0,1,150836.98,Spain,Female,1,0,0,0.68148535,Medium Risk,4248
573,26,8,86270.93,2,90177.3,France,Male,1,1,0,0.6261376,Medium Risk,4249
531,44,3,0.0,2,34416.79,France,Male,1,1,0,0.9940217,High Risk,4250
489,38,5,117289.92,1,85231.88,France,Female,0,0,0,0.30895284,Low Risk,4251
601,35,2,0.0,2,118983.18,France,Male,1,1,0,0.9878477,High Risk,4252
452,33,7,153663.27,1,111868.23,Germany,Male,0,1,0,0.76521814,High Risk,4253
728,29,1,0.0,1,83056.22,Spain,Female,1,1,0,0.9939177,High Risk,4254
590,27,8,123599.49,2,1676.92,Germany,Female,0,1,0,0.9947924,High Risk,4255
490,29,4,0.0,2,32089.57,France,Male,0,1,0,0.6091209,Medium Risk,4256
596,76,9,134208.25,1,13455.43,Spain,Female,1,1,0,0.9671931,High Risk,4257
635,29,1,0.0,1,24865.54,France,Male,1,0,0,0.9953483,High Risk,4258
782,35,7,98556.89,2,117644.36,Germany,Male,0,1,0,0.9983367,High Risk,4259
790,37,3,0.0,3,98897.32,Spain,Female,0,0,0,0.43772563,Medium Risk,4260
587,40,2,0.0,4,106174.7,France,Male,1,0,1,0.85388577,High Risk,4261
794,46,8,134593.79,1,46386.37,Spain,Female,1,1,0,0.43144652,Medium Risk,4262
515,41,8,0.0,2,185054.14,France,Male,1,1,0,0.7122948,High Risk,4263
746,24,10,68781.82,1,47997.39,Spain,Male,1,0,0,0.9798269,High Risk,4264
667,56,8,137464.04,1,130846.79,Germany,Female,0,1,1,0.75807047,High Risk,4265
709,32,4,147307.91,1,40861.55,France,Male,1,0,0,0.9961876,High Risk,4266
536,35,8,0.0,1,171840.24,France,Female,0,1,1,0.6998134,Medium Risk,4267
711,41,3,145754.91,1,101455.07,France,Female,1,1,0,0.99597067,High Risk,4268
753,46,8,0.0,3,90747.94,France,Male,0,1,1,0.73191637,High Risk,4269
748,44,4,112610.77,1,2048.55,France,Male,1,0,0,0.75304174,High Risk,4270
623,57,7,71481.79,2,84421.34,France,Female,1,1,0,0.7459995,High Risk,4271
465,33,5,0.0,2,78698.09,France,Male,1,0,0,0.43738797,Medium Risk,4272
640,34,3,77826.8,1,168544.85,Spain,Female,1,1,0,0.57582986,Medium Risk,4273
562,75,5,87140.85,1,39351.64,France,Male,1,1,0,0.8906842,High Risk,4274
502,42,0,132002.7,1,28204.98,Germany,Female,1,0,1,0.98959154,High Risk,4275
536,32,7,178011.5,2,22375.14,France,Male,0,1,0,0.7146422,High Risk,4276
670,32,4,102954.68,2,134942.45,Germany,Female,1,0,0,0.41440976,Medium Risk,4277
775,51,2,123783.25,1,134901.57,Germany,Male,1,1,0,0.9931815,High Risk,4278
759,30,4,101802.67,1,8693.8,Germany,Male,0,0,0,0.99042845,High Risk,4279
604,33,3,148659.48,1,42437.75,France,Male,0,0,0,0.83388656,High Risk,4280
766,62,7,142724.48,1,5893.23,Germany,Female,1,0,1,0.80764085,High Risk,4281
554,41,4,112152.89,1,36242.19,Spain,Female,1,0,0,0.8192765,High Risk,4282
487,53,10,89550.85,1,90076.85,France,Female,1,0,0,0.97418165,High Risk,4283
725,35,7,75915.75,1,150507.43,France,Male,0,1,0,0.99160755,High Risk,4284
732,42,2,118889.66,2,87422.15,Germany,Female,0,0,0,0.9692657,High Risk,4285
623,40,5,118788.57,1,192867.4,France,Male,0,1,0,0.73410094,High Risk,4286
781,42,3,156555.54,1,175674.01,France,Female,1,1,0,0.8923003,High Risk,4287
714,53,1,99141.86,1,72496.05,Germany,Male,1,1,1,0.5697558,Medium Risk,4288
577,31,4,61211.18,1,145250.43,Germany,Female,1,1,0,0.47031412,Medium Risk,4289
731,37,1,128932.4,1,180712.52,Spain,Female,1,1,0,0.54119945,Medium Risk,4290
650,23,5,0.0,1,180622.43,Spain,Female,1,1,0,0.9908049,High Risk,4291
779,32,10,80728.15,1,86306.75,France,Male,0,1,0,0.9393093,High Risk,4292
706,46,2,127660.46,2,150156.82,Spain,Female,0,1,1,0.4366757,Medium Risk,4293
733,44,3,106070.89,1,101617.43,Spain,Male,1,0,0,0.6923401,Medium Risk,4294
579,42,3,137560.38,2,85424.34,Germany,Female,1,1,0,0.7497707,High Risk,4295
476,34,8,111905.43,1,197221.81,Germany,Female,1,0,1,0.9908049,High Risk,4296
775,40,9,126212.64,1,70196.57,France,Male,0,1,0,0.9599864,High Risk,4297
538,68,9,0.0,2,110440.5,Spain,Male,0,1,1,0.9692657,High Risk,4298
602,38,7,111835.94,2,124389.61,France,Male,0,1,0,0.99577516,High Risk,4299
615,30,8,0.0,2,3183.15,France,Male,0,0,0,0.9892306,High Risk,4300
700,28,3,99705.69,2,146723.72,Germany,Female,0,0,0,0.99951315,High Risk,4301
615,32,1,0.0,2,2139.25,France,Male,0,0,0,0.99213916,High Risk,4302
544,44,2,108895.93,1,69228.2,Germany,Male,0,0,1,0.4366757,Medium Risk,4303
573,56,3,154669.77,1,115462.27,Spain,Male,1,0,1,0.6049139,Medium Risk,4304
555,50,7,128061.0,2,62375.1,Spain,Male,1,1,0,0.99795073,High Risk,4305
692,31,2,0.0,2,91829.17,France,Female,0,1,1,0.99845815,High Risk,4306
476,40,4,0.0,2,182547.04,France,Female,0,0,0,0.4802039,Medium Risk,4307
770,46,9,190678.02,1,14725.36,Spain,Male,1,1,0,0.9973182,High Risk,4308
641,40,7,0.0,1,126996.67,France,Female,0,1,0,0.9973182,High Risk,4309
705,35,5,0.0,1,133991.11,France,Female,0,1,1,0.7889046,High Risk,4310
784,38,5,136712.91,1,169920.92,France,Male,1,0,0,0.980553,High Risk,4311
727,52,1,154733.97,1,80259.67,Spain,Female,0,1,1,0.98680854,High Risk,4312
576,41,4,112609.91,1,191035.18,France,Female,0,0,1,0.9838524,High Risk,4313
646,69,10,115462.44,1,40421.87,Spain,Male,0,1,0,0.5867379,Medium Risk,4314
638,34,5,133501.36,1,155643.04,France,Male,1,0,0,0.9026871,High Risk,4315
632,30,1,58668.02,1,78670.52,Germany,Male,1,1,0,0.9863305,High Risk,4316
850,44,7,89118.26,1,104240.77,Spain,Male,0,1,1,0.99828124,High Risk,4317
492,28,9,0.0,2,95957.09,France,Female,0,1,0,0.8654052,High Risk,4318
673,77,10,76510.52,2,59595.66,Germany,Female,1,0,0,0.9864677,High Risk,4319
609,34,7,140694.78,2,46266.63,Spain,Male,0,1,0,0.968322,High Risk,4320
701,36,7,95448.32,2,189085.07,Germany,Male,0,1,0,0.48848805,Medium Risk,4321
651,34,4,91562.99,1,123954.15,France,Male,1,1,0,0.97418165,High Risk,4322
508,31,8,72541.48,1,129803.08,France,Male,0,1,0,0.98304445,High Risk,4323
616,43,3,120867.18,1,18761.92,Spain,Female,0,1,1,0.99700266,High Risk,4324
489,34,5,0.0,1,43540.59,France,Male,0,0,0,0.9911561,High Risk,4325
567,45,1,157320.51,1,62193.92,Spain,Female,0,1,0,0.13229223,Low Risk,4326
714,27,3,0.0,3,129130.09,Spain,Male,1,1,0,0.83132625,High Risk,4327
678,30,1,139676.95,2,16146.0,Germany,Female,1,0,0,0.86725354,High Risk,4328
581,55,6,0.0,1,22442.13,France,Female,1,1,0,0.24952383,Low Risk,4329
748,60,3,0.0,2,78194.37,Spain,Male,1,1,0,0.9041069,High Risk,4330
781,19,3,0.0,2,124297.32,France,Female,1,1,0,0.3508252,Low Risk,4331
691,21,3,103000.94,1,104648.58,Spain,Male,1,1,0,0.48069128,Medium Risk,4332
507,31,2,134237.07,1,166423.66,Germany,Male,1,1,1,0.98299545,High Risk,4333
724,34,6,118235.7,2,157137.23,Germany,Male,0,0,0,0.6441104,Medium Risk,4334
705,57,3,0.0,2,34134.14,Spain,Female,1,1,0,0.74510556,High Risk,4335
708,64,5,0.0,3,112520.07,Spain,Female,1,0,1,0.9733847,High Risk,4336
580,38,9,115442.19,2,128481.5,Germany,Male,0,1,1,0.9980318,High Risk,4337
850,38,5,0.0,2,16491.64,France,Male,0,1,0,0.20558052,Low Risk,4338
714,25,2,0.0,1,132979.43,Spain,Male,1,1,0,0.8160334,High Risk,4339
559,43,1,0.0,2,196645.87,France,Female,1,1,0,0.59517825,Medium Risk,4340
577,44,8,115557.0,1,127506.76,Spain,Female,1,0,0,0.9798269,High Risk,4341
647,35,3,166518.63,2,147930.46,Germany,Female,0,1,0,0.39078698,Low Risk,4342
554,30,6,135370.12,1,179689.05,Spain,Male,1,1,1,0.98850006,High Risk,4343
549,54,5,92877.33,1,2619.64,Germany,Male,0,1,1,0.98895055,High Risk,4344
528,26,10,102073.67,2,166799.93,France,Female,0,0,0,0.41440976,Medium Risk,4345
720,46,3,97042.6,1,133516.51,Germany,Male,1,1,1,0.9599864,High Risk,4346
743,41,7,0.0,1,163736.09,Spain,Male,0,1,1,0.98574764,High Risk,4347
615,24,8,108528.07,2,179488.41,Germany,Male,0,0,1,0.71487874,High Risk,4348
635,44,2,79064.85,2,113291.75,Germany,Female,1,0,0,0.96484315,High Risk,4349
686,45,3,74274.87,3,64907.48,Spain,Male,0,1,1,0.99780875,High Risk,4350
840,36,6,0.0,2,141364.27,Spain,Female,0,1,0,0.8693306,High Risk,4351
695,43,1,100421.1,1,101141.28,France,Male,1,1,0,0.98248553,High Risk,4352
564,26,7,84006.88,2,183490.99,France,Male,0,0,0,0.9995413,High Risk,4353
805,31,4,0.0,2,4798.12,France,Female,0,1,0,0.9599864,High Risk,4354
558,45,4,0.0,1,131807.14,Spain,Male,0,1,0,0.9911379,High Risk,4355
657,39,4,80293.81,1,97192.76,France,Female,0,1,0,0.98680854,High Risk,4356
641,42,7,125437.14,2,164128.58,France,Female,0,0,0,0.9838238,High Risk,4357
755,36,8,0.0,2,176809.87,France,Male,0,1,0,0.8944445,High Risk,4358
483,48,1,0.0,2,110059.38,France,Male,1,1,0,0.9880294,High Risk,4359
545,44,2,127536.44,1,108398.63,Germany,Female,0,1,0,0.7128887,High Risk,4360
678,66,8,0.0,2,47117.03,France,Male,1,1,0,0.9922391,High Risk,4361
781,48,9,82794.18,1,124720.68,Germany,Female,0,1,1,0.8538799,High Risk,4362
571,22,3,108117.1,1,53328.7,Spain,Female,1,0,0,0.98875964,High Risk,4363
634,35,10,0.0,1,82634.41,Spain,Female,0,1,0,0.9733847,High Risk,4364
523,27,8,61688.61,2,147059.16,Germany,Male,0,1,0,0.9973857,High Risk,4365
501,40,2,0.0,2,141946.92,France,Female,0,0,0,0.9885787,High Risk,4366
662,74,6,0.0,2,123583.85,France,Male,0,1,0,0.76113087,High Risk,4367
573,50,0,159304.07,1,155915.24,Spain,Male,1,0,1,0.9853935,High Risk,4368
648,33,5,138664.24,1,29076.27,Germany,Male,0,1,0,0.71431667,High Risk,4369
662,22,2,126362.57,2,97382.8,France,Female,1,1,0,0.98901844,High Risk,4370
725,39,4,160652.45,2,57643.55,France,Male,0,1,0,0.7497031,High Risk,4371
563,35,2,183572.84,1,66006.75,France,Female,1,1,1,0.99285513,High Risk,4372
628,31,0,88421.81,1,72350.47,France,Male,0,0,0,0.9954335,High Risk,4373
546,45,2,0.0,1,197789.83,Spain,Female,0,0,1,0.6924696,Medium Risk,4374
688,41,2,112871.19,2,65520.74,Germany,Male,1,0,0,0.9944002,High Risk,4375
850,41,8,60880.68,1,31825.84,Germany,Male,0,1,0,0.9973182,High Risk,4376
614,34,5,0.0,2,185561.89,France,Female,0,1,0,0.9925298,High Risk,4377
719,37,9,101455.7,1,25803.59,France,Female,0,1,1,0.7279613,High Risk,4378
757,71,0,88084.13,2,154337.47,France,Female,1,1,0,0.44150388,Medium Risk,4379
669,29,7,0.0,2,138145.62,France,Male,1,1,0,0.9853935,High Risk,4380
438,59,7,127197.14,1,51565.98,Germany,Male,0,1,1,0.7459995,High Risk,4381
492,39,7,0.0,2,71323.23,France,Male,1,0,0,0.99496305,High Risk,4382
622,39,9,83456.79,2,38882.34,France,Female,0,0,0,0.6474422,Medium Risk,4383
645,42,4,98298.18,1,676.06,France,Male,1,1,0,0.9480922,High Risk,4384
728,37,0,0.0,2,72203.8,France,Male,1,1,0,0.9601767,High Risk,4385
651,35,2,86911.8,1,174094.24,France,Male,0,1,0,0.996375,High Risk,4386
783,42,2,139707.28,1,2150.22,Germany,Female,0,1,0,0.71725446,High Risk,4387
732,67,1,0.0,2,177783.04,Spain,Female,1,1,0,0.9911561,High Risk,4388
553,39,1,142876.98,2,44363.42,Spain,Female,0,1,0,0.99204355,High Risk,4389
660,30,7,146301.31,1,96847.91,France,Male,0,0,0,0.5783935,Medium Risk,4390
670,40,3,47364.45,1,148579.43,France,Female,1,1,1,0.9947924,High Risk,4391
718,38,7,0.0,2,38308.34,France,Male,0,1,0,0.86810875,High Risk,4392
787,51,0,58137.08,1,142538.31,France,Male,1,0,0,0.9892306,High Risk,4393
775,38,6,179886.41,2,153122.58,Germany,Female,0,0,0,0.6382677,Medium Risk,4394
479,24,6,107637.97,2,169505.83,Germany,Male,1,0,0,0.99318975,High Risk,4395
660,20,6,167685.56,1,57929.9,France,Female,0,1,0,0.9778741,High Risk,4396
721,68,4,136525.99,1,175399.14,Germany,Male,0,0,0,0.6729253,Medium Risk,4397
659,39,8,52106.33,2,107964.36,Germany,Male,1,1,0,0.99905926,High Risk,4398
743,39,8,0.0,1,94263.44,France,Female,0,1,0,0.9805135,High Risk,4399
670,45,9,104930.38,1,155921.81,France,Female,0,1,1,0.7146422,High Risk,4400
766,34,6,106434.94,1,137995.66,Germany,Female,1,0,1,0.98574466,High Risk,4401
845,38,2,112803.92,1,179631.85,Spain,Female,0,1,0,0.9798269,High Risk,4402
710,46,10,120530.34,1,166586.99,Germany,Female,0,1,1,0.97984993,High Risk,4403
602,43,2,113641.49,4,115116.35,Germany,Female,0,1,1,0.47496727,Medium Risk,4404
604,43,2,145081.72,1,23881.62,Spain,Male,1,1,0,0.36557052,Low Risk,4405
564,35,9,0.0,2,105837.38,Spain,Female,1,1,0,0.80379474,High Risk,4406
637,27,7,135842.89,1,101418.05,Germany,Female,1,1,0,0.98289686,High Risk,4407
527,31,1,112203.25,1,182266.01,France,Female,0,1,0,0.78942806,High Risk,4408
687,34,7,129895.19,1,28698.17,France,Male,1,0,0,0.7943819,High Risk,4409
756,41,6,149049.92,1,50422.36,Germany,Male,1,0,1,0.48069128,Medium Risk,4410
503,42,9,153279.39,1,151336.96,Germany,Male,1,1,0,0.95522803,High Risk,4411
657,42,5,41473.33,1,112979.6,Spain,Male,0,1,1,0.99881375,High Risk,4412
666,40,2,0.0,2,36371.27,France,Female,0,0,0,0.67136395,Medium Risk,4413
615,39,5,113193.51,2,52166.25,Germany,Male,1,1,0,0.9733847,High Risk,4414
712,27,8,113174.21,2,147261.58,Germany,Male,0,1,0,0.9995402,High Risk,4415
764,24,0,0.0,2,88724.49,France,Female,0,1,0,0.9601767,High Risk,4416
471,42,3,164951.56,1,190531.77,France,Male,0,1,0,0.3508252,Low Risk,4417
608,27,4,153325.1,1,199953.33,Spain,Male,1,1,0,0.97172,High Risk,4418
682,47,10,134032.01,1,144290.97,Spain,Female,0,1,0,0.5697558,Medium Risk,4419
587,32,3,125445.04,2,130514.78,Germany,Female,1,1,0,0.7450699,High Risk,4420
714,35,6,126077.43,2,53954.24,Germany,Female,1,1,0,0.5534067,Medium Risk,4421
630,31,1,0.0,2,169802.73,Spain,Female,1,1,0,0.64827466,Medium Risk,4422
648,28,8,90371.09,1,146851.73,Germany,Female,1,1,0,0.9566467,High Risk,4423
785,40,3,0.0,2,96832.82,France,Female,1,1,0,0.7694797,High Risk,4424
601,47,1,142802.02,1,57553.02,Germany,Female,1,1,0,0.8855648,High Risk,4425
717,28,1,90537.16,1,74800.99,France,Female,1,0,0,0.74590164,High Risk,4426
707,44,6,0.0,2,192542.17,France,Female,1,1,0,0.99421704,High Risk,4427
771,23,7,156123.73,1,72990.62,France,Female,0,1,0,0.99878305,High Risk,4428
602,35,5,0.0,2,31050.02,France,Female,0,1,0,0.98901844,High Risk,4429
626,38,7,141074.59,1,52795.56,France,Male,0,1,1,0.2780986,Low Risk,4430
588,59,4,0.0,2,27435.41,Spain,Male,1,1,0,0.9892306,High Risk,4431
616,42,6,117899.95,2,150266.81,Germany,Female,0,0,0,0.33265364,Low Risk,4432
621,33,4,0.0,2,40299.23,Spain,Male,1,1,0,0.49047288,Medium Risk,4433
674,26,6,166257.96,1,149369.41,France,Male,1,1,0,0.9920753,High Risk,4434
633,46,3,0.0,2,120250.58,Spain,Female,0,1,0,0.9937273,High Risk,4435
698,64,1,169362.43,1,84760.32,Germany,Female,0,1,1,0.97418165,High Risk,4436
508,26,7,205962.0,1,156424.4,France,Male,0,1,0,0.9985227,High Risk,4437
736,24,0,0.0,2,109355.73,France,Female,0,1,1,0.5720346,Medium Risk,4438
672,68,0,126061.51,2,184936.77,Germany,Male,1,1,0,0.78140473,High Risk,4439
613,21,7,105627.95,1,36560.51,France,Female,1,1,0,0.97418165,High Risk,4440
712,32,9,100606.02,1,165693.06,France,Male,0,1,0,0.74590164,High Risk,4441
624,38,3,0.0,2,163666.85,France,Female,1,1,0,0.9702066,High Risk,4442
676,38,1,0.0,2,35644.79,France,Male,1,0,0,0.6894864,Medium Risk,4443
683,32,0,138171.1,2,188203.58,Germany,Female,1,1,0,0.8078681,High Risk,4444
489,31,7,139395.08,1,6120.84,France,Female,1,0,0,0.8846788,High Risk,4445
739,29,1,0.0,2,164484.78,France,Male,1,1,0,0.74590164,High Risk,4446
701,37,3,0.0,2,164268.28,France,Female,1,1,0,0.5697558,Medium Risk,4447
666,50,7,109062.28,1,140136.1,Germany,Female,1,1,1,0.74095243,High Risk,4448
565,40,1,89994.71,2,121084.27,Germany,Female,1,0,0,0.9947924,High Risk,4449
666,36,3,0.0,2,35156.54,France,Male,0,1,0,0.42200515,Medium Risk,4450
633,59,2,103996.74,1,103159.11,France,Male,1,1,0,0.6797588,Medium Risk,4451
578,34,4,175111.11,1,74858.3,France,Male,1,1,0,0.9954703,High Risk,4452
812,49,8,66079.45,2,91556.57,Spain,Female,0,0,1,0.9945372,High Risk,4453
809,33,8,148055.74,1,199203.21,Germany,Male,0,0,0,0.6261376,Medium Risk,4454
615,36,6,0.0,1,27011.8,France,Male,1,1,1,0.98875964,High Risk,4455
684,31,8,0.0,2,188637.05,Spain,Female,0,1,0,0.99597067,High Risk,4456
544,40,8,0.0,2,61581.2,France,Male,0,1,0,0.97676086,High Risk,4457
713,47,1,95994.98,1,197529.23,Germany,Male,0,1,0,0.98076725,High Risk,4458
633,37,2,0.0,2,182258.17,France,Male,0,1,0,0.9929467,High Risk,4459
672,23,10,110741.56,1,80778.5,Germany,Female,0,1,0,0.9885787,High Risk,4460
661,35,5,0.0,1,155394.52,France,Male,0,1,0,0.99642366,High Risk,4461
749,28,3,0.0,1,3408.7,Spain,Female,0,1,0,0.55980414,Medium Risk,4462
635,32,8,0.0,2,19367.98,Spain,Female,1,1,1,0.9957392,High Risk,4463
850,70,1,96947.58,3,62282.99,Germany,Female,0,1,1,0.99597067,High Risk,4464
641,41,6,0.0,2,65396.79,France,Male,0,1,0,0.35289434,Low Risk,4465
633,30,2,109786.82,2,139712.81,Germany,Male,1,1,0,0.1860482,Low Risk,4466
413,35,2,0.0,2,60972.84,Spain,Male,1,1,0,0.99915266,High Risk,4467
538,31,1,0.0,2,1375.46,France,Male,0,1,0,0.9958145,High Risk,4468
437,39,0,102721.49,1,22191.82,France,Female,0,0,0,0.9817385,High Risk,4469
612,33,5,69478.57,1,8973.67,Spain,Male,0,1,1,0.9919551,High Risk,4470
516,53,1,156674.2,1,118502.34,Germany,Female,0,1,1,0.794661,High Risk,4471
826,56,8,174506.1,2,161802.82,Spain,Female,1,0,1,0.9959229,High Risk,4472
660,23,6,166070.48,2,90494.72,Germany,Female,0,0,0,0.9918955,High Risk,4473
646,29,4,105957.44,1,15470.91,Germany,Female,0,1,0,0.997682,High Risk,4474
767,36,3,0.0,1,65147.27,France,Male,0,0,0,0.48848805,Medium Risk,4475
640,40,8,110340.68,1,157886.6,France,Male,1,1,0,0.999263,High Risk,4476
778,33,1,0.0,2,85439.73,France,Male,0,1,0,0.99222285,High Risk,4477
679,52,9,135870.01,2,54038.62,Germany,Male,0,0,0,0.7446548,High Risk,4478
549,31,4,0.0,2,25684.85,France,Male,1,0,0,0.30895284,Low Risk,4479
598,47,2,0.0,2,186116.54,France,Male,1,1,0,0.9985227,High Risk,4480
655,45,0,0.0,2,166830.71,France,Female,0,1,0,0.75807047,High Risk,4481
494,30,3,85704.95,1,27886.06,France,Male,1,0,0,0.90802205,High Risk,4482
653,42,1,0.0,2,5768.32,France,Female,1,1,0,0.9959229,High Risk,4483
539,38,8,105435.74,1,80575.44,Germany,Female,0,0,1,0.92683375,High Risk,4484
645,37,1,0.0,2,68987.55,France,Female,1,1,0,0.6561557,Medium Risk,4485
751,34,9,108513.25,2,27097.82,Germany,Male,1,1,0,0.9692657,High Risk,4486
528,35,3,156687.1,1,199320.77,France,Male,0,1,0,0.9931815,High Risk,4487
696,31,3,150604.52,1,5566.6,Germany,Male,0,0,0,0.98680854,High Risk,4488
716,44,6,155114.9,1,133871.83,France,Female,0,0,0,0.6734849,Medium Risk,4489
602,35,8,0.0,2,152843.53,France,Female,1,1,0,0.746818,High Risk,4490
647,64,1,91216.0,1,41800.18,Spain,Female,1,1,0,0.8175752,High Risk,4491
850,61,3,141784.02,1,92053.75,Germany,Male,1,1,0,0.99296606,High Risk,4492
590,32,0,127763.24,1,100717.54,France,Female,0,1,0,0.8713918,High Risk,4493
825,32,1,0.0,2,42935.15,Spain,Female,1,1,0,0.9853356,High Risk,4494
850,31,6,82613.56,2,149170.92,Spain,Male,0,1,0,0.9937291,High Risk,4495
789,32,7,69423.52,1,107499.39,France,Female,0,1,0,0.9805135,High Risk,4496
701,42,6,86167.82,1,153342.38,France,Female,0,1,0,0.99474156,High Risk,4497
713,47,1,0.0,1,107825.08,Spain,Female,0,1,1,0.67821443,Medium Risk,4498
570,30,2,131406.56,1,47952.45,France,Male,1,1,0,0.9892306,High Risk,4499
536,44,4,121898.82,1,131007.18,Germany,Female,0,0,0,0.9934915,High Risk,4500
771,32,9,77487.2,1,33143.04,Germany,Male,0,0,0,0.9973182,High Risk,4501
512,75,2,0.0,1,123304.62,France,Female,0,1,0,0.95522803,High Risk,4502
698,45,5,164450.94,1,141970.02,Spain,Male,0,1,1,0.9881341,High Risk,4503
656,33,7,138705.02,2,37136.15,France,Male,0,1,0,0.95522803,High Risk,4504
761,37,7,132730.17,1,199293.01,Spain,Male,0,1,0,0.8691923,High Risk,4505
709,30,5,0.0,2,161388.22,France,Female,1,0,0,0.6832342,Medium Risk,4506
597,66,3,0.0,1,70532.53,Spain,Female,1,1,0,0.9692657,High Risk,4507
592,28,2,116498.22,1,144290.25,France,Male,0,1,0,0.99920005,High Risk,4508
599,41,1,0.0,2,96069.82,France,Female,0,1,0,0.98229283,High Risk,4509
572,35,1,139979.07,1,185662.84,Germany,Female,0,1,0,0.81186426,High Risk,4510
611,43,9,127216.31,2,17913.25,Germany,Female,1,0,0,0.99795073,High Risk,4511
634,45,2,0.0,4,101039.53,France,Female,0,1,1,0.9728597,High Risk,4512
666,51,2,148222.65,1,156953.54,France,Male,0,0,1,0.9993007,High Risk,4513
696,41,8,0.0,2,28276.83,France,Female,0,0,0,0.9992762,High Risk,4514
669,38,8,0.0,2,84049.16,France,Female,0,1,0,0.39078698,Low Risk,4515
726,30,8,134152.29,1,147822.44,Spain,Male,1,1,0,0.7319105,High Risk,4516
497,32,8,111537.23,4,9497.99,Germany,Female,1,1,1,0.9778504,High Risk,4517
750,39,7,119565.92,1,87067.73,Spain,Female,0,1,0,0.99858594,High Risk,4518
850,29,7,0.0,2,23237.25,Spain,Female,0,1,0,0.2780986,Low Risk,4519
617,38,7,0.0,1,27239.28,Spain,Male,1,1,0,0.968322,High Risk,4520
652,46,10,121063.8,3,151481.86,Germany,Male,0,1,1,0.5196995,Medium Risk,4521
560,27,7,124995.98,1,114669.79,Spain,Female,1,1,0,0.97662234,High Risk,4522
629,39,5,0.0,2,116748.14,Spain,Male,0,0,0,0.9880294,High Risk,4523
660,52,4,86891.84,1,90877.76,Germany,Female,0,1,0,0.4965977,Medium Risk,4524
676,38,8,0.0,2,133692.88,France,Male,1,1,0,0.6911414,Medium Risk,4525
581,43,9,78022.61,1,30662.91,Spain,Male,1,0,0,0.99003196,High Risk,4526
798,34,9,154495.79,1,191395.88,France,Male,0,1,0,0.8165111,High Risk,4527
705,38,1,189443.72,1,106648.58,France,Male,1,0,0,0.7264969,High Risk,4528
714,31,6,152926.6,1,50899.91,Spain,Female,1,1,0,0.5783935,Medium Risk,4529
664,44,8,142989.69,1,115452.51,France,Female,1,1,1,0.9886742,High Risk,4530
697,43,7,115371.94,2,64139.1,Germany,Male,0,1,0,0.74624574,High Risk,4531
609,37,6,0.0,2,22030.72,France,Male,1,0,0,0.984432,High Risk,4532
548,38,0,178056.54,2,38434.73,Spain,Male,0,1,0,0.8840142,High Risk,4533
850,39,6,206014.94,2,42774.84,Spain,Male,1,0,1,0.98076725,High Risk,4534
656,41,2,0.0,2,158973.77,France,Male,0,1,0,0.7096556,High Risk,4535
727,37,9,101191.83,1,34551.35,Germany,Male,1,1,1,0.8671039,High Risk,4536
642,55,7,0.0,2,101515.76,France,Female,1,1,0,0.99642366,High Risk,4537
710,31,5,0.0,2,9561.73,Spain,Female,0,1,0,0.99245787,High Risk,4538
710,33,1,0.0,2,168313.17,Spain,Male,0,1,0,0.89342475,High Risk,4539
718,37,7,0.0,2,55100.09,France,Female,1,1,0,0.9904633,High Risk,4540
586,32,1,149814.54,1,31830.06,Germany,Male,0,1,0,0.4997127,Medium Risk,4541
617,36,7,115617.24,1,71519.4,Spain,Female,1,1,0,0.9957398,High Risk,4542
630,28,9,0.0,2,32599.35,France,Male,0,0,0,0.88747746,High Risk,4543
791,42,10,113657.41,2,139946.68,Germany,Female,1,0,1,0.34901834,Low Risk,4544
673,39,8,138160.0,1,110468.51,Spain,Male,1,1,0,0.99512595,High Risk,4545
477,36,3,117700.86,1,74042.0,Germany,Female,0,0,0,0.9973182,High Risk,4546
662,37,5,0.0,2,151871.84,France,Female,0,1,0,0.84645987,High Risk,4547
850,37,9,122506.38,1,199693.84,Germany,Male,1,0,1,0.92683375,High Risk,4548
635,58,1,0.0,1,58907.08,France,Female,1,1,1,0.9934088,High Risk,4549
537,59,9,0.0,2,103799.77,France,Male,0,0,1,0.9911379,High Risk,4550
579,39,3,166501.17,2,93835.64,France,Female,0,1,0,0.97172,High Risk,4551
651,46,4,89743.05,1,156425.57,Spain,Female,0,1,1,0.99545646,High Risk,4552
610,25,2,0.0,2,123723.83,France,Female,0,1,0,0.997898,High Risk,4553
581,30,1,0.0,2,199464.08,France,Male,0,1,0,0.994829,High Risk,4554
592,39,7,0.0,2,83084.33,France,Male,0,1,0,0.99639374,High Risk,4555
688,35,6,0.0,1,25488.43,Spain,Female,0,1,1,0.8309395,High Risk,4556
681,18,1,98894.39,1,9596.4,France,Female,1,1,0,0.993979,High Risk,4557
658,37,3,168735.74,2,70370.24,Germany,Male,0,0,0,0.98316044,High Risk,4558
792,34,1,0.0,1,86330.32,France,Male,1,0,0,0.9892306,High Risk,4559
528,62,7,133201.17,1,168507.68,Germany,Female,0,0,1,0.99562436,High Risk,4560
624,36,0,0.0,2,111605.9,Spain,Female,0,1,0,0.63643175,Medium Risk,4561
562,31,4,127237.25,2,143317.42,Germany,Male,1,0,0,0.9906461,High Risk,4562
678,36,1,117864.85,2,27619.06,Germany,Male,0,1,0,0.97640073,High Risk,4563
705,64,3,153469.26,3,146573.66,Germany,Female,0,0,1,0.9905161,High Risk,4564
650,23,4,93911.3,2,69055.45,Germany,Male,0,1,0,0.62926805,Medium Risk,4565
593,46,2,76597.79,1,54453.72,Spain,Female,1,1,0,0.75172174,High Risk,4566
652,40,4,79927.36,2,33524.6,France,Female,1,1,0,0.6857657,Medium Risk,4567
554,27,4,0.0,2,135083.73,Spain,Female,1,1,0,0.5254974,Medium Risk,4568
584,32,8,40172.91,1,137439.34,Germany,Male,1,1,0,0.6631642,Medium Risk,4569
516,33,7,115195.58,1,11205.5,France,Male,1,1,0,0.8849667,High Risk,4570
789,43,9,116644.29,2,60176.1,Germany,Female,1,1,0,0.6359319,Medium Risk,4571
598,20,8,180293.84,2,29552.7,Germany,Male,1,1,0,0.9830831,High Risk,4572
669,30,7,139872.81,1,188795.85,Germany,Female,0,1,0,0.7669059,High Risk,4573
645,24,3,34547.82,1,11638.17,France,Female,1,1,0,0.820937,High Risk,4574
659,32,9,0.0,2,93155.75,France,Female,1,1,0,0.90186054,High Risk,4575
833,29,1,96462.25,2,48986.18,Germany,Male,1,0,0,0.59517825,Medium Risk,4576
697,40,7,130334.35,2,116951.1,Spain,Female,1,0,0,0.968322,High Risk,4577
580,39,3,119688.81,1,137041.26,Germany,Male,0,1,0,0.99938667,High Risk,4578
691,38,1,0.0,2,44653.5,France,Male,0,0,0,0.8944445,High Risk,4579
534,52,1,0.0,3,104035.41,France,Male,1,1,1,0.62140924,Medium Risk,4580
478,32,6,71187.24,1,110593.62,France,Female,1,1,0,0.99793625,High Risk,4581
572,47,2,0.0,2,36099.7,France,Female,0,1,0,0.9970277,High Risk,4582
501,37,4,0.0,2,12470.3,France,Male,0,0,0,0.9938929,High Risk,4583
624,38,8,0.0,2,95403.41,Spain,Female,0,1,0,0.62140924,Medium Risk,4584
595,39,9,136422.41,1,151757.81,France,Female,1,1,0,0.5406104,Medium Risk,4585
603,30,8,0.0,2,47536.46,France,Male,1,1,0,0.957092,High Risk,4586
602,25,0,0.0,2,101274.17,France,Female,1,1,0,0.74590164,High Risk,4587
500,34,6,0.0,1,140268.45,France,Female,1,1,0,0.9875723,High Risk,4588
422,41,6,153238.88,1,11663.09,France,Male,0,1,0,0.99119097,High Risk,4589
615,35,7,0.0,2,150784.29,France,Male,0,1,0,0.6147775,Medium Risk,4590
635,78,6,47536.4,1,119400.08,France,Female,1,1,0,0.9982236,High Risk,4591
711,32,1,0.0,2,126188.42,France,Female,0,1,0,0.9964868,High Risk,4592
834,36,8,142882.49,1,89983.02,France,Male,0,1,1,0.99878305,High Risk,4593
633,44,7,0.0,2,29761.29,France,Female,0,1,0,0.9947247,High Risk,4594
650,31,1,160566.11,2,27073.81,France,Female,0,0,0,0.5699251,Medium Risk,4595
743,65,2,131935.51,1,96399.67,Germany,Male,1,1,1,0.99042845,High Risk,4596
567,38,6,127678.8,2,45422.89,France,Male,0,0,0,0.9908222,High Risk,4597
706,46,4,105214.58,1,108699.59,Germany,Female,0,1,1,0.985836,High Risk,4598
638,46,9,139859.54,1,38967.29,France,Male,0,1,0,0.9973182,High Risk,4599
641,38,3,0.0,2,116466.19,France,Female,0,1,0,0.7027262,High Risk,4600
574,34,5,112324.45,2,17993.43,France,Female,1,1,0,0.9934915,High Risk,4601
642,30,8,134497.27,1,43250.54,Germany,Male,0,0,0,0.9751516,High Risk,4602
722,35,1,120171.58,1,125240.8,Spain,Female,0,1,0,0.7496475,High Risk,4603
623,23,1,106012.2,2,191415.94,France,Male,1,0,0,0.75366956,High Risk,4604
681,25,5,0.0,1,90860.97,France,Male,1,0,0,0.78221333,High Risk,4605
530,34,8,0.0,2,141872.52,France,Female,1,0,0,0.9446085,High Risk,4606
797,55,10,0.0,4,49418.87,France,Female,1,1,1,0.9885787,High Risk,4607
653,51,3,0.0,1,170426.65,France,Male,0,1,1,0.9104697,High Risk,4608
850,42,8,119839.69,1,51016.02,Germany,Male,1,0,1,0.772414,High Risk,4609
581,34,1,0.0,2,81175.25,Spain,Male,1,0,0,0.9878477,High Risk,4610
589,38,8,92219.21,1,99106.97,Germany,Male,0,1,0,0.7484076,High Risk,4611
555,48,3,142055.41,2,79134.78,Germany,Male,1,0,0,0.9918257,High Risk,4612
748,49,7,29602.08,1,163550.58,France,Female,0,0,1,0.89342475,High Risk,4613
745,46,7,0.0,2,67769.94,France,Female,1,1,0,0.8944445,High Risk,4614
730,34,1,0.0,2,126592.01,France,Male,1,1,0,0.94495785,High Risk,4615
565,44,1,0.0,2,89602.81,France,Female,1,0,0,0.5867379,Medium Risk,4616
778,37,3,141803.77,1,179421.84,France,Male,1,0,0,0.63835347,Medium Risk,4617
812,24,10,0.0,2,156906.15,France,Male,1,1,0,0.93652844,High Risk,4618
526,42,1,0.0,1,168486.02,France,Male,1,0,0,0.77374816,High Risk,4619
708,47,0,126589.12,2,132730.07,France,Female,1,0,1,0.70550215,High Risk,4620
680,33,2,108393.35,1,39057.67,France,Male,1,0,0,0.94784606,High Risk,4621
567,43,2,115643.58,2,174606.35,Spain,Male,0,0,0,0.95522803,High Risk,4622
564,48,5,132876.23,1,79259.77,Spain,Male,0,1,0,0.6562869,Medium Risk,4623
709,24,3,110949.41,1,168515.61,France,Female,1,1,0,0.74957263,High Risk,4624
629,46,1,130666.2,1,161125.67,France,Male,1,1,1,0.8192765,High Risk,4625
510,45,10,103821.47,2,77878.62,France,Female,1,0,0,0.8671039,High Risk,4626
506,32,3,0.0,1,80823.02,France,Female,1,1,0,0.5692201,Medium Risk,4627
605,39,7,0.0,1,119348.28,France,Male,1,0,0,0.6529477,Medium Risk,4628
650,32,1,132187.73,2,178331.36,Spain,Male,1,1,0,0.9944396,High Risk,4629
850,49,8,98649.55,1,119174.88,Germany,Male,0,1,1,0.48098072,Medium Risk,4630
489,38,2,126444.08,2,82662.73,Germany,Male,1,1,0,0.9922633,High Risk,4631
659,30,8,154159.51,1,40441.1,Germany,Female,0,1,0,0.9973182,High Risk,4632
753,43,5,0.0,2,109881.71,France,Female,0,1,0,0.48069128,Medium Risk,4633
477,48,8,129250.0,2,157937.35,Germany,Male,1,1,0,0.9972107,High Risk,4634
610,45,3,0.0,1,38276.84,Spain,Female,0,1,1,0.63829285,Medium Risk,4635
619,33,2,167733.51,2,65222.48,France,Female,1,1,0,0.9934716,High Risk,4636
619,31,2,56116.3,2,2181.94,Germany,Female,0,0,0,0.9805135,High Risk,4637
758,30,3,141581.08,1,156249.06,France,Female,0,1,0,0.9853935,High Risk,4638
516,50,7,139675.07,2,45591.23,Germany,Male,0,1,0,0.9348667,High Risk,4639
789,27,8,66201.96,1,79458.12,France,Female,1,1,0,0.99845815,High Risk,4640
687,44,9,0.0,2,103042.2,France,Female,0,0,1,0.9854952,High Risk,4641
485,34,3,133658.24,1,70209.83,Germany,Male,0,1,0,0.9733847,High Risk,4642
446,25,3,136202.78,1,176743.51,Germany,Male,0,1,0,0.9958145,High Risk,4643
597,60,0,131778.08,1,10703.53,France,Female,0,0,1,0.97662234,High Risk,4644
712,74,5,0.0,2,151425.82,Spain,Male,0,0,0,0.86725354,High Risk,4645
522,34,3,0.0,2,3894.34,France,Female,1,1,0,0.91458404,High Risk,4646
805,26,8,42712.87,2,28861.69,Germany,Female,1,1,0,0.9989794,High Risk,4647
781,28,4,0.0,2,177703.15,France,Female,0,1,0,0.9920753,High Risk,4648
689,57,4,0.0,2,136649.8,Spain,Female,0,1,1,0.76460683,High Risk,4649
670,31,1,142631.54,2,175894.24,Germany,Male,1,1,0,0.97594213,High Risk,4650
670,33,2,141204.65,2,76257.46,France,Male,0,1,0,0.99098283,High Risk,4651
524,25,7,131402.21,1,193668.49,Germany,Female,0,0,0,0.43738797,Medium Risk,4652
734,39,3,92636.96,2,125671.29,Spain,Female,1,1,0,0.83637416,High Risk,4653
489,51,3,0.0,2,174098.28,France,Female,1,0,1,0.9892306,High Risk,4654
578,31,5,102088.68,4,187866.21,Germany,Female,0,0,1,0.2832123,Low Risk,4655
622,39,9,0.0,2,100862.36,Spain,Male,1,0,0,0.8815827,High Risk,4656
843,38,8,134887.53,1,10804.04,France,Female,1,1,0,0.43144652,Medium Risk,4657
687,48,4,0.0,2,170893.85,France,Male,1,1,0,0.9907012,High Risk,4658
700,28,8,159900.38,1,22698.56,Spain,Male,0,0,0,0.97984993,High Risk,4659
410,50,2,102278.79,2,89822.48,Germany,Female,0,1,0,0.88345766,High Risk,4660
537,41,0,0.0,2,175262.49,France,Female,1,0,0,0.95779103,High Risk,4661
780,43,0,0.0,1,15705.27,France,Female,1,0,0,0.2330935,Low Risk,4662
652,58,6,0.0,2,170025.43,Spain,Male,1,0,0,0.8494937,High Risk,4663
620,35,0,76989.97,1,17242.79,Germany,Male,1,1,0,0.9109438,High Risk,4664
697,23,10,0.0,2,79734.23,France,Female,1,1,0,0.9984654,High Risk,4665
786,35,3,0.0,2,92712.97,France,Male,0,1,0,0.9972687,High Risk,4666
850,39,5,114491.82,1,99689.48,Germany,Female,0,1,0,0.9852374,High Risk,4667
749,54,3,144768.94,1,93336.3,Germany,Male,0,1,1,0.53327465,Medium Risk,4668
445,31,7,145056.59,1,175893.53,France,Male,1,1,0,0.98098046,High Risk,4669
443,50,3,117206.3,1,42840.18,Germany,Male,0,1,1,0.9322883,High Risk,4670
637,41,2,138014.4,2,140298.24,Germany,Male,0,1,0,0.5697558,Medium Risk,4671
616,45,6,128352.59,3,144000.59,Germany,Female,1,1,1,0.70449954,High Risk,4672
756,23,1,112568.31,1,113408.11,France,Female,1,1,0,0.994829,High Risk,4673
644,33,2,0.0,1,96420.58,France,Male,0,1,0,0.89003336,High Risk,4674
850,41,1,176958.46,2,125806.3,Germany,Male,1,0,0,0.99401045,High Risk,4675
703,38,9,99167.54,1,65720.92,Germany,Female,0,1,0,0.98304445,High Risk,4676
684,42,3,103210.27,1,31002.03,Spain,Female,0,1,0,0.7146422,High Risk,4677
706,48,10,104478.12,3,158248.71,Germany,Female,1,0,1,0.31114635,Low Risk,4678
580,61,8,125921.37,1,94677.83,Spain,Male,1,1,0,0.6441104,Medium Risk,4679
777,35,3,0.0,2,17257.72,Spain,Female,1,1,0,0.9899228,High Risk,4680
676,48,3,80697.44,1,101397.86,Germany,Male,0,0,0,0.98478496,High Risk,4681
708,44,2,161887.81,2,84870.23,France,Female,0,1,0,0.99003196,High Risk,4682
809,24,7,109558.36,1,183515.13,France,Male,0,1,0,0.99198955,High Risk,4683
588,38,1,124271.26,1,75969.19,France,Male,0,1,0,0.8944445,High Risk,4684
623,43,1,0.0,2,146379.3,France,Male,1,1,0,0.7606446,High Risk,4685
537,42,1,190569.23,1,127154.8,Spain,Male,1,0,0,0.9762477,High Risk,4686
536,53,2,143923.96,1,2019.78,Spain,Male,0,1,1,0.3900592,Low Risk,4687
769,48,2,96542.16,2,197885.72,France,Male,1,0,0,0.9885787,High Risk,4688
690,33,5,0.0,2,138017.68,France,Male,0,1,0,0.9738134,High Risk,4689
771,45,0,139825.56,1,170984.97,Spain,Male,0,0,1,0.98776245,High Risk,4690
497,24,6,111769.14,2,55859.27,Germany,Male,0,1,0,0.981616,High Risk,4691
622,37,4,0.0,2,4459.5,Spain,Male,0,1,0,0.9797055,High Risk,4692
602,30,9,113672.18,2,102135.92,Spain,Male,0,0,0,0.98366064,High Risk,4693
543,32,7,147256.86,1,112771.95,France,Female,0,1,0,0.9792044,High Risk,4694
520,45,7,107023.03,1,32903.93,Spain,Male,0,1,0,0.74957263,High Risk,4695
669,37,1,125529.55,1,162260.93,France,Male,1,1,0,0.99748236,High Risk,4696
631,41,0,0.0,1,87959.83,Spain,Female,0,0,0,0.968322,High Risk,4697
537,48,4,131834.8,1,166476.95,Germany,Male,0,1,1,0.5939666,Medium Risk,4698
732,62,2,0.0,2,25438.87,France,Male,1,1,0,0.7274386,High Risk,4699
844,56,5,99529.7,1,157230.06,Spain,Male,1,0,1,0.81328386,High Risk,4700
838,35,0,0.0,2,197305.91,Spain,Male,1,0,0,0.99198747,High Risk,4701
652,27,10,107303.72,2,44435.76,France,Male,0,0,0,0.977382,High Risk,4702
660,33,0,72783.42,1,181051.99,France,Male,0,0,0,0.5881292,Medium Risk,4703
692,44,8,0.0,1,159069.37,Spain,Female,1,0,0,0.81320447,High Risk,4704
588,35,0,0.0,2,155485.24,France,Female,1,1,0,0.9951631,High Risk,4705
533,22,10,115743.6,1,43852.05,Germany,Female,0,0,0,0.7154053,High Risk,4706
850,43,4,161256.53,1,140071.57,France,Male,1,1,0,0.6356592,Medium Risk,4707
511,27,8,0.0,2,49089.36,France,Male,1,1,0,0.9916876,High Risk,4708
530,44,6,0.0,2,55893.37,Spain,Male,0,0,0,0.9429226,High Risk,4709
554,31,1,0.0,2,192660.55,France,Male,1,0,0,0.9798269,High Risk,4710
585,40,3,162261.01,2,137028.51,Germany,Female,0,1,0,0.99042845,High Risk,4711
754,39,3,74896.33,1,34430.16,France,Male,0,0,0,0.9885787,High Risk,4712
474,54,3,0.0,1,108409.17,France,Male,0,1,1,0.9765039,High Risk,4713
837,35,0,144037.6,1,145325.32,Germany,Male,0,1,0,0.84257436,High Risk,4714
567,23,9,93522.2,1,81425.61,France,Female,1,0,0,0.9984463,High Risk,4715
800,38,1,0.0,2,51553.43,Spain,Male,0,1,0,0.76929724,High Risk,4716
646,18,10,0.0,2,52795.15,France,Male,1,0,0,0.823171,High Risk,4717
627,38,8,106922.92,2,84270.09,Germany,Male,1,0,0,0.97418165,High Risk,4718
505,26,8,112972.57,1,145011.62,France,Male,0,1,0,0.9937273,High Risk,4719
566,35,1,123042.0,1,66245.44,Germany,Female,0,1,1,0.8467937,High Risk,4720
619,33,3,100488.92,2,36446.74,Germany,Female,1,0,0,0.9805135,High Risk,4721
757,44,4,123322.15,1,137136.29,France,Female,0,1,0,0.9081748,High Risk,4722
648,32,0,0.0,1,117323.31,France,Male,1,0,0,0.40787992,Medium Risk,4723
621,42,8,68683.68,1,74157.71,Spain,Male,1,1,0,0.9854952,High Risk,4724
543,49,6,59532.18,1,104253.56,Germany,Male,0,1,0,0.99298215,High Risk,4725
658,43,7,140260.36,2,2748.72,France,Female,0,1,0,0.48069128,Medium Risk,4726
633,50,7,88302.65,1,195937.16,Germany,Male,1,1,0,0.96113044,High Risk,4727
648,19,1,0.0,2,22101.86,France,Female,1,0,0,0.98299545,High Risk,4728
501,40,5,114655.58,1,126535.92,Germany,Male,0,0,0,0.75172174,High Risk,4729
683,42,4,148283.94,1,44692.63,France,Female,1,1,1,0.99474156,High Risk,4730
619,38,1,0.0,1,112442.63,Spain,Female,0,1,1,0.9358861,High Risk,4731
705,35,3,0.0,2,66331.01,France,Female,1,0,0,0.99289685,High Risk,4732
638,53,1,123916.67,1,16657.68,Germany,Female,0,1,1,0.9992011,High Risk,4733
710,31,1,0.0,2,20081.3,France,Female,0,1,0,0.8671039,High Risk,4734
590,54,4,0.0,2,93820.49,France,Female,1,1,1,0.9342325,High Risk,4735
725,43,2,165896.0,2,130795.52,France,Male,0,1,0,0.9985227,High Risk,4736
638,32,0,0.0,2,160129.99,France,Female,0,1,0,0.7154053,High Risk,4737
791,36,6,111168.97,1,189969.91,France,Male,1,1,0,0.99537647,High Risk,4738
702,40,1,103549.24,1,9712.52,France,Female,0,0,1,0.9988135,High Risk,4739
607,32,6,0.0,2,196062.01,France,Female,0,0,0,0.53327465,Medium Risk,4740
535,30,6,103804.97,1,125710.53,France,Male,1,1,0,0.9728212,High Risk,4741
651,45,2,165901.59,2,23054.51,France,Male,0,1,1,0.48069128,Medium Risk,4742
506,59,8,119152.1,2,170679.74,Germany,Male,1,1,0,0.43738797,Medium Risk,4743
511,57,8,122950.31,1,181258.76,Spain,Female,1,1,0,0.90802205,High Risk,4744
757,51,1,0.0,1,22835.13,France,Female,1,1,1,0.9894092,High Risk,4745
768,49,1,133384.66,1,102397.22,Germany,Male,0,1,1,0.9838238,High Risk,4746
757,32,9,0.0,2,115950.96,France,Male,0,1,0,0.5007166,Medium Risk,4747
663,64,6,0.0,2,15876.52,Spain,Male,1,0,0,0.7464134,High Risk,4748
537,37,7,158411.95,4,117690.58,Germany,Female,1,1,1,0.438148,Medium Risk,4749
570,29,4,122028.65,2,173792.77,Germany,Male,1,1,0,0.9566467,High Risk,4750
850,35,5,0.0,1,80992.8,France,Female,1,1,0,0.9798269,High Risk,4751
661,64,8,128751.65,2,189398.18,Germany,Female,0,1,1,0.98901844,High Risk,4752
659,54,8,133436.52,1,56787.8,France,Male,0,1,0,0.9422351,High Risk,4753
454,40,2,123177.01,1,148309.98,Spain,Male,0,1,0,0.9973182,High Risk,4754
708,59,2,0.0,1,179673.11,France,Female,0,1,1,0.381927,Low Risk,4755
720,37,2,120328.88,2,138470.21,France,Female,1,1,0,0.98834187,High Risk,4756
785,39,1,130147.98,1,163798.41,France,Female,0,1,1,0.6724343,Medium Risk,4757
743,36,8,92716.96,1,33693.78,Spain,Female,1,1,0,0.9972107,High Risk,4758
493,48,7,0.0,2,48545.1,Spain,Female,0,1,0,0.2330935,Low Risk,4759
557,34,3,0.0,1,123427.98,Spain,Male,1,0,0,0.9846081,High Risk,4760
850,40,1,76914.21,1,174183.44,France,Male,0,1,0,0.8615415,High Risk,4761
799,32,3,106045.92,2,17938.0,France,Female,1,1,0,0.89526373,High Risk,4762
756,34,1,103133.26,1,90059.04,France,Male,1,1,0,0.75007397,High Risk,4763
752,38,0,145974.79,2,137694.23,France,Male,1,1,0,0.99527466,High Risk,4764
696,36,3,0.0,3,65039.9,Spain,Female,0,1,0,0.683319,Medium Risk,4765
630,49,1,0.0,2,162858.29,Spain,Female,1,0,0,0.6220063,Medium Risk,4766
659,38,9,0.0,2,35701.06,Spain,Female,1,1,0,0.33368382,Low Risk,4767
685,39,9,0.0,2,18826.06,Spain,Male,1,1,0,0.4505659,Medium Risk,4768
599,31,3,0.0,1,130086.47,Spain,Female,1,1,1,0.62675023,Medium Risk,4769
559,31,1,139183.06,1,143360.56,Spain,Female,1,0,0,0.93464094,High Risk,4770
615,19,5,0.0,2,159920.92,Spain,Male,0,1,0,0.6952937,Medium Risk,4771
580,36,3,74974.89,1,12099.67,Germany,Female,1,1,0,0.6049139,Medium Risk,4772
487,44,6,61691.45,1,53087.98,Spain,Male,1,1,0,0.6019847,Medium Risk,4773
646,35,1,121952.75,2,142839.82,Germany,Female,1,1,0,0.961462,High Risk,4774
811,35,7,0.0,1,178.19,France,Female,1,1,0,0.14860974,Low Risk,4775
526,35,5,0.0,2,105618.14,Spain,Male,1,1,0,0.2780986,Low Risk,4776
767,37,7,0.0,2,24734.25,Spain,Male,1,1,0,0.8381245,High Risk,4777
548,33,1,80107.83,2,82245.67,France,Female,1,0,0,0.45689964,Medium Risk,4778
737,45,2,0.0,2,177695.67,Spain,Female,1,0,0,0.99437165,High Risk,4779
613,40,1,147856.82,3,107961.11,Germany,Male,0,0,1,0.97965086,High Risk,4780
711,36,8,0.0,2,55207.41,Spain,Male,0,1,0,0.9941876,High Risk,4781
850,53,7,65407.16,2,182633.63,Spain,Female,0,0,1,0.7966556,High Risk,4782
752,53,8,114233.18,1,51587.04,France,Female,1,1,0,0.9973182,High Risk,4783
710,37,5,0.0,2,115403.31,France,Female,0,1,0,0.97172,High Risk,4784
664,53,7,187602.18,1,186392.99,Spain,Female,0,1,1,0.99496305,High Risk,4785
510,22,3,156834.34,1,44374.44,France,Female,0,0,0,0.7935606,High Risk,4786
577,34,2,0.0,2,84033.35,France,Female,1,1,0,0.8693306,High Risk,4787
529,42,1,157498.9,1,82276.62,France,Male,1,1,0,0.9920753,High Risk,4788
757,44,9,0.0,2,177528.92,Spain,Female,0,1,0,0.68425333,Medium Risk,4789
691,41,2,0.0,1,56850.92,France,Male,1,1,1,0.9882116,High Risk,4790
621,34,8,0.0,1,47972.65,Spain,Male,0,0,0,0.9339267,High Risk,4791
709,35,2,0.0,2,104982.39,Spain,Male,0,1,0,0.31432694,Low Risk,4792
756,19,4,130274.22,1,133535.29,Spain,Male,1,1,0,0.9446085,High Risk,4793
788,41,6,0.0,1,25571.37,France,Female,1,1,0,0.9911379,High Risk,4794
705,39,5,149379.66,2,96075.55,France,Female,0,1,0,0.6372986,Medium Risk,4795
483,29,9,0.0,1,81634.45,France,Male,1,1,0,0.6269217,Medium Risk,4796
719,35,1,100829.94,1,165008.97,Spain,Male,1,1,0,0.69051373,Medium Risk,4797
793,32,1,96408.98,1,138191.81,Germany,Female,1,1,0,0.6277947,Medium Risk,4798
593,41,6,0.0,2,99136.49,France,Male,1,1,0,0.999526,High Risk,4799
551,52,1,0.0,1,63584.55,France,Male,0,0,1,0.9885787,High Risk,4800
690,39,6,0.0,2,160532.88,France,Male,0,1,0,0.7064977,High Risk,4801
823,71,5,149105.08,1,162683.06,France,Male,1,0,0,0.9599864,High Risk,4802
512,39,3,0.0,1,134878.19,Spain,Male,0,1,0,0.3883425,Low Risk,4803
802,41,5,0.0,2,134626.3,Spain,Male,1,1,0,0.9866231,High Risk,4804
450,34,2,0.0,2,175480.93,Spain,Female,0,1,0,0.97676086,High Risk,4805
651,41,1,90218.11,1,174337.68,Germany,Male,0,1,0,0.98289686,High Risk,4806
697,33,1,87347.7,1,172524.51,France,Female,0,1,0,0.9949232,High Risk,4807
611,28,2,0.0,2,25395.83,France,Male,0,0,0,0.6969986,Medium Risk,4808
643,33,0,137811.75,1,184856.89,France,Female,1,1,0,0.9880971,High Risk,4809
822,37,3,105563.0,1,182624.93,France,Male,0,1,0,0.9934088,High Risk,4810
632,38,4,0.0,2,192505.62,France,Male,0,0,0,0.98875964,High Risk,4811
575,26,7,0.0,2,112507.63,Spain,Female,0,1,0,0.97418165,High Risk,4812
672,31,6,91125.75,1,177295.92,France,Male,0,1,0,0.40349913,Medium Risk,4813
517,39,3,0.0,2,12465.51,Spain,Male,1,0,0,0.9856145,High Risk,4814
621,39,8,0.0,2,36122.96,Spain,Male,0,1,0,0.99075764,High Risk,4815
775,77,6,135120.56,1,37836.64,Germany,Female,0,1,0,0.75235176,High Risk,4816
600,29,8,0.0,2,34747.43,France,Male,1,0,0,0.44150388,Medium Risk,4817
640,28,7,0.0,2,131097.9,France,Male,1,1,0,0.6104177,Medium Risk,4818
752,36,1,86837.95,1,105280.55,France,Female,1,1,0,0.5886625,Medium Risk,4819
613,26,4,100446.57,1,149653.81,France,Male,1,0,0,0.74590164,High Risk,4820
484,32,3,0.0,2,139390.99,France,Female,1,1,0,0.9973182,High Risk,4821
511,33,3,0.0,2,132436.71,France,Female,0,1,0,0.7507143,High Risk,4822
745,32,2,0.0,4,179705.13,France,Female,1,0,1,0.99634594,High Risk,4823
786,32,6,114512.59,1,15796.66,Spain,Female,0,1,0,0.97911686,High Risk,4824
727,35,5,136364.46,1,142754.71,France,Male,0,0,0,0.6474422,Medium Risk,4825
622,31,5,106260.67,1,2578.43,France,Male,1,1,0,0.8599063,High Risk,4826
794,24,10,146126.75,1,88992.05,France,Male,1,1,0,0.63110703,Medium Risk,4827
636,52,4,111284.53,1,32936.44,Spain,Male,1,0,1,0.98991185,High Risk,4828
741,42,9,121056.63,2,39122.58,Spain,Female,0,1,0,0.9692657,High Risk,4829
687,34,5,128270.56,1,191092.62,France,Male,0,1,0,0.9599864,High Risk,4830
660,30,4,0.0,2,129149.06,Spain,Male,0,1,0,0.9960226,High Risk,4831
660,35,7,0.0,2,13218.6,France,Male,0,1,0,0.85733265,High Risk,4832
617,79,7,0.0,1,160589.18,France,Female,1,1,0,0.97418165,High Risk,4833
762,32,10,191775.65,1,179657.83,France,Male,0,1,0,0.9972107,High Risk,4834
752,35,2,0.0,1,44335.54,Spain,Female,0,1,1,0.54197025,Medium Risk,4835
561,34,4,85141.79,2,29217.37,Spain,Male,1,1,0,0.7595242,High Risk,4836
609,26,10,126392.18,1,43651.49,France,Male,1,0,0,0.99563,High Risk,4837
803,28,3,0.0,2,159654.0,France,Male,0,1,0,0.99558544,High Risk,4838
556,40,9,129860.37,1,17992.94,France,Female,0,0,0,0.9805135,High Risk,4839
531,53,5,127642.44,1,141501.45,France,Female,0,1,1,0.7935606,High Risk,4840
411,35,2,0.0,2,93825.78,France,Female,1,1,0,0.7450699,High Risk,4841
587,44,5,125584.17,2,41852.24,Germany,Female,1,1,1,0.9758152,High Risk,4842
683,56,7,50911.21,3,97629.31,Spain,Male,0,0,1,0.985836,High Risk,4843
654,29,2,91955.61,1,37065.66,France,Male,0,1,0,0.9891672,High Risk,4844
670,36,2,84266.44,2,38614.69,Germany,Female,0,0,0,0.6998134,Medium Risk,4845
655,36,2,147149.59,1,87816.86,France,Female,1,1,0,0.9973182,High Risk,4846
752,36,7,0.0,2,184866.86,France,Female,0,1,0,0.7394945,High Risk,4847
534,23,5,104822.45,1,160176.47,France,Female,1,0,0,0.8165111,High Risk,4848
635,42,1,146766.72,2,164357.1,France,Male,1,0,0,0.5733297,Medium Risk,4849
491,70,6,148745.92,2,17818.33,Germany,Male,1,1,0,0.9838238,High Risk,4850
516,27,9,0.0,1,142680.64,France,Male,0,1,1,0.9994092,High Risk,4851
530,48,0,0.0,1,85081.09,France,Female,0,1,0,0.14860974,Low Risk,4852
687,35,3,0.0,2,176450.19,Spain,Male,1,1,0,0.5783935,Medium Risk,4853
684,41,6,135203.81,2,121967.88,France,Female,1,1,0,0.46491623,Medium Risk,4854
706,23,2,93301.97,2,127187.04,Germany,Male,1,0,0,0.99227726,High Risk,4855
490,33,5,96341.0,2,108313.34,Germany,Male,0,0,0,0.87773156,High Risk,4856
796,44,8,165326.2,1,57205.55,France,Male,1,1,0,0.91722393,High Risk,4857
849,27,0,0.0,2,157891.86,France,Male,1,0,0,0.99421704,High Risk,4858
779,41,10,99786.2,1,86927.53,France,Female,0,1,0,0.74013644,High Risk,4859
794,22,4,114440.24,1,107753.07,Spain,Female,1,1,0,0.96480376,High Risk,4860
748,36,4,141573.55,1,82158.14,Spain,Male,0,1,0,0.9939644,High Risk,4861
663,22,9,0.0,1,29135.89,Spain,Female,0,1,1,0.7875021,High Risk,4862
645,55,1,133676.65,1,17095.49,Spain,Female,1,0,0,0.9925822,High Risk,4863
464,33,10,147493.7,2,100447.53,France,Female,0,1,0,0.99597067,High Risk,4864
737,54,9,0.0,1,83470.4,France,Male,0,1,1,0.9973182,High Risk,4865
590,29,4,0.0,2,121846.81,France,Female,0,1,0,0.5697558,Medium Risk,4866
522,37,3,95022.57,1,129107.59,Germany,Female,1,1,0,0.99905926,High Risk,4867
648,34,3,0.0,1,54726.43,France,Female,0,1,0,0.43144652,Medium Risk,4868
754,37,6,0.0,1,116141.72,France,Male,1,1,0,0.42200515,Medium Risk,4869
669,50,4,149713.61,3,124872.42,France,Male,1,1,1,0.990558,High Risk,4870
648,43,1,107963.38,1,186438.86,Germany,Female,0,0,1,0.9885787,High Risk,4871
763,40,3,0.0,2,134281.11,France,Male,0,1,0,0.99116,High Risk,4872
790,32,3,0.0,1,91044.47,Spain,Male,0,1,0,0.68425333,Medium Risk,4873
581,37,7,0.0,2,74320.75,France,Male,1,1,0,0.99483573,High Risk,4874
703,43,8,0.0,2,9704.66,France,Male,0,1,0,0.98895055,High Risk,4875
571,33,9,102017.25,2,128600.49,France,Female,0,0,0,0.9970752,High Risk,4876
657,27,8,0.0,2,6468.24,Spain,Female,0,0,0,0.997682,High Risk,4877
737,44,7,0.0,2,57898.58,France,Male,0,0,0,0.99219173,High Risk,4878
793,29,8,96674.55,2,192120.66,Spain,Male,0,0,0,0.98574466,High Risk,4879
783,44,3,81811.71,1,164213.53,Spain,Female,0,1,1,0.95522803,High Risk,4880
751,33,4,79281.61,1,117547.76,Spain,Male,0,1,0,0.9926051,High Risk,4881
579,31,6,0.0,2,26149.25,France,Male,0,1,0,0.99321705,High Risk,4882
655,36,10,122314.39,1,9181.66,Germany,Female,0,1,0,0.48069128,Medium Risk,4883
614,43,8,140733.74,1,166588.76,Germany,Male,1,1,0,0.9589658,High Risk,4884
678,49,2,116933.11,1,195053.58,Germany,Male,0,1,1,0.95522803,High Risk,4885
562,41,5,165445.04,2,85787.31,Spain,Male,0,1,0,0.9908222,High Risk,4886
711,53,5,123805.03,1,102428.51,Germany,Female,0,1,0,0.9894146,High Risk,4887
620,37,0,107548.94,1,71175.94,France,Male,0,1,0,0.5867379,Medium Risk,4888
437,49,9,111634.29,2,166440.32,France,Male,1,0,0,0.5697558,Medium Risk,4889
691,41,8,109153.96,3,148848.76,Germany,Female,1,1,1,0.9920753,High Risk,4890
552,34,4,0.0,2,140286.69,Spain,Female,0,1,0,0.6729253,Medium Risk,4891
765,34,5,86055.17,2,104220.5,Germany,Male,1,1,0,0.9962023,High Risk,4892
707,51,10,98438.23,1,70778.63,Germany,Female,0,0,1,0.97965086,High Risk,4893
764,29,5,0.0,2,65868.28,Spain,Male,0,1,0,0.98895055,High Risk,4894
585,32,8,144705.87,2,171482.56,France,Female,0,0,0,0.5839489,Medium Risk,4895
784,31,7,0.0,2,143204.41,France,Male,1,1,0,0.67821443,Medium Risk,4896
605,41,5,91612.91,1,28427.84,France,Male,1,1,0,0.968578,High Risk,4897
699,40,2,0.0,1,78387.32,Spain,Male,0,1,0,0.83637416,High Risk,4898
544,40,7,0.0,1,161076.92,France,Female,1,0,0,0.9250282,High Risk,4899
803,32,9,192122.84,1,54277.45,France,Female,1,1,1,0.48848805,Medium Risk,4900
735,41,7,179904.0,1,137180.95,France,Male,1,1,0,0.89645153,High Risk,4901
673,59,0,178058.06,2,21063.71,France,Male,1,0,1,0.36005542,Low Risk,4902
652,30,2,176166.56,2,152210.81,France,Male,1,1,0,0.9903257,High Risk,4903
694,42,3,156864.2,2,88890.75,France,Male,0,0,0,0.74590164,High Risk,4904
741,44,7,0.0,2,190534.76,France,Female,1,1,0,0.9599864,High Risk,4905
590,30,3,0.0,2,83090.35,Spain,Male,0,1,0,0.8385528,High Risk,4906
809,33,3,0.0,2,141426.78,Spain,Female,1,0,0,0.61705965,Medium Risk,4907
523,34,2,161588.89,1,51358.66,France,Male,1,1,0,0.9816821,High Risk,4908
540,48,2,109349.29,1,88703.04,France,Male,0,1,1,0.98875964,High Risk,4909
596,29,6,0.0,2,116696.77,Spain,Female,0,1,0,0.82112795,High Risk,4910
597,36,9,0.0,2,7156.09,France,Female,1,1,0,0.84770465,High Risk,4911
407,37,1,0.0,1,49161.12,Spain,Male,1,1,1,0.96674025,High Risk,4912
748,60,0,152335.7,1,126743.33,France,Male,0,1,1,0.81733686,High Risk,4913
562,51,1,124662.54,1,65390.46,France,Female,1,1,1,0.5697558,Medium Risk,4914
734,47,10,91522.04,2,138835.91,Germany,Female,1,1,0,0.9492423,High Risk,4915
710,45,1,0.0,2,36154.66,France,Male,1,1,0,0.80764085,High Risk,4916
539,39,6,62052.28,1,59755.14,Spain,Female,1,0,0,0.97418165,High Risk,4917
542,32,7,107871.72,1,125302.64,France,Male,0,1,0,0.98053575,High Risk,4918
717,36,2,99472.76,2,94274.72,France,Female,0,1,1,0.43738797,Medium Risk,4919
682,50,10,128039.01,1,102260.16,Spain,Female,1,1,0,0.30895284,Low Risk,4920
515,33,2,0.0,2,136028.97,France,Male,1,1,0,0.976253,High Risk,4921
526,33,8,114634.63,2,110114.38,Spain,Female,0,1,1,0.68148535,Medium Risk,4922
702,26,5,56738.47,2,100442.22,France,Male,1,1,1,0.9630153,High Risk,4923
651,34,2,90355.12,2,193597.94,Germany,Male,0,0,0,0.9976683,High Risk,4924
792,36,5,115725.24,2,1871.25,Germany,Male,0,0,0,0.8043501,High Risk,4925
817,58,3,114327.59,2,42831.11,Germany,Male,1,1,0,0.9798269,High Risk,4926
674,36,6,100762.64,1,182156.86,Germany,Female,0,1,0,0.9988135,High Risk,4927
641,40,9,0.0,1,151648.66,France,Female,0,0,1,0.34901834,Low Risk,4928
513,39,7,89039.9,2,146738.83,Spain,Male,1,1,0,0.8375982,High Risk,4929
561,34,1,78829.53,1,12148.2,France,Male,1,1,0,0.7111133,High Risk,4930
627,30,6,112372.96,1,118029.09,Germany,Male,1,1,0,0.6324989,Medium Risk,4931
682,81,6,122029.15,1,50783.88,Germany,Male,1,1,0,0.98821485,High Risk,4932
683,29,0,157829.12,1,129891.66,France,Female,0,0,0,0.7226957,High Risk,4933
420,31,1,108377.75,2,9904.63,Germany,Female,1,1,0,0.7497031,High Risk,4934
670,54,2,95507.12,1,63213.31,France,Female,1,1,0,0.98299545,High Risk,4935
505,43,6,127146.68,1,137565.87,Germany,Male,0,0,0,0.99359375,High Risk,4936
580,24,1,133811.78,1,17185.95,Germany,Male,0,1,1,0.5867379,Medium Risk,4937
577,36,3,121092.47,2,143783.46,France,Male,1,0,0,0.9934915,High Risk,4938
773,34,10,126979.75,1,36823.28,Germany,Male,0,0,0,0.97911686,High Risk,4939
616,37,5,144235.73,2,154957.66,France,Male,0,0,1,0.99522424,High Risk,4940
763,38,0,152582.2,2,31892.82,France,Female,0,0,0,0.95522803,High Risk,4941
640,43,9,172478.15,1,191084.4,Spain,Male,0,1,1,0.9847254,High Risk,4942
592,36,1,126477.42,1,179718.17,France,Male,0,0,0,0.34901834,Low Risk,4943
528,43,7,97473.87,2,159823.16,Spain,Male,1,1,0,0.5867379,Medium Risk,4944
630,53,5,138053.67,1,114110.97,France,Male,1,0,0,0.6977179,Medium Risk,4945
529,31,2,164003.05,2,60993.23,France,Female,1,1,0,0.89342475,High Risk,4946
546,47,8,0.0,1,66408.01,France,Female,1,1,1,0.85733265,High Risk,4947
753,62,6,0.0,2,136398.9,France,Female,1,1,0,0.43738797,Medium Risk,4948
772,39,4,122486.11,2,140709.25,Spain,Female,1,1,0,0.9993918,High Risk,4949
567,36,1,0.0,2,8555.73,France,Male,0,0,0,0.9908222,High Risk,4950
628,45,6,53667.44,1,115022.94,Germany,Female,0,1,0,0.988991,High Risk,4951
658,20,7,0.0,2,187638.34,France,Male,0,0,0,0.4802039,Medium Risk,4952
679,58,9,109327.65,1,3829.13,Spain,Male,1,1,0,0.98229444,High Risk,4953
629,34,1,121151.05,1,119357.93,Spain,Male,0,0,0,0.34901834,Low Risk,4954
731,42,9,101043.63,1,192175.52,Spain,Male,1,1,0,0.968322,High Risk,4955
775,33,3,83501.66,2,128841.31,Germany,Male,0,1,0,0.96860045,High Risk,4956
660,33,2,80462.24,1,150422.35,Spain,Male,0,0,0,0.9885787,High Risk,4957
752,39,3,0.0,1,188187.05,France,Male,0,1,0,0.98884946,High Risk,4958
655,37,6,109093.41,2,1775.52,France,Male,0,1,0,0.43738797,Medium Risk,4959
543,46,5,140355.6,1,85086.78,Spain,Female,1,1,0,0.8524879,High Risk,4960
811,42,10,0.0,2,3797.79,France,Male,1,1,0,0.9657218,High Risk,4961
689,45,0,130170.82,2,150856.38,Germany,Male,0,1,0,0.87002105,High Risk,4962
531,42,2,0.0,2,90537.47,France,Female,1,0,0,0.75007397,High Risk,4963
515,40,0,109542.29,1,166370.81,France,Male,1,1,0,0.9842263,High Risk,4964
466,41,3,33563.95,2,178994.13,France,Female,0,1,1,0.8153439,High Risk,4965
782,36,1,148795.17,2,195681.43,France,Male,1,1,0,0.76263154,High Risk,4966
611,64,9,0.0,2,53277.15,France,Male,1,1,0,0.968322,High Risk,4967
621,40,8,174126.75,3,172490.78,Germany,Male,0,1,1,0.989359,High Risk,4968
604,41,3,0.0,1,11819.84,Spain,Male,0,0,0,0.53288674,Medium Risk,4969
655,35,1,106405.03,1,82900.25,Spain,Female,1,1,0,0.18318346,Low Risk,4970
689,38,2,0.0,1,82709.8,Spain,Male,1,1,0,0.34901834,Low Risk,4971
681,30,2,128393.29,1,180593.45,Spain,Male,1,1,0,0.9589658,High Risk,4972
643,41,2,127841.52,1,172363.41,Germany,Male,0,1,0,0.80930644,High Risk,4973
617,24,4,137295.19,2,91195.12,France,Female,1,1,0,0.5291973,Medium Risk,4974
638,55,2,155828.22,1,108987.25,Spain,Female,1,0,1,0.9947924,High Risk,4975
743,39,6,0.0,2,44265.28,France,Male,0,1,0,0.9970674,High Risk,4976
828,25,7,144351.86,1,116613.26,Germany,Female,0,1,0,0.39078698,Low Risk,4977
776,35,8,106365.29,1,148527.56,Spain,Male,1,1,0,0.823171,High Risk,4978
540,35,7,127801.88,1,84239.46,Germany,Male,1,0,0,0.79087275,High Risk,4979
616,45,4,122793.96,1,62002.04,Germany,Female,1,1,0,0.98776245,High Risk,4980
628,38,10,113525.84,1,46044.48,Germany,Male,0,1,1,0.987301,High Risk,4981
667,23,6,136100.69,2,169669.33,Spain,Female,0,0,1,0.34777498,Low Risk,4982
615,30,7,0.0,2,156346.84,France,Male,1,1,0,0.9692657,High Risk,4983
543,30,4,140916.81,1,157711.18,France,Male,0,1,0,0.8671039,High Risk,4984
553,31,4,0.0,2,89087.4,France,Female,1,1,0,0.6165194,Medium Risk,4985
554,26,4,121365.39,1,8742.36,Germany,Male,1,1,0,0.9920753,High Risk,4986
684,36,4,0.0,1,117038.96,Spain,Female,0,1,0,0.9979358,High Risk,4987
452,35,7,0.0,2,164241.67,France,Female,0,1,0,0.5204896,Medium Risk,4988
606,47,3,93578.68,2,137720.56,France,Male,1,0,1,0.9962016,High Risk,4989
629,40,9,0.0,1,106.67,France,Male,0,1,0,0.77182347,High Risk,4990
659,33,8,115409.6,1,1539.21,Spain,Female,1,0,0,0.824172,High Risk,4991
493,33,8,90791.69,1,59659.53,France,Female,1,1,0,0.99250644,High Risk,4992
794,62,9,123681.32,3,173586.63,France,Female,0,1,1,0.9805135,High Risk,4993
554,44,6,92436.86,1,126033.9,France,Female,0,1,0,0.908714,High Risk,4994
796,52,9,167194.36,1,62808.93,Germany,Female,1,1,1,0.9308186,High Risk,4995
807,36,4,0.0,2,147007.33,France,Female,1,0,0,0.968322,High Risk,4996
500,44,9,160838.13,2,196261.64,Germany,Male,0,1,0,0.9970294,High Risk,4997
722,43,1,0.0,1,44560.17,Spain,Male,0,1,1,0.63178086,Medium Risk,4998
559,40,7,144470.77,1,18917.95,Spain,Female,1,1,0,0.6460302,Medium Risk,4999
584,38,3,0.0,2,4525.4,Spain,Female,1,1,0,0.9563314,High Risk,5000
834,68,9,130169.27,2,93112.2,Germany,Female,1,0,0,0.27978507,Low Risk,5001
754,35,4,0.0,2,9658.41,Spain,Male,1,1,0,0.48848805,Medium Risk,5002
590,43,7,81076.8,2,182627.25,France,Male,1,1,1,0.62809825,Medium Risk,5003
740,36,7,0.0,1,13177.4,France,Male,1,1,0,0.9879453,High Risk,5004
502,57,3,101465.31,1,43568.31,Germany,Female,0,1,1,0.5692201,Medium Risk,5005
733,48,5,0.0,1,117830.57,France,Male,1,0,0,0.8475035,High Risk,5006
755,37,0,113865.23,2,117396.25,Germany,Female,1,1,0,0.59517825,Medium Risk,5007
554,46,7,87603.35,3,96929.24,Spain,Female,1,0,1,0.985836,High Risk,5008
534,36,4,120037.96,1,36275.94,France,Male,0,1,0,0.9599864,High Risk,5009
656,33,4,0.0,2,116706.0,Spain,Male,0,1,0,0.48069128,Medium Risk,5010
575,49,7,121205.15,4,168080.53,Germany,Male,1,1,1,0.9792044,High Risk,5011
480,47,8,75408.33,1,25887.89,Spain,Male,0,1,1,0.43144652,Medium Risk,5012
575,40,5,0.0,2,122488.59,France,Male,1,1,0,0.9973182,High Risk,5013
672,40,3,0.0,1,113171.61,France,Female,0,1,1,0.9954335,High Risk,5014
758,35,5,0.0,2,100365.51,Spain,Female,0,0,0,0.5867379,Medium Risk,5015
682,50,6,121818.84,2,124151.37,France,Male,1,0,0,0.9961876,High Risk,5016
501,29,8,0.0,2,112664.24,France,Female,0,1,0,0.48069128,Medium Risk,5017
746,34,6,141806.0,2,183494.87,Germany,Male,1,1,0,0.9805135,High Risk,5018
556,51,8,61354.14,1,198810.65,France,Female,0,1,1,0.8344344,High Risk,5019
823,53,4,124954.94,1,131259.6,Germany,Female,1,0,1,0.8808917,High Risk,5020
491,68,1,95039.12,1,116471.14,Germany,Female,1,0,1,0.7669059,High Risk,5021
638,29,9,103417.74,1,15336.4,France,Female,1,1,0,0.99125457,High Risk,5022
734,45,2,0.0,2,99593.28,France,Male,0,1,0,0.9839229,High Risk,5023
555,40,10,43028.77,1,170514.21,France,Male,0,1,0,0.8465856,High Risk,5024
745,44,0,119638.21,1,34265.08,Germany,Female,1,1,1,0.97911686,High Risk,5025
728,37,3,122689.51,2,106977.53,France,Male,0,0,1,0.994922,High Risk,5026
626,44,10,0.0,2,164287.86,France,Male,0,0,0,0.6561557,Medium Risk,5027
681,37,8,73179.34,2,25292.53,Germany,Male,1,1,0,0.9930889,High Risk,5028
478,38,4,171913.87,1,51820.87,France,Female,0,1,1,0.68425333,Medium Risk,5029
709,38,5,0.0,2,81452.29,France,Male,1,1,0,0.99037,High Risk,5030
562,33,8,92659.2,2,1354.25,Germany,Male,0,1,0,0.81899387,High Risk,5031
769,34,7,137239.17,1,71379.92,Germany,Female,1,1,1,0.9737768,High Risk,5032
684,46,3,102955.14,2,154137.33,Germany,Female,0,1,0,0.82006365,High Risk,5033
536,61,8,65190.29,1,64308.49,France,Female,1,1,1,0.66700685,Medium Risk,5034
631,29,2,96863.52,2,31613.35,Germany,Female,1,1,0,0.9792044,High Risk,5035
657,34,5,154983.98,1,27738.01,Spain,Male,0,1,0,0.5723433,Medium Risk,5036
699,59,3,106819.65,1,163570.25,Germany,Male,1,0,0,0.34901834,Low Risk,5037
606,38,7,128578.52,1,193878.51,Spain,Male,1,1,0,0.64462596,Medium Risk,5038
612,63,2,126473.33,1,147545.65,France,Female,1,0,0,0.9805135,High Risk,5039
660,38,5,110570.78,2,195906.59,France,Female,0,1,0,0.52506316,Medium Risk,5040
829,50,7,0.0,2,178458.86,Spain,Male,1,0,0,0.9440024,High Risk,5041
567,29,8,0.0,2,156125.72,Spain,Male,0,1,0,0.94504565,High Risk,5042
850,33,3,0.0,2,11159.19,France,Female,1,1,0,0.99728084,High Risk,5043
712,44,2,0.0,2,45738.94,Spain,Female,0,0,0,0.97911686,High Risk,5044
562,30,3,111099.79,2,140650.19,France,Male,0,0,0,0.9979534,High Risk,5045
755,29,3,0.0,3,4733.94,France,Female,0,1,0,0.99688655,High Risk,5046
793,25,3,100913.57,1,10579.72,Spain,Male,0,0,0,0.15385811,Low Risk,5047
471,26,8,0.0,2,179655.87,Spain,Male,1,1,0,0.675856,Medium Risk,5048
707,42,2,16893.59,1,77502.56,France,Male,1,1,0,0.99219173,High Risk,5049
784,38,10,122267.85,1,145759.93,Spain,Male,0,0,0,0.90539503,High Risk,5050
703,32,1,125685.79,1,56246.72,France,Male,1,1,0,0.9623019,High Risk,5051
704,36,8,127397.34,1,151335.24,Spain,Male,0,1,0,0.81691116,High Risk,5052
662,38,0,105271.56,1,179833.45,France,Male,1,0,0,0.9892306,High Risk,5053
636,28,2,115265.14,1,191627.85,Germany,Female,0,0,0,0.97662234,High Risk,5054
640,36,4,0.0,1,173016.46,Spain,Male,0,0,0,0.8617258,High Risk,5055
739,31,1,0.0,2,58469.75,Spain,Male,1,1,0,0.71760917,High Risk,5056
767,23,2,139542.82,1,28038.28,Germany,Male,1,0,0,0.9562895,High Risk,5057
753,46,3,111512.75,3,159576.75,Germany,Female,0,1,1,0.6294476,Medium Risk,5058
714,37,9,148466.93,2,151280.96,France,Male,1,0,0,0.9885787,High Risk,5059
707,29,4,0.0,2,139953.94,France,Male,0,1,0,0.9805135,High Risk,5060
577,35,4,108155.49,1,105407.79,France,Female,0,1,0,0.9993773,High Risk,5061
633,42,1,0.0,2,56865.62,France,Female,0,1,0,0.74458116,High Risk,5062
849,41,10,84622.13,1,198072.16,Germany,Male,1,1,0,0.98484415,High Risk,5063
614,41,7,146997.64,2,137791.18,Spain,Female,0,0,0,0.9973182,High Risk,5064
558,47,9,0.0,2,103787.28,France,Female,0,1,0,0.99714893,High Risk,5065
832,27,10,98590.25,1,30912.89,France,Female,0,1,0,0.88725084,High Risk,5066
567,26,2,0.0,2,78651.55,France,Female,1,1,0,0.5697558,Medium Risk,5067
587,45,8,134980.74,1,123309.57,Germany,Female,1,1,1,0.40878165,Medium Risk,5068
712,79,5,108078.56,1,174118.93,Spain,Female,1,1,0,0.67256165,Medium Risk,5069
655,29,9,0.0,2,85736.26,Spain,Female,1,0,0,0.99845815,High Risk,5070
641,42,6,0.0,2,121138.77,France,Female,0,0,0,0.98901844,High Risk,5071
676,35,5,106836.67,2,84199.78,France,Male,0,1,0,0.5886625,Medium Risk,5072
472,29,8,102490.27,1,181224.56,France,Male,1,0,0,0.98574764,High Risk,5073
644,34,9,112746.54,2,141230.07,Germany,Male,0,0,0,0.977382,High Risk,5074
598,38,0,125487.89,1,158111.71,France,Male,0,0,0,0.5872056,Medium Risk,5075
792,25,8,142862.21,1,130639.01,Spain,Male,1,1,0,0.99879324,High Risk,5076
700,37,7,0.0,2,17040.82,France,Female,0,1,0,0.9926051,High Risk,5077
616,34,10,0.0,2,25662.27,France,Male,0,1,0,0.34901834,Low Risk,5078
743,35,6,79388.33,1,193360.69,Spain,Male,1,1,0,0.43144652,Medium Risk,5079
427,37,5,0.0,2,121485.1,France,Male,1,1,0,0.44150388,Medium Risk,5080
731,29,10,0.0,2,162452.65,France,Male,1,1,0,0.62140924,Medium Risk,5081
610,31,6,107784.65,1,141137.53,France,Female,1,1,0,0.98484415,High Risk,5082
724,41,4,142880.28,3,185541.2,Spain,Female,0,0,1,0.976253,High Risk,5083
653,38,9,149571.94,1,118383.18,Spain,Female,0,1,0,0.8375982,High Risk,5084
774,49,1,142767.39,1,8214.41,France,Male,1,1,0,0.9853935,High Risk,5085
547,49,8,121537.71,2,46521.45,Germany,Male,0,1,1,0.98207146,High Risk,5086
719,50,2,0.0,2,10772.13,Spain,Male,0,0,0,0.9599864,High Risk,5087
740,43,9,0.0,1,199290.68,Spain,Male,0,1,1,0.9859346,High Risk,5088
543,42,4,89838.71,3,85983.54,France,Male,0,1,1,0.98299545,High Risk,5089
688,45,9,103399.87,1,129870.93,Germany,Male,0,0,0,0.9990121,High Risk,5090
474,30,9,0.0,2,63158.22,France,Female,0,0,0,0.968322,High Risk,5091
505,43,5,136855.94,2,171070.52,Germany,Male,0,1,0,0.9995402,High Risk,5092
688,39,0,0.0,2,53222.15,France,Female,0,1,1,0.3736232,Low Risk,5093
650,55,2,140891.46,3,179834.45,Germany,Female,1,1,1,0.9971373,High Risk,5094
610,37,0,0.0,1,114514.64,France,Male,0,1,0,0.59517825,Medium Risk,5095
705,46,5,89364.91,1,139162.15,Spain,Female,1,0,0,0.99496305,High Risk,5096
669,29,7,146011.4,1,50249.16,France,Female,0,0,0,0.13363321,Low Risk,5097
650,20,8,0.0,2,113469.65,Spain,Male,1,1,0,0.9733847,High Risk,5098
550,29,9,145294.08,2,147484.13,Germany,Male,0,1,0,0.9892306,High Risk,5099
595,45,9,106000.12,1,191448.96,Germany,Female,0,0,1,0.98875964,High Risk,5100
572,26,5,0.0,2,119381.41,Spain,Female,0,1,0,0.51604,Medium Risk,5101
622,58,2,0.0,2,33277.31,Spain,Female,1,1,0,0.9813479,High Risk,5102
662,20,9,104508.77,2,73107.53,Spain,Male,0,0,0,0.883864,High Risk,5103
783,58,3,127539.3,1,96590.39,Germany,Female,1,1,1,0.40349913,Medium Risk,5104
714,44,7,0.0,1,6923.11,Spain,Male,1,0,0,0.9589658,High Risk,5105
671,51,3,96891.46,1,176403.33,Germany,Male,0,1,1,0.99394375,High Risk,5106
600,32,1,78535.25,1,64349.6,France,Female,0,1,0,0.99084365,High Risk,5107
847,37,9,112712.17,1,116097.26,Spain,Female,0,1,0,0.54197025,Medium Risk,5108
650,55,9,119618.42,1,29861.13,Spain,Male,1,1,0,0.99603504,High Risk,5109
710,28,6,0.0,1,48426.98,Spain,Female,0,1,0,0.78366745,High Risk,5110
682,33,8,74963.5,1,32770.56,France,Female,1,1,0,0.695983,Medium Risk,5111
642,26,1,138023.79,2,117060.2,France,Male,1,0,0,0.6266928,Medium Risk,5112
536,28,4,0.0,1,136197.65,Spain,Female,1,1,0,0.9921774,High Risk,5113
754,47,1,185513.67,1,27438.83,France,Female,0,1,0,0.97911686,High Risk,5114
678,60,8,185648.56,1,192156.54,France,Male,0,0,1,0.9919551,High Risk,5115
533,49,1,102286.6,3,69409.37,Germany,Female,0,1,1,0.9853935,High Risk,5116
741,38,4,128015.83,1,58440.43,Germany,Male,0,1,0,0.98912877,High Risk,5117
757,31,10,39539.39,2,192519.39,France,Male,0,0,0,0.43144652,Medium Risk,5118
721,40,3,0.0,1,144874.67,France,Male,1,1,0,0.48848805,Medium Risk,5119
700,37,3,77608.46,2,175373.46,France,Male,1,1,0,0.9906632,High Risk,5120
663,26,5,141462.13,1,440.2,France,Male,0,1,0,0.9980394,High Risk,5121
677,35,0,0.0,2,76637.38,Spain,Female,0,0,0,0.985836,High Risk,5122
655,27,2,131691.33,1,49480.66,France,Male,0,1,0,0.82255286,High Risk,5123
832,29,8,93833.86,1,10417.87,Spain,Male,1,0,0,0.6894544,Medium Risk,5124
721,46,7,137933.39,1,67976.57,Spain,Female,1,1,0,0.50345665,Medium Risk,5125
542,54,8,105770.14,1,140929.98,Spain,Male,1,0,1,0.8030674,High Risk,5126
654,54,5,0.0,2,47139.06,Spain,Female,1,0,0,0.87100136,High Risk,5127
821,38,8,0.0,2,126241.4,Spain,Female,1,0,1,0.778486,High Risk,5128
508,38,3,166328.65,2,22614.19,France,Female,1,0,0,0.9879453,High Risk,5129
588,42,2,164307.77,1,48498.19,Germany,Female,0,1,0,0.823171,High Risk,5130
691,38,9,163965.69,2,103511.26,Germany,Male,1,0,0,0.9692657,High Risk,5131
664,40,7,125608.72,1,122073.48,France,Male,0,1,0,0.99879164,High Risk,5132
439,66,9,0.0,1,65535.56,France,Female,0,1,0,0.50345665,Medium Risk,5133
479,37,6,118433.94,1,160060.9,Spain,Male,1,0,0,0.99250644,High Risk,5134
850,55,10,98488.08,1,155879.57,France,Female,0,1,1,0.5692201,Medium Risk,5135
518,40,4,0.0,2,194416.58,France,Male,1,0,0,0.72636217,High Risk,5136
717,64,10,98362.35,2,21630.21,Germany,Female,1,1,0,0.9805135,High Risk,5137
698,51,6,144237.91,4,157143.61,France,Female,0,1,1,0.9085326,High Risk,5138
850,34,6,0.0,1,52796.31,France,Male,1,0,0,0.9599864,High Risk,5139
700,47,4,0.0,1,121798.52,Spain,Male,0,1,1,0.99397945,High Risk,5140
626,29,4,105767.28,2,41104.82,France,Female,0,0,0,0.97403854,High Risk,5141
774,32,9,0.0,2,10604.48,Spain,Male,0,1,0,0.99644226,High Risk,5142
719,48,5,0.0,2,78563.66,Spain,Female,0,0,0,0.14860974,Low Risk,5143
646,31,2,0.0,1,170821.43,Spain,Male,1,1,1,0.6562869,Medium Risk,5144
485,25,3,134467.26,1,113266.09,France,Female,1,1,0,0.81059754,High Risk,5145
784,38,1,138515.02,1,171768.76,Germany,Male,1,1,0,0.99497116,High Risk,5146
850,32,2,128647.98,2,54416.18,Germany,Male,0,0,0,0.98366064,High Risk,5147
669,38,9,121858.98,1,130755.34,France,Female,0,1,0,0.20558052,Low Risk,5148
731,70,3,0.0,2,141180.66,Spain,Male,1,1,0,0.6996476,Medium Risk,5149
721,49,1,120108.56,1,183421.76,France,Female,1,0,0,0.6969986,Medium Risk,5150
515,37,0,196853.62,1,132770.11,France,Female,1,1,0,0.7027262,High Risk,5151
774,35,3,121418.62,1,24400.37,France,Female,1,1,0,0.109249584,Low Risk,5152
585,36,10,0.0,2,180318.6,Spain,Male,1,1,0,0.9961876,High Risk,5153
695,29,9,0.0,2,111565.45,France,Female,0,1,0,0.99614346,High Risk,5154
729,42,4,97495.8,2,2002.5,Germany,Female,0,0,0,0.99945956,High Risk,5155
713,42,3,0.0,2,82565.01,France,Female,0,0,0,0.50345665,Medium Risk,5156
555,33,5,127343.4,1,121789.3,Spain,Male,1,0,0,0.9746936,High Risk,5157
699,50,0,158633.61,1,193785.87,Spain,Female,0,1,0,0.99597067,High Risk,5158
587,55,9,0.0,1,64593.07,France,Male,0,1,0,0.47489294,Medium Risk,5159
762,69,9,183744.98,1,196993.69,Spain,Female,1,1,0,0.43144652,Medium Risk,5160
510,44,6,0.0,2,175518.31,France,Male,1,1,0,0.9970271,High Risk,5161
842,46,9,0.0,1,17268.02,Spain,Male,0,0,0,0.9908049,High Risk,5162
608,31,7,79962.92,2,60901.72,France,Male,0,1,0,0.9394126,High Risk,5163
850,36,10,0.0,2,100750.03,France,Female,1,1,0,0.43144652,Medium Risk,5164
642,36,4,0.0,2,195224.91,France,Male,1,1,0,0.9973195,High Risk,5165
850,33,7,140956.99,1,3510.18,France,Male,0,0,0,0.4505659,Medium Risk,5166
455,43,6,0.0,1,81250.79,Spain,Female,1,1,0,0.6930205,Medium Risk,5167
726,29,7,0.0,2,91844.14,France,Male,1,1,1,0.39078698,Low Risk,5168
544,30,8,145241.63,1,80676.83,Spain,Male,1,1,0,0.9733847,High Risk,5169
651,31,7,138008.06,2,129912.74,Germany,Male,0,1,0,0.88541204,High Risk,5170
814,31,4,0.0,2,142029.17,France,Female,1,1,0,0.30895284,Low Risk,5171
537,39,2,0.0,2,137651.6,France,Male,1,1,0,0.9911929,High Risk,5172
553,37,2,0.0,2,33877.29,France,Male,0,1,0,0.98746604,High Risk,5173
800,38,9,0.0,1,78744.39,Spain,Male,0,1,0,0.9978175,High Risk,5174
791,34,7,0.0,2,96734.46,France,Male,0,1,0,0.976253,High Risk,5175
699,29,9,127570.93,2,164756.81,Spain,Female,0,1,0,0.8085209,High Risk,5176
756,28,6,0.0,1,164394.65,France,Female,1,1,0,0.6717305,Medium Risk,5177
591,27,5,107812.67,1,162501.83,Spain,Female,1,0,1,0.9974368,High Risk,5178
850,22,7,91560.58,2,10541.38,Germany,Male,0,0,0,0.67136395,Medium Risk,5179
760,34,6,121303.77,2,59325.21,Germany,Male,1,1,0,0.50345665,Medium Risk,5180
569,43,8,161546.68,2,178187.28,Spain,Male,1,0,0,0.97172,High Risk,5181
661,35,5,128415.45,1,142626.49,Spain,Female,0,1,0,0.5783935,Medium Risk,5182
670,31,2,57530.06,1,181893.31,France,Female,1,1,1,0.93652844,High Risk,5183
694,38,1,0.0,2,156858.2,France,Male,1,0,0,0.9910755,High Risk,5184
728,28,4,142243.54,2,33074.51,France,Female,0,1,0,0.9922633,High Risk,5185
764,39,9,138341.51,1,50072.94,Germany,Female,0,1,1,0.9838238,High Risk,5186
639,32,9,0.0,2,111340.36,France,Male,0,1,0,0.87002105,High Risk,5187
683,30,2,0.0,2,100496.84,France,Female,1,0,1,0.9599864,High Risk,5188
663,30,4,0.0,3,101371.05,Spain,Male,0,1,0,0.9906722,High Risk,5189
826,41,5,146466.46,2,180934.67,Spain,Male,0,0,0,0.9599864,High Risk,5190
735,36,5,0.0,2,105152.17,Spain,Male,0,1,0,0.9167861,High Risk,5191
682,58,1,0.0,1,706.5,France,Female,1,1,0,0.8671039,High Risk,5192
663,39,8,0.0,2,101168.9,France,Female,1,1,0,0.65089375,Medium Risk,5193
562,29,9,120307.58,1,6795.61,Spain,Female,1,1,0,0.98248553,High Risk,5194
696,27,4,87637.26,2,196111.35,France,Male,0,0,0,0.5189885,Medium Risk,5195
850,38,2,94652.04,1,171960.76,Spain,Male,1,1,0,0.6182761,Medium Risk,5196
719,22,7,114415.84,1,177497.4,France,Female,1,1,0,0.96496594,High Risk,5197
804,71,8,0.0,2,147995.96,France,Female,1,0,0,0.9930207,High Risk,5198
604,40,1,84315.02,1,36209.1,France,Male,0,0,0,0.99780875,High Risk,5199
782,27,3,0.0,2,143614.01,Spain,Female,0,1,0,0.98718333,High Risk,5200
512,42,9,93955.83,2,14828.54,Germany,Male,0,1,0,0.977459,High Risk,5201
569,36,1,67087.69,1,154775.7,France,Male,0,1,0,0.99401045,High Risk,5202
597,22,6,101528.61,1,70529.0,Germany,Female,0,1,1,0.877583,High Risk,5203
753,30,1,110824.52,1,57896.27,Germany,Male,1,1,0,0.820937,High Risk,5204
430,33,8,0.0,1,69759.91,France,Female,1,1,0,0.9908049,High Risk,5205
756,28,8,179960.2,1,89938.08,France,Male,0,1,0,0.9859346,High Risk,5206
493,38,3,134006.77,1,89578.32,France,Male,0,1,0,0.81899387,High Risk,5207
777,37,10,121532.17,2,73464.88,Germany,Female,1,1,0,0.4505659,Medium Risk,5208
779,38,7,0.0,2,138542.87,Spain,Female,1,1,0,0.4505659,Medium Risk,5209
702,38,2,0.0,1,161888.63,Spain,Female,1,1,0,0.99204355,High Risk,5210
551,35,7,129717.3,2,86937.2,France,Male,0,0,0,0.67311406,Medium Risk,5211
749,22,4,94762.16,2,42241.54,Germany,Male,1,1,0,0.63643175,Medium Risk,5212
742,55,5,155196.17,1,121207.66,Germany,Male,1,0,1,0.63414425,Medium Risk,5213
752,29,4,129514.99,1,102930.46,Germany,Male,1,1,0,0.74301577,High Risk,5214
740,57,3,113386.36,2,65121.63,Germany,Female,1,1,1,0.75366956,High Risk,5215
576,24,3,0.0,1,78498.04,France,Male,1,0,1,0.29072845,Low Risk,5216
637,43,3,172196.23,1,104769.96,Spain,Male,1,1,0,0.68148535,Medium Risk,5217
724,28,5,97612.12,1,96498.14,France,Male,1,1,0,0.9881341,High Risk,5218
685,20,4,104719.94,2,38691.34,France,Male,0,1,0,0.9973182,High Risk,5219
625,38,7,0.0,1,164804.02,France,Female,0,1,0,0.9878477,High Risk,5220
571,37,9,139592.98,3,104152.65,Germany,Male,0,1,1,0.9920753,High Risk,5221
584,29,4,0.0,2,88866.92,Spain,Female,0,1,0,0.9807943,High Risk,5222
550,22,7,139096.85,1,129890.94,France,Female,0,1,0,0.63103765,Medium Risk,5223
662,72,7,140301.72,1,179258.67,Spain,Female,1,0,0,0.99116,High Risk,5224
803,43,3,0.0,1,72051.44,Spain,Male,0,1,0,0.76263154,High Risk,5225
615,66,7,0.0,2,74580.8,France,Male,1,1,0,0.6269217,Medium Risk,5226
481,39,1,111233.09,1,123995.15,Spain,Male,1,1,0,0.9926051,High Risk,5227
701,23,3,0.0,2,38960.59,France,Male,0,1,0,0.8034154,High Risk,5228
751,29,10,147737.63,1,94951.27,France,Male,1,0,0,0.60360426,Medium Risk,5229
675,35,8,0.0,2,56642.97,France,Male,1,1,0,0.67136395,Medium Risk,5230
733,40,5,125725.02,2,50783.1,Germany,Male,1,1,0,0.995242,High Risk,5231
822,38,6,128289.7,3,9149.96,France,Male,0,1,1,0.99879324,High Risk,5232
559,46,5,0.0,1,21006.1,France,Female,0,1,1,0.69082886,Medium Risk,5233
731,49,4,88826.07,1,33759.41,Germany,Female,1,1,1,0.98289686,High Risk,5234
678,41,1,143443.61,1,196622.28,France,Female,0,1,1,0.85733265,High Risk,5235
645,68,9,0.0,4,176353.87,France,Female,1,1,1,0.98076725,High Risk,5236
701,29,2,0.0,2,176943.59,France,Male,0,1,0,0.3508252,Low Risk,5237
554,26,8,149134.46,1,177966.24,Spain,Male,1,1,0,0.9692657,High Risk,5238
723,30,3,124119.54,1,162198.32,France,Male,0,1,0,0.9778741,High Risk,5239
766,44,3,116822.7,1,197643.24,Germany,Male,0,0,0,0.9953631,High Risk,5240
597,24,1,103219.47,1,60420.07,France,Female,0,1,0,0.999526,High Risk,5241
574,41,1,0.0,2,70550.0,France,Male,0,0,0,0.6894864,Medium Risk,5242
655,40,0,81954.6,1,198798.44,Germany,Female,1,1,1,0.9830831,High Risk,5243
780,37,10,95196.26,1,126310.39,Germany,Female,0,1,1,0.33265364,Low Risk,5244
672,43,5,0.0,2,64515.5,Spain,Male,1,1,0,0.43144652,Medium Risk,5245
717,38,7,0.0,2,158580.05,France,Male,1,1,0,0.44697872,Medium Risk,5246
521,32,2,136555.01,2,129353.21,France,Female,1,1,0,0.43144652,Medium Risk,5247
633,59,5,0.0,1,137273.97,France,Male,1,1,0,0.48848805,Medium Risk,5248
669,39,3,119452.03,1,171575.54,France,Male,1,1,0,0.7459995,High Risk,5249
740,44,9,0.0,1,96528.0,France,Male,1,0,1,0.8856812,High Risk,5250
462,24,9,69881.09,2,64421.02,Germany,Female,1,0,0,0.43144652,Medium Risk,5251
619,39,5,0.0,2,158444.61,France,Male,1,1,0,0.89342475,High Risk,5252
665,44,7,0.0,2,66548.58,France,Female,1,1,0,0.9935137,High Risk,5253
655,27,9,0.0,2,108008.05,Spain,Female,0,0,0,0.9558566,High Risk,5254
463,20,8,204223.03,1,128268.39,Spain,Male,0,1,0,0.9946838,High Risk,5255
799,63,1,110314.21,2,37464.0,France,Female,0,1,1,0.986705,High Risk,5256
713,48,1,163760.82,1,157381.14,Spain,Female,0,0,1,0.69051373,Medium Risk,5257
807,31,1,141069.18,3,194257.11,Germany,Female,1,1,0,0.74957263,High Risk,5258
728,38,1,115934.74,1,139059.05,France,Male,1,1,0,0.70550215,High Risk,5259
582,52,2,151457.88,1,40893.61,France,Male,1,0,0,0.7450699,High Risk,5260
704,35,3,154206.07,2,40261.49,Germany,Female,1,1,0,0.9925298,High Risk,5261
714,26,9,89928.99,1,46203.31,France,Female,0,1,0,0.6631642,Medium Risk,5262
628,30,8,89182.09,1,13126.9,France,Male,1,1,0,0.9841278,High Risk,5263
809,41,1,79706.25,2,165675.01,Germany,Male,0,1,0,0.997943,High Risk,5264
547,44,5,0.0,3,5459.07,Spain,Female,0,0,1,0.9961876,High Risk,5265
560,27,5,0.0,2,131919.48,France,Female,0,1,0,0.75047266,High Risk,5266
811,31,7,117799.28,1,182372.35,France,Male,1,1,0,0.9838238,High Risk,5267
584,26,4,0.0,2,147600.54,France,Male,0,1,0,0.9994561,High Risk,5268
691,28,1,0.0,2,92865.41,France,Male,0,0,0,0.9886742,High Risk,5269
680,34,6,146422.22,1,67142.97,Germany,Male,0,1,1,0.75976974,High Risk,5270
588,33,9,150186.22,2,65611.01,Germany,Male,1,1,0,0.968322,High Risk,5271
721,40,6,100275.88,1,138564.48,Germany,Male,0,1,1,0.99563,High Risk,5272
850,47,6,0.0,1,187391.02,France,Male,0,1,1,0.9881341,High Risk,5273
529,32,9,147493.89,1,33656.35,France,Male,0,1,0,0.994829,High Risk,5274
622,43,8,0.0,2,100618.17,France,Male,0,1,0,0.83637416,High Risk,5275
683,42,8,0.0,2,198134.9,France,Female,1,0,0,0.63972473,Medium Risk,5276
575,29,4,121823.4,2,50368.87,France,Male,1,1,0,0.5534067,Medium Risk,5277
577,40,1,0.0,2,108787.0,Spain,Female,1,1,0,0.9859185,High Risk,5278
510,31,0,113688.63,1,33099.41,Germany,Male,0,1,1,0.43738797,Medium Risk,5279
652,40,7,100471.34,1,124550.88,Spain,Female,1,1,0,0.9918955,High Risk,5280
569,28,3,100032.52,1,5159.21,Germany,Female,0,1,1,0.9916876,High Risk,5281
687,31,3,0.0,2,48228.1,Spain,Male,0,0,0,0.99003196,High Risk,5282
822,32,8,116358.0,1,108798.36,France,Male,0,1,0,0.85726756,High Risk,5283
656,23,4,163549.63,1,21085.12,Germany,Female,1,0,0,0.6096566,Medium Risk,5284
745,51,3,99183.9,1,28922.25,Germany,Male,1,1,0,0.663702,Medium Risk,5285
386,53,1,131955.07,1,62514.65,Spain,Female,1,1,1,0.986705,High Risk,5286
684,41,1,134177.06,1,177506.66,Spain,Female,0,0,0,0.99474156,High Risk,5287
635,38,1,0.0,2,90605.05,Spain,Female,0,1,0,0.30895284,Low Risk,5288
582,30,2,0.0,2,132029.95,France,Male,1,1,0,0.13363321,Low Risk,5289
613,19,5,0.0,1,176903.35,Spain,Male,1,1,0,0.99646854,High Risk,5290
795,56,9,94348.94,1,29239.29,Germany,Female,0,1,1,0.6710051,Medium Risk,5291
659,32,2,155584.21,1,153662.88,France,Female,1,0,0,0.9961876,High Risk,5292
745,28,6,0.0,2,154389.18,France,Female,0,1,0,0.36557052,Low Risk,5293
604,41,10,0.0,2,166224.39,Spain,Female,1,1,0,0.6561557,Medium Risk,5294
509,32,9,170661.47,1,21646.2,Germany,Male,1,1,0,0.9830831,High Risk,5295
706,29,6,185544.36,1,171037.63,Germany,Female,0,1,0,0.43738797,Medium Risk,5296
619,44,6,52831.13,1,112649.22,Spain,Female,1,1,1,0.48069128,Medium Risk,5297
572,51,8,97750.07,3,193014.26,Germany,Male,1,1,1,0.9692657,High Risk,5298
695,36,6,114007.5,2,118120.88,France,Male,0,1,0,0.80090487,High Risk,5299
543,71,1,104308.77,1,25650.04,France,Female,1,1,0,0.62140924,Medium Risk,5300
640,33,6,84719.13,2,113048.79,France,Female,1,1,0,0.99125457,High Risk,5301
672,39,2,0.0,2,87372.49,France,Male,0,1,0,0.6294476,Medium Risk,5302
701,39,9,140236.98,1,146651.99,France,Male,1,0,0,0.2880984,Low Risk,5303
634,25,9,0.0,2,8227.91,Spain,Male,1,1,0,0.9946402,High Risk,5304
531,42,6,75302.85,2,57034.35,Spain,Female,0,0,0,0.9990532,High Risk,5305
699,27,1,0.0,2,93003.21,France,Male,0,1,0,0.5783935,Medium Risk,5306
605,51,9,104760.82,1,165574.54,France,Female,1,1,1,0.99879324,High Risk,5307
534,49,7,0.0,1,13566.48,France,Female,0,1,1,0.986705,High Risk,5308
449,31,1,113693.0,1,82796.29,Spain,Female,0,0,0,0.97172,High Risk,5309
684,36,5,174180.39,1,119830.08,Spain,Female,0,1,0,0.993979,High Risk,5310
622,42,9,115766.26,1,72155.85,Germany,Male,0,0,1,0.9995402,High Risk,5311
714,40,0,0.0,2,62762.12,France,Female,0,1,0,0.9920753,High Risk,5312
712,48,8,0.0,2,183235.33,Spain,Female,0,1,0,0.7625637,High Risk,5313
783,72,5,121215.9,2,105206.48,France,Female,1,1,0,0.98718333,High Risk,5314
743,45,10,144677.19,3,22512.44,Germany,Male,0,1,1,0.48848805,Medium Risk,5315
683,36,5,115350.63,1,122305.91,France,Male,1,1,0,0.95522803,High Risk,5316
654,40,5,105683.63,1,173617.09,Spain,Male,0,1,0,0.977459,High Risk,5317
700,37,1,135179.49,1,160670.37,France,Male,0,1,0,0.9516067,High Risk,5318
744,31,0,117551.23,1,158958.9,Spain,Male,0,1,0,0.99052995,High Risk,5319
645,25,1,157404.02,2,93073.04,Germany,Male,0,1,0,0.9838524,High Risk,5320
525,36,3,77910.23,1,67238.01,Spain,Male,0,1,0,0.977382,High Risk,5321
732,25,0,110942.9,1,172576.56,France,Male,0,0,0,0.74590164,High Risk,5322
721,40,7,0.0,2,122580.48,France,Female,1,1,0,0.48848805,Medium Risk,5323
622,32,5,179305.09,1,149043.78,France,Male,1,1,0,0.6729253,Medium Risk,5324
654,31,5,150593.59,2,105218.45,Germany,Male,1,1,0,0.85201335,High Risk,5325
529,43,0,123815.86,1,78463.99,France,Female,1,1,1,0.4505659,Medium Risk,5326
720,59,6,0.0,2,160849.43,Spain,Female,1,1,1,0.99771607,High Risk,5327
850,25,8,69385.17,2,87834.24,Germany,Female,0,1,0,0.968322,High Risk,5328
667,27,2,138032.15,1,166317.71,Germany,Male,0,1,0,0.43144652,Medium Risk,5329
620,41,3,0.0,2,137309.06,France,Male,1,1,0,0.44150388,Medium Risk,5330
616,29,9,0.0,1,166984.44,France,Male,1,1,0,0.9737768,High Risk,5331
637,46,2,143500.82,1,166996.46,Germany,Female,0,1,1,0.97172,High Risk,5332
710,29,3,119670.18,1,188022.44,Spain,Female,0,1,0,0.9841561,High Risk,5333
717,33,1,99106.73,1,194467.23,Spain,Male,0,0,0,0.54737985,Medium Risk,5334
786,24,2,120135.55,2,125449.47,Germany,Male,1,1,0,0.9973182,High Risk,5335
651,39,8,0.0,1,137452.57,France,Female,0,1,0,0.6092695,Medium Risk,5336
530,55,4,120905.03,1,123475.88,France,Female,1,0,1,0.9995585,High Risk,5337
815,57,5,0.0,3,38941.44,Spain,Female,0,0,1,0.99098283,High Risk,5338
715,34,9,102277.52,1,177852.57,Germany,Female,0,0,1,0.69082886,Medium Risk,5339
496,55,4,125292.53,1,31532.96,Germany,Female,1,1,1,0.98974854,High Risk,5340
680,42,0,0.0,1,136377.21,Spain,Male,0,1,0,0.98281556,High Risk,5341
646,51,4,101629.3,1,130541.1,France,Female,0,0,0,0.9243684,High Risk,5342
807,47,1,171937.27,1,65636.92,Germany,Male,1,1,0,0.9885787,High Risk,5343
727,47,7,0.0,2,193305.35,France,Male,0,1,0,0.9971777,High Risk,5344
787,25,5,0.0,2,47307.9,France,Male,0,1,0,0.99911815,High Risk,5345
806,34,6,0.0,2,100809.99,France,Male,0,0,0,0.9798187,High Risk,5346
603,31,1,129743.75,1,109145.2,France,Male,0,1,0,0.79166335,High Risk,5347
649,32,1,0.0,1,91167.19,Spain,Male,1,0,1,0.9589658,High Risk,5348
547,41,3,151191.31,1,175295.89,Germany,Male,0,1,1,0.48069128,Medium Risk,5349
684,32,3,102630.13,2,127433.47,Germany,Male,1,1,0,0.75304174,High Risk,5350
477,57,9,114023.64,2,71167.17,France,Female,1,1,1,0.6113413,Medium Risk,5351
558,41,2,124227.14,1,111184.67,Germany,Male,1,1,0,0.9007995,High Risk,5352
695,23,1,0.0,2,141756.32,France,Female,1,1,0,0.96480376,High Risk,5353
592,35,6,80285.16,1,72678.75,Spain,Male,0,1,1,0.7154053,High Risk,5354
789,31,4,175477.15,1,172832.9,France,Male,1,1,0,0.98289686,High Risk,5355
597,29,1,132144.35,1,158086.33,France,Female,0,1,0,0.6506901,Medium Risk,5356
839,47,2,136911.07,1,168184.62,Germany,Male,1,1,1,0.6729253,Medium Risk,5357
405,31,5,133299.67,2,72950.14,Germany,Male,1,1,0,0.9947924,High Risk,5358
658,39,7,0.0,2,48378.4,France,Male,0,1,0,0.8333069,High Risk,5359
684,42,1,117691.0,1,23135.65,Germany,Male,1,1,1,0.9942754,High Risk,5360
633,35,10,0.0,2,65675.47,France,Male,0,1,0,0.9885787,High Risk,5361
589,46,9,0.0,2,170676.67,France,Male,0,1,0,0.7226957,High Risk,5362
750,37,1,133199.71,2,27366.77,Germany,Female,1,1,0,0.34901834,Low Risk,5363
771,51,5,135506.58,3,152479.64,Spain,Male,1,1,1,0.8218466,High Risk,5364
812,33,2,127154.14,2,105383.49,Germany,Male,1,0,0,0.22700946,Low Risk,5365
539,39,2,0.0,2,48189.94,Spain,Male,1,1,0,0.7464134,High Risk,5366
670,42,5,49508.79,3,100324.01,Germany,Female,1,1,0,0.68425333,Medium Risk,5367
673,41,5,0.0,1,65657.29,France,Male,1,1,0,0.99310863,High Risk,5368
538,62,3,75051.49,1,17682.02,France,Female,0,0,1,0.9758152,High Risk,5369
575,52,8,123925.23,1,111342.66,Spain,Male,0,0,1,0.5692201,Medium Risk,5370
682,41,6,0.0,2,134158.09,France,Male,1,0,1,0.98901844,High Risk,5371
712,33,3,153819.58,1,79176.09,France,Male,0,1,1,0.4505659,Medium Risk,5372
598,39,5,0.0,2,83103.46,Spain,Female,1,1,0,0.37884155,Low Risk,5373
776,30,6,0.0,2,63908.86,Spain,Male,1,0,0,0.6344764,Medium Risk,5374
606,23,10,70417.79,1,90896.04,Spain,Female,1,0,0,0.40787992,Medium Risk,5375
686,38,7,111484.88,1,76076.2,Spain,Male,1,1,0,0.8576147,High Risk,5376
850,38,1,146343.98,1,103902.11,Spain,Male,1,0,0,0.5790077,Medium Risk,5377
642,72,1,160541.0,2,142223.94,France,Male,1,1,0,0.94739354,High Risk,5378
606,27,2,130274.26,2,147533.09,Germany,Male,0,1,0,0.6182761,Medium Risk,5379
627,21,7,98993.02,1,169156.64,France,Female,1,1,0,0.99461937,High Risk,5380
850,36,0,0.0,2,141242.57,Spain,Male,0,1,0,0.74458116,High Risk,5381
850,32,9,141827.33,2,149458.73,Germany,Male,1,1,0,0.7966556,High Risk,5382
724,40,6,110054.45,1,86950.72,France,Female,1,1,0,0.5294213,Medium Risk,5383
579,28,4,0.0,2,176925.69,France,Male,1,1,0,0.9973459,High Risk,5384
727,28,1,0.0,1,40357.39,Spain,Male,0,1,0,0.9190872,High Risk,5385
813,36,6,98088.09,1,26687.22,Germany,Female,1,0,1,0.9925868,High Risk,5386
642,48,9,118317.27,4,78702.98,France,Male,0,0,1,0.93464094,High Risk,5387
669,22,10,0.0,2,176163.74,Spain,Male,0,1,0,0.99503195,High Risk,5388
574,54,1,99774.5,1,4896.11,Germany,Male,0,0,1,0.99845815,High Risk,5389
774,32,4,0.0,2,114899.13,France,Female,0,0,0,0.99964225,High Risk,5390
735,38,1,0.0,3,92220.12,France,Female,0,0,1,0.99043876,High Risk,5391
639,27,8,133806.54,2,6251.3,Spain,Female,0,1,0,0.9758252,High Risk,5392
738,44,2,0.0,2,43018.82,Spain,Male,0,1,1,0.8690708,High Risk,5393
835,32,8,124993.29,2,27548.06,France,Male,1,1,0,0.5658882,Medium Risk,5394
637,44,0,157622.58,1,120454.2,Spain,Female,1,1,0,0.63643175,Medium Risk,5395
589,48,5,126111.61,1,133961.19,Germany,Male,1,0,0,0.48848805,Medium Risk,5396
591,42,9,161651.37,2,131753.97,France,Male,1,1,0,0.99397945,High Risk,5397
723,40,7,142856.95,2,38019.74,France,Female,0,0,0,0.7624584,High Risk,5398
831,44,3,111100.98,1,28144.07,Germany,Male,1,1,1,0.64687574,Medium Risk,5399
733,35,8,102918.38,1,45959.86,Spain,Male,1,1,0,0.9979358,High Risk,5400
731,30,5,0.0,2,189528.72,France,Female,0,1,0,0.9885787,High Risk,5401
654,47,10,0.0,2,170481.98,France,Male,0,1,0,0.9984654,High Risk,5402
828,37,4,0.0,2,94845.45,France,Male,0,1,0,0.31432694,Low Risk,5403
590,22,7,125265.61,1,161253.08,Spain,Male,1,1,0,0.48848805,Medium Risk,5404
657,37,4,82500.28,1,115260.72,France,Male,1,1,0,0.66460687,Medium Risk,5405
531,64,2,175754.87,2,60721.4,Germany,Female,1,1,0,0.98680854,High Risk,5406
516,47,6,109387.33,1,121365.45,France,Female,0,0,0,0.9081794,High Risk,5407
561,37,1,100443.36,2,101693.73,France,Male,1,0,0,0.8073915,High Risk,5408
682,54,0,83102.72,2,54132.93,Spain,Female,1,1,0,0.2880984,Low Risk,5409
575,28,7,0.0,1,10666.05,Spain,Male,1,1,0,0.99878305,High Risk,5410
623,28,4,0.0,2,41227.67,France,Female,0,1,0,0.99879324,High Risk,5411
642,40,7,0.0,2,10712.82,France,Female,0,1,0,0.99391454,High Risk,5412
779,48,2,115290.27,1,98912.69,France,Female,0,0,1,0.9973182,High Risk,5413
671,42,6,0.0,2,197202.48,France,Female,0,1,0,0.98289686,High Risk,5414
495,40,1,140197.71,2,150720.39,France,Female,0,1,0,0.9194574,High Risk,5415
850,28,1,105245.34,1,74780.13,France,Female,1,0,0,0.79051125,High Risk,5416
630,50,8,0.0,2,79377.45,France,Male,1,0,0,0.95478135,High Risk,5417
588,32,1,0.0,2,8763.87,France,Male,1,1,0,0.63643175,Medium Risk,5418
562,35,3,142296.13,1,177112.7,Germany,Male,1,0,0,0.43299523,Medium Risk,5419
740,56,4,99097.33,1,85016.64,Spain,Female,1,1,1,0.7332601,High Risk,5420
695,28,5,171069.39,2,88689.4,France,Male,1,1,0,0.9993057,High Risk,5421
589,39,7,0.0,2,95985.64,France,Female,0,0,0,0.6104177,Medium Risk,5422
607,31,1,102523.88,1,166792.71,France,Female,1,1,0,0.8508429,High Risk,5423
794,35,6,0.0,2,68730.91,France,Male,1,1,0,0.98299545,High Risk,5424
580,44,9,143391.07,1,146891.07,Germany,Male,0,0,1,0.9892306,High Risk,5425
644,44,8,106022.73,2,148727.42,Germany,Female,0,0,0,0.9981523,High Risk,5426
636,36,1,0.0,1,43134.58,Spain,Female,0,1,0,0.67136395,Medium Risk,5427
599,36,3,128960.21,2,40318.33,Germany,Male,1,1,0,0.99795073,High Risk,5428
507,35,2,0.0,2,97633.93,France,Female,0,1,0,0.99905926,High Risk,5429
682,48,7,0.0,2,65069.03,France,Female,0,1,0,0.9961876,High Risk,5430
714,24,7,0.0,2,166335.0,France,Female,0,1,0,0.98366064,High Risk,5431
696,25,8,126442.59,1,121904.44,France,Female,0,1,0,0.5664381,Medium Risk,5432
599,51,0,0.0,1,175235.99,Spain,Male,1,1,0,0.98568475,High Risk,5433
577,37,2,127261.35,1,56185.05,France,Male,0,1,0,0.9920753,High Risk,5434
733,32,5,0.0,2,131625.14,Spain,Female,0,1,0,0.9973182,High Risk,5435
647,33,4,0.0,1,152323.04,France,Female,0,1,0,0.99900526,High Risk,5436
831,34,2,0.0,2,165840.94,France,Female,0,0,0,0.5254974,Medium Risk,5437
543,30,6,73481.05,1,176692.65,Germany,Male,1,1,0,0.97418165,High Risk,5438
679,34,7,160515.37,1,121904.14,France,Male,0,1,0,0.9737768,High Risk,5439
713,61,4,149525.34,2,123663.63,Germany,Female,0,1,0,0.9899228,High Risk,5440
690,43,2,166522.78,1,119644.59,Germany,Male,0,0,1,0.9928392,High Risk,5441
751,29,1,135536.5,1,66825.33,France,Male,0,1,0,0.9959229,High Risk,5442
613,43,10,120481.69,1,94875.03,Germany,Female,0,0,1,0.6774752,Medium Risk,5443
701,28,1,103421.32,1,76304.73,Spain,Male,1,0,0,0.75807047,High Risk,5444
698,33,5,135658.73,2,39755.0,France,Male,1,0,0,0.6336259,Medium Risk,5445
451,36,2,0.0,2,180142.42,France,Female,1,1,0,0.9908049,High Risk,5446
665,28,8,191402.82,2,83238.4,France,Male,0,1,0,0.75101656,High Risk,5447
726,50,9,94504.35,1,5078.9,Germany,Male,1,0,0,0.7146422,High Risk,5448
608,44,5,126147.84,1,132424.69,Germany,Female,1,0,1,0.74590164,High Risk,5449
549,46,7,0.0,1,109057.56,France,Female,1,1,0,0.996635,High Risk,5450
803,33,6,0.0,2,115676.61,France,Male,0,1,0,0.9692657,High Risk,5451
663,43,4,87624.03,2,149401.33,France,Male,0,1,0,0.99476177,High Risk,5452
558,45,1,153697.53,2,89891.4,France,Female,0,0,1,0.999231,High Risk,5453
714,25,4,0.0,2,82500.84,France,Female,0,0,0,0.99483573,High Risk,5454
704,39,5,0.0,1,6416.92,France,Male,0,1,0,0.9922391,High Risk,5455
805,45,9,116585.97,1,189428.75,Germany,Female,0,1,1,0.9733847,High Risk,5456
659,34,9,134464.58,2,178833.34,Germany,Male,0,1,0,0.6324989,Medium Risk,5457
738,62,10,83008.31,1,42766.03,Germany,Male,1,1,0,0.9422351,High Risk,5458
635,35,2,113635.16,1,90883.12,Spain,Male,0,1,0,0.9920753,High Risk,5459
530,36,7,0.0,2,80619.09,Spain,Female,0,1,0,0.63643175,Medium Risk,5460
661,41,5,122552.48,2,120646.4,Germany,Male,1,0,0,0.98548317,High Risk,5461
531,31,2,118899.45,2,41409.36,Spain,Male,0,0,0,0.98895055,High Risk,5462
694,29,5,99713.87,1,112317.89,France,Female,0,0,0,0.99845815,High Risk,5463
731,36,6,0.0,1,152128.36,France,Female,0,0,0,0.6092695,Medium Risk,5464
556,36,2,134208.22,1,177670.57,France,Female,1,0,0,0.98229283,High Risk,5465
647,41,1,85906.65,3,189159.97,Germany,Female,0,1,0,0.82167685,High Risk,5466
850,32,3,137714.25,1,159403.68,Germany,Male,1,0,0,0.6529477,Medium Risk,5467
573,33,1,160777.9,1,149536.15,Spain,Male,1,1,0,0.43144652,Medium Risk,5468
591,45,5,0.0,2,155492.87,France,Male,1,1,0,0.9957398,High Risk,5469
723,21,4,0.0,2,24847.02,France,Male,0,0,0,0.60627705,Medium Risk,5470
617,25,1,102585.88,2,115387.4,France,Male,1,1,0,0.9830831,High Risk,5471
704,39,10,102556.18,2,171971.25,Germany,Female,0,1,1,0.63643175,Medium Risk,5472
457,42,4,126772.57,1,126106.4,Germany,Male,1,0,0,0.85727334,High Risk,5473
787,38,3,158373.23,1,28228.35,Germany,Female,1,1,0,0.9961876,High Risk,5474
651,34,9,0.0,2,138113.71,France,Female,0,1,0,0.67136395,Medium Risk,5475
612,42,5,141927.1,1,43018.98,Germany,Male,1,1,0,0.982333,High Risk,5476
828,47,1,109876.82,2,83611.45,Spain,Male,0,1,1,0.6336259,Medium Risk,5477
724,34,2,0.0,2,118863.38,France,Female,1,1,0,0.6729253,Medium Risk,5478
648,44,9,111369.79,2,91947.74,Germany,Male,1,1,0,0.9758152,High Risk,5479
569,35,3,116969.35,1,94488.82,Spain,Male,0,0,0,0.9958941,High Risk,5480
765,34,8,136729.51,2,47058.21,Germany,Female,0,0,0,0.8632511,High Risk,5481
577,44,1,152086.15,1,44719.5,Germany,Female,1,0,1,0.9339267,High Risk,5482
603,46,2,0.0,2,174478.54,Spain,Male,0,1,0,0.9943942,High Risk,5483
568,28,1,127289.28,1,45611.51,Spain,Male,0,0,0,0.99213916,High Risk,5484
748,45,2,119852.01,1,73853.94,Germany,Male,0,0,1,0.14860974,Low Risk,5485
573,38,4,0.0,2,196517.43,Spain,Male,1,1,0,0.64722365,Medium Risk,5486
771,41,5,0.0,2,92914.67,Spain,Female,1,0,0,0.5406104,Medium Risk,5487
763,35,9,0.0,1,31372.91,France,Male,1,1,0,0.62140924,Medium Risk,5488
410,35,7,117183.74,1,109733.73,France,Female,1,1,0,0.78942806,High Risk,5489
728,33,8,129907.63,1,36083.96,France,Male,1,0,0,0.6326514,Medium Risk,5490
655,78,2,0.0,2,188435.38,Spain,Female,1,0,0,0.5697558,Medium Risk,5491
580,36,6,145387.32,2,169963.2,Germany,Female,1,1,1,0.76542133,High Risk,5492
712,35,7,124616.23,1,69320.97,France,Male,1,1,0,0.9926051,High Risk,5493
680,31,9,0.0,2,36145.53,France,Male,0,1,0,0.98484415,High Risk,5494
383,48,8,95808.19,1,137702.01,Spain,Female,0,0,1,0.9942754,High Risk,5495
721,35,10,0.0,2,71594.26,France,Male,0,1,0,0.9566305,High Risk,5496
620,42,1,0.0,2,65565.92,France,Female,1,0,0,0.987301,High Risk,5497
774,36,8,117152.3,1,101828.39,Spain,Female,0,0,0,0.99042845,High Risk,5498
563,35,3,106250.72,1,39546.32,France,Male,0,0,0,0.9151359,High Risk,5499
850,27,8,111837.78,2,110805.79,Germany,Female,1,1,0,0.6474422,Medium Risk,5500
681,47,9,97023.21,1,2168.13,France,Male,1,1,0,0.98366064,High Risk,5501
631,31,8,137687.72,1,190067.12,France,Female,0,1,0,0.4997127,Medium Risk,5502
614,40,3,113348.5,1,77789.01,Spain,Female,1,1,0,0.31432694,Low Risk,5503
704,24,10,122109.78,1,127654.37,Spain,Male,1,1,0,0.99520713,High Risk,5504
786,32,2,120452.4,2,79602.86,France,Male,0,0,0,0.8671039,High Risk,5505
534,53,7,0.0,2,80619.17,France,Female,1,1,0,0.76113087,High Risk,5506
590,34,0,65812.35,2,160346.3,Spain,Male,1,0,0,0.97172,High Risk,5507
583,40,3,54428.37,1,109638.78,Spain,Female,0,1,1,0.9372075,High Risk,5508
656,75,3,0.0,2,1276.87,France,Female,1,1,0,0.9926051,High Risk,5509
597,33,9,0.0,2,49374.82,France,Male,0,1,0,0.9918983,High Risk,5510
588,48,1,143279.58,2,31580.8,Germany,Female,0,1,1,0.98764473,High Risk,5511
667,32,0,103846.65,1,20560.69,Germany,Male,0,1,0,0.7069721,High Risk,5512
627,37,2,125190.86,1,84584.69,France,Male,1,0,0,0.88880867,High Risk,5513
708,33,8,0.0,2,15246.83,France,Female,1,0,0,0.985836,High Risk,5514
641,65,6,38340.02,1,32607.77,France,Male,0,1,1,0.4757802,Medium Risk,5515
527,28,2,123802.98,2,155846.69,Germany,Female,1,1,0,0.6220069,Medium Risk,5516
592,37,3,96651.03,1,3232.82,France,Male,1,1,0,0.9838238,High Risk,5517
465,33,8,0.0,2,177668.55,France,Male,0,1,0,0.9934088,High Risk,5518
628,39,6,0.0,2,134441.6,France,Male,0,0,0,0.977459,High Risk,5519
678,43,1,133237.21,1,111032.79,France,Male,0,1,1,0.7788665,High Risk,5520
570,61,6,142105.35,1,45214.04,France,Female,1,1,0,0.99455583,High Risk,5521
815,37,1,166115.42,1,67208.3,France,Male,0,1,0,0.99736315,High Risk,5522
817,37,6,81070.34,2,80985.88,France,Female,0,1,0,0.43144652,Medium Risk,5523
717,35,4,0.0,1,167573.06,France,Male,1,1,0,0.77374816,High Risk,5524
641,53,0,123835.52,2,160110.65,France,Female,1,0,0,0.48848805,Medium Risk,5525
624,51,10,123401.43,2,127825.25,France,Male,1,1,0,0.41440976,Medium Risk,5526
579,49,4,169377.31,1,123535.05,Germany,Male,1,1,0,0.61705965,Medium Risk,5527
698,38,2,130015.24,1,41595.3,France,Male,1,1,0,0.7459995,High Risk,5528
645,32,4,0.0,2,97628.08,France,Male,1,0,0,0.9882168,High Risk,5529
691,34,8,133936.04,2,91359.79,France,Male,0,1,0,0.6797588,Medium Risk,5530
638,34,6,114543.27,1,97755.29,France,Male,1,1,0,0.98680854,High Risk,5531
705,31,3,119794.67,1,182528.44,France,Female,0,0,0,0.34777498,Low Risk,5532
720,33,9,0.0,2,142956.48,France,Male,1,1,0,0.981616,High Risk,5533
553,44,4,0.0,1,10789.3,Spain,Male,0,1,0,0.8802763,High Risk,5534
658,29,8,0.0,2,130461.09,France,Female,1,0,0,0.9830831,High Risk,5535
648,32,8,157138.99,3,190994.48,Germany,Female,0,1,1,0.14860974,Low Risk,5536
636,45,3,0.0,2,159463.8,Spain,Male,1,1,0,0.7776182,High Risk,5537
527,41,10,136733.24,1,57589.29,Germany,Female,1,1,0,0.9958941,High Risk,5538
717,28,9,82498.14,2,40437.67,Germany,Female,0,0,0,0.991396,High Risk,5539
614,39,3,151914.93,1,56459.45,Spain,Male,0,0,0,0.98634535,High Risk,5540
737,43,0,80090.93,1,39920.0,France,Male,0,1,1,0.4366757,Medium Risk,5541
587,51,3,83739.32,1,148798.45,Spain,Male,1,0,0,0.7497031,High Risk,5542
682,35,2,181166.44,1,63737.19,France,Female,1,1,1,0.48848805,Medium Risk,5543
710,38,3,130588.82,1,154997.64,France,Male,1,1,0,0.9947924,High Risk,5544
507,42,6,0.0,2,34777.23,France,Male,0,1,0,0.9935371,High Risk,5545
609,33,6,94126.67,1,93718.16,Germany,Male,0,0,0,0.99379236,High Risk,5546
786,32,9,0.0,2,133112.41,France,Male,0,1,0,0.9692657,High Risk,5547
688,38,7,148045.68,1,175479.92,France,Male,0,1,1,0.993883,High Risk,5548
710,38,2,0.0,2,96.27,France,Male,0,1,0,0.9814641,High Risk,5549
779,33,3,0.0,2,30804.68,Spain,Male,0,1,0,0.6710051,Medium Risk,5550
733,44,6,168165.84,1,197193.49,France,Female,1,0,0,0.99231756,High Risk,5551
583,26,10,72835.56,2,96792.15,Germany,Female,0,1,0,0.9885787,High Risk,5552
627,41,3,0.0,2,132719.8,France,Male,0,1,0,0.6729253,Medium Risk,5553
666,31,3,123212.08,2,112157.31,Germany,Male,1,1,0,0.8077393,High Risk,5554
620,38,0,0.0,2,38015.34,Spain,Male,1,1,0,0.4505659,Medium Risk,5555
614,39,6,0.0,2,164018.98,Spain,Female,1,1,0,0.985836,High Risk,5556
606,40,6,119501.88,2,46774.94,France,Male,0,1,0,0.5697558,Medium Risk,5557
700,39,5,144550.83,2,189664.43,Germany,Female,1,1,0,0.61463976,Medium Risk,5558
677,34,3,126729.41,1,26106.39,Germany,Male,1,1,1,0.9877243,High Risk,5559
850,36,5,119984.07,1,191535.11,Germany,Male,0,1,1,0.9885787,High Risk,5560
564,35,4,0.0,1,158937.55,France,Male,0,1,0,0.6441104,Medium Risk,5561
771,56,2,0.0,1,25222.6,Spain,Female,1,1,1,0.54197025,Medium Risk,5562
620,42,9,121490.05,1,29296.74,Spain,Male,1,1,0,0.9838524,High Risk,5563
610,46,5,91897.8,1,54394.28,Spain,Male,0,1,0,0.96034104,High Risk,5564
609,39,2,139443.75,2,9234.06,Spain,Male,0,1,0,0.75101656,High Risk,5565
683,35,5,144961.97,1,26796.73,Germany,Male,1,0,0,0.6975271,Medium Risk,5566
633,42,3,126041.02,1,11796.89,Germany,Male,1,0,0,0.5988012,Medium Risk,5567
676,28,1,69459.05,2,128461.29,Germany,Male,1,1,0,0.6220069,Medium Risk,5568
693,38,7,198338.77,2,14278.18,France,Male,1,1,0,0.99884605,High Risk,5569
709,36,0,0.0,2,46811.77,France,Male,0,1,0,0.9683575,High Risk,5570
569,35,2,109196.66,3,109393.19,Germany,Male,0,1,1,0.98077273,High Risk,5571
684,38,3,134168.5,3,3966.5,Spain,Female,0,1,1,0.68425333,Medium Risk,5572
565,34,6,0.0,1,63173.64,France,Male,1,1,0,0.9942754,High Risk,5573
681,29,8,0.0,1,66367.33,France,Male,0,1,0,0.5618693,Medium Risk,5574
503,36,9,0.0,2,16274.67,Spain,Female,1,1,0,0.30895284,Low Risk,5575
656,40,2,0.0,2,180553.48,France,Male,1,1,0,0.9811122,High Risk,5576
566,65,4,120100.41,1,107563.16,Germany,Male,0,1,1,0.93034685,High Risk,5577
592,62,5,0.0,1,100941.57,France,Female,1,1,0,0.9920753,High Risk,5578
687,50,5,0.0,2,110230.4,Spain,Female,0,1,0,0.9613906,High Risk,5579
686,22,8,0.0,2,142331.85,Spain,Male,0,0,0,0.9339267,High Risk,5580
616,30,2,0.0,2,199099.51,Spain,Male,0,1,0,0.20558052,Low Risk,5581
494,67,5,0.0,2,85890.16,Spain,Male,1,1,0,0.9934088,High Risk,5582
534,38,3,0.0,1,143938.27,France,Male,0,0,0,0.5008387,Medium Risk,5583
695,31,8,0.0,2,131644.41,Spain,Female,1,0,0,0.98875964,High Risk,5584
579,31,9,0.0,2,112395.98,Spain,Female,0,1,0,0.48098072,Medium Risk,5585
432,38,2,135559.8,2,71856.3,Germany,Male,1,1,0,0.84057564,High Risk,5586
816,25,2,150355.35,2,35770.84,Germany,Female,1,1,0,0.8160334,High Risk,5587
730,37,1,0.0,2,124364.63,France,Female,1,1,0,0.75304174,High Risk,5588
593,35,6,133489.12,2,78101.29,France,Female,1,1,0,0.99098283,High Risk,5589
715,37,9,105489.31,1,143096.49,Germany,Female,0,0,1,0.98926497,High Risk,5590
775,25,10,60205.2,2,14073.11,Germany,Male,0,1,0,0.9947924,High Risk,5591
539,38,5,0.0,2,47388.41,France,Male,0,1,0,0.96969026,High Risk,5592
576,19,6,0.0,2,72306.07,Spain,Male,0,0,0,0.9599864,High Risk,5593
617,50,7,0.0,1,184839.7,Spain,Male,0,1,1,0.6261376,Medium Risk,5594
688,40,6,0.0,1,47886.44,France,Male,1,1,0,0.5692201,Medium Risk,5595
608,33,4,0.0,1,130474.03,France,Male,1,0,0,0.21531388,Low Risk,5596
597,35,9,0.0,3,73181.39,Spain,Male,1,0,1,0.7966556,High Risk,5597
670,42,6,112333.63,1,65706.86,France,Female,1,1,0,0.7464134,High Risk,5598
616,57,7,116936.81,1,104379.36,Germany,Female,1,1,0,0.7146422,High Risk,5599
579,50,5,117721.02,1,192146.63,Germany,Female,1,0,1,0.87773156,High Risk,5600
786,37,7,165896.22,2,66977.68,France,Male,1,1,0,0.97172,High Risk,5601
704,44,9,153656.85,1,158742.81,Spain,Female,0,1,0,0.69801205,Medium Risk,5602
796,50,1,94164.0,1,189414.74,France,Female,1,1,0,0.9915633,High Risk,5603
598,39,1,0.0,2,159130.32,Spain,Male,0,1,0,0.9908387,High Risk,5604
602,49,0,191808.73,1,97640.2,France,Male,0,0,0,0.61873245,Medium Risk,5605
619,58,5,152199.33,1,86022.09,France,Male,1,1,0,0.9918955,High Risk,5606
492,52,8,125396.24,1,10014.72,Germany,Female,0,1,1,0.98718333,High Risk,5607
641,41,7,104405.54,3,17384.21,Germany,Male,0,1,0,0.64573085,Medium Risk,5608
518,27,1,133801.49,1,143315.57,France,Female,1,1,0,0.99639374,High Risk,5609
623,40,4,0.0,3,31669.18,Spain,Female,0,1,0,0.9990134,High Risk,5610
733,28,5,0.0,2,12761.16,France,Female,0,0,0,0.9854952,High Risk,5611
625,42,6,100047.33,1,93429.95,Germany,Male,0,1,0,0.7756862,High Risk,5612
759,31,1,109848.6,1,42012.55,France,Female,1,1,0,0.993451,High Risk,5613
604,32,7,127849.38,1,15798.7,France,Female,0,1,0,0.70076746,High Risk,5614
512,46,3,0.0,2,56408.14,Spain,Female,1,1,0,0.993451,High Risk,5615
520,29,8,95947.76,1,4696.44,France,Female,0,1,0,0.5503425,Medium Risk,5616
805,26,2,0.0,2,25042.1,Spain,Male,1,1,0,0.9692657,High Risk,5617
626,43,4,137638.69,1,130442.08,France,Male,0,1,1,0.34777498,Low Risk,5618
656,38,10,0.0,1,136521.82,France,Male,1,1,0,0.3883425,Low Risk,5619
785,41,7,0.0,2,199108.88,Spain,Male,1,1,0,0.99064577,High Risk,5620
553,31,6,0.0,2,124596.63,France,Male,0,0,0,0.99845815,High Risk,5621
569,44,4,0.0,2,134394.78,France,Female,0,0,0,0.98248553,High Risk,5622
670,38,10,89416.99,1,144275.39,France,Male,0,0,0,0.14860974,Low Risk,5623
586,42,6,0.0,2,123410.23,Spain,Male,1,1,0,0.99474156,High Risk,5624
617,45,1,0.0,1,143298.06,Spain,Female,0,1,0,0.6147775,Medium Risk,5625
508,60,7,143262.04,1,129562.74,France,Female,1,1,0,0.6157891,Medium Risk,5626
624,35,7,119656.45,2,4595.05,Spain,Female,1,1,0,0.4458471,Medium Risk,5627
654,29,4,132954.64,1,146715.07,France,Male,1,1,0,0.5030908,Medium Risk,5628
681,44,3,105206.7,2,163558.36,Germany,Female,1,1,0,0.989359,High Risk,5629
578,28,4,0.0,2,6947.09,Spain,Male,0,0,0,0.99043876,High Risk,5630
621,37,9,83061.26,2,9170.54,Spain,Female,0,1,0,0.48848805,Medium Risk,5631
632,40,5,147650.68,1,199674.83,France,Male,1,1,0,0.9692657,High Risk,5632
644,44,5,73348.56,1,157166.79,France,Male,0,1,1,0.99663585,High Risk,5633
821,28,2,0.0,2,46072.52,France,Male,0,1,0,0.9988236,High Risk,5634
754,38,2,0.0,2,3524.69,France,Female,0,0,0,0.84798664,High Risk,5635
568,27,1,116320.68,1,45563.94,Spain,Female,1,0,0,0.79051125,High Risk,5636
584,33,3,0.0,2,59103.13,France,Male,1,0,0,0.8085209,High Risk,5637
549,29,8,0.0,2,189558.44,France,Female,1,1,0,0.9993007,High Risk,5638
729,38,7,0.0,2,45779.9,France,Female,0,0,0,0.58094805,Medium Risk,5639
523,61,8,66250.71,1,21859.06,France,Male,1,1,0,0.98185676,High Risk,5640
477,24,2,95675.62,2,162699.7,Germany,Female,0,0,1,0.97198355,High Risk,5641
675,42,2,92616.64,2,8567.18,Germany,Male,0,1,0,0.99780875,High Risk,5642
782,41,4,0.0,1,132943.88,Spain,Female,0,1,0,0.6460302,Medium Risk,5643
616,36,6,0.0,1,12916.32,Spain,Female,1,1,1,0.48190334,Medium Risk,5644
738,37,8,100565.94,1,128799.86,Spain,Female,1,1,0,0.97172,High Risk,5645
717,42,5,190305.78,1,99347.8,Spain,Female,0,1,1,0.9922633,High Risk,5646
526,35,9,118536.4,1,40980.87,Germany,Female,0,1,1,0.6431283,Medium Risk,5647
660,19,5,127649.64,1,40368.65,France,Male,1,1,0,0.79060346,High Risk,5648
525,35,7,165358.77,1,94738.54,France,Male,1,0,0,0.15385811,Low Risk,5649
629,29,6,0.0,2,88842.8,Spain,Male,1,1,0,0.9830831,High Risk,5650
616,36,10,78249.53,1,136934.91,Germany,Female,0,1,0,0.8660423,High Risk,5651
521,61,0,125193.96,1,109356.53,Germany,Female,1,1,0,0.9978071,High Risk,5652
691,29,9,0.0,2,199635.93,France,Female,0,0,0,0.9737768,High Risk,5653
687,41,2,154007.21,1,158408.23,Germany,Female,0,1,0,0.3727911,Low Risk,5654
677,43,3,133214.88,2,95936.84,Spain,Female,1,1,0,0.4357081,Medium Risk,5655
695,63,1,146202.93,1,126688.83,Spain,Male,1,1,1,0.9961876,High Risk,5656
663,27,9,0.0,2,150850.29,France,Female,0,1,0,0.9172767,High Risk,5657
496,30,0,90963.49,1,27802.0,France,Male,1,0,0,0.98568,High Risk,5658
747,41,9,0.0,1,32430.94,Spain,Male,0,1,1,0.9973182,High Risk,5659
546,52,2,0.0,1,137332.37,France,Female,0,1,1,0.43250868,Medium Risk,5660
706,68,4,114386.85,1,28601.68,Spain,Male,1,1,0,0.9961876,High Risk,5661
472,26,5,0.0,2,108411.66,France,Female,0,1,0,0.83637416,High Risk,5662
703,40,7,0.0,2,122518.5,France,Female,1,0,0,0.99922144,High Risk,5663
850,38,2,0.0,2,9015.07,France,Female,0,1,0,0.3950643,Low Risk,5664
667,71,4,137260.78,1,94433.08,Spain,Male,1,0,1,0.97418165,High Risk,5665
559,33,9,111060.05,2,110371.84,France,Male,0,1,0,0.31114635,Low Risk,5666
636,60,7,124447.73,1,141364.62,Spain,Male,1,1,1,0.82112795,High Risk,5667
672,34,8,0.0,2,16245.25,France,Female,1,1,0,0.5692201,Medium Risk,5668
667,42,7,0.0,1,108348.94,France,Male,1,0,1,0.67683434,Medium Risk,5669
648,33,7,135310.41,2,171668.2,Germany,Male,1,0,0,0.9926569,High Risk,5670
497,32,8,0.0,2,67364.42,France,Male,0,1,0,0.9127697,High Risk,5671
743,73,6,0.0,2,107867.38,France,Female,1,0,0,0.9838238,High Risk,5672
619,29,5,0.0,2,194310.1,France,Male,0,1,0,0.98889494,High Risk,5673
639,34,5,139393.19,2,33950.08,Spain,Male,0,0,0,0.96705574,High Risk,5674
540,28,8,0.0,2,197588.32,Spain,Male,0,0,0,0.75423163,High Risk,5675
766,26,3,104258.8,1,428.23,France,Female,1,1,0,0.941952,High Risk,5676
749,26,6,0.0,2,34948.77,France,Female,1,0,0,0.9905161,High Risk,5677
655,32,9,113447.01,1,82084.3,Germany,Male,0,1,0,0.9942754,High Risk,5678
630,33,9,0.0,2,64804.59,France,Male,0,1,0,0.9928422,High Risk,5679
778,33,4,111063.73,2,83556.65,Germany,Female,0,1,0,0.9968239,High Risk,5680
757,30,6,161378.02,1,71926.28,Germany,Female,0,0,1,0.3727911,Low Risk,5681
529,39,2,82766.43,1,122925.44,Spain,Female,1,1,0,0.97403854,High Risk,5682
620,29,9,0.0,2,13133.88,Spain,Male,0,1,0,0.99394375,High Risk,5683
615,61,1,104267.7,1,62845.64,France,Female,0,1,1,0.99496305,High Risk,5684
735,25,3,91718.8,1,28411.23,France,Female,0,0,0,0.7127046,High Risk,5685
705,47,3,63488.7,1,28640.92,Spain,Female,1,0,1,0.9906013,High Risk,5686
644,46,6,12459.19,1,156787.34,Spain,Female,0,0,1,0.7146422,High Risk,5687
505,37,6,159863.9,2,125307.87,Germany,Female,1,0,0,0.9733847,High Risk,5688
471,23,6,104592.55,2,131736.23,Germany,Male,0,1,0,0.3727911,Low Risk,5689
722,50,4,132088.59,1,128262.14,Spain,Female,1,1,0,0.9920753,High Risk,5690
577,39,4,0.0,2,91366.42,Spain,Female,0,1,0,0.96480376,High Risk,5691
744,44,5,120654.68,1,82290.81,Spain,Male,0,1,0,0.99866176,High Risk,5692
573,30,6,0.0,2,66190.21,France,Female,0,1,0,0.778486,High Risk,5693
653,32,4,83772.95,1,23920.65,France,Female,1,0,0,0.8433964,High Risk,5694
660,31,6,172325.67,1,45438.38,France,Female,1,0,0,0.87773156,High Risk,5695
787,46,7,117685.31,2,93360.35,France,Male,1,1,0,0.74624574,High Risk,5696
617,41,7,0.0,2,14496.67,France,Male,1,0,0,0.9934088,High Risk,5697
567,39,5,0.0,2,168521.72,France,Male,0,0,0,0.6266928,Medium Risk,5698
682,64,9,0.0,2,103318.44,Spain,Female,1,1,0,0.7317037,High Risk,5699
684,35,6,135871.5,1,87219.41,France,Male,1,1,0,0.30895284,Low Risk,5700
447,41,3,0.0,4,197490.39,France,Male,1,1,1,0.9737768,High Risk,5701
625,49,4,128504.76,1,126812.63,Germany,Female,0,1,1,0.994829,High Risk,5702
585,36,7,0.0,2,94283.09,France,Male,0,1,0,0.9910755,High Risk,5703
516,42,8,56228.25,1,46857.52,France,Female,0,1,0,0.9928422,High Risk,5704
732,45,6,98792.4,1,81491.7,Germany,Female,0,1,1,0.48069128,Medium Risk,5705
628,40,5,181768.32,2,129107.97,Germany,Male,1,1,0,0.6894544,Medium Risk,5706
682,48,9,101198.01,1,49732.9,Spain,Female,1,1,0,0.7972024,High Risk,5707
746,25,9,0.0,2,88728.47,France,Male,1,0,0,0.93034685,High Risk,5708
655,60,3,0.0,2,86981.45,France,Female,1,1,0,0.99907136,High Risk,5709
644,39,9,0.0,1,3740.93,France,Female,0,1,0,0.9925868,High Risk,5710
778,34,5,139064.06,2,67949.32,France,Male,0,0,0,0.51192033,Medium Risk,5711
617,35,2,104508.1,1,147636.46,France,Female,1,1,0,0.9733847,High Risk,5712
660,35,9,113948.58,1,188891.96,Germany,Male,0,1,1,0.7446548,High Risk,5713
537,47,10,0.0,2,25482.62,France,Male,1,0,0,0.82112795,High Risk,5714
554,39,10,0.0,2,18391.93,France,Female,1,1,0,0.70963806,High Risk,5715
806,31,9,0.0,2,140168.36,France,Male,1,0,0,0.845835,High Risk,5716
611,37,1,117524.72,2,161064.29,Germany,Male,1,0,0,0.6710051,Medium Risk,5717
665,37,5,160389.82,1,183542.08,France,Female,1,0,0,0.9973182,High Risk,5718
648,37,7,0.0,2,194238.92,France,Female,0,1,0,0.99453175,High Risk,5719
692,27,1,125547.53,1,7900.46,France,Male,0,0,0,0.6049139,Medium Risk,5720
507,46,6,92783.68,1,51424.29,Spain,Male,1,1,0,0.968322,High Risk,5721
696,49,5,97036.22,2,152450.84,Germany,Male,0,1,1,0.997682,High Risk,5722
681,34,3,0.0,2,55816.2,France,Male,0,0,0,0.90309197,High Risk,5723
687,26,6,0.0,2,32909.13,France,Female,1,1,0,0.34901834,Low Risk,5724
641,40,5,102145.13,1,100637.07,Spain,Male,1,1,0,0.9884311,High Risk,5725
507,33,1,113452.66,1,142911.99,France,Female,0,0,0,0.9869849,High Risk,5726
688,46,8,155681.72,1,26287.21,Spain,Female,0,1,0,0.9949626,High Risk,5727
535,38,8,127475.24,1,60775.76,Germany,Male,0,0,1,0.34777498,Low Risk,5728
701,41,10,0.0,2,146257.77,France,Male,1,1,0,0.71604556,High Risk,5729
488,43,10,112751.13,1,28332.0,France,Male,1,1,0,0.93034685,High Risk,5730
539,29,4,0.0,2,100919.19,France,Female,1,1,0,0.6797588,Medium Risk,5731
674,45,7,144889.18,1,102591.9,France,Male,1,1,1,0.2780986,Low Risk,5732
538,40,8,0.0,2,25554.4,Spain,Male,1,1,0,0.9926158,High Risk,5733
829,22,7,150126.44,1,152107.93,France,Female,0,1,1,0.7317037,High Risk,5734
768,54,8,69712.74,1,69381.05,France,Male,1,1,0,0.5881292,Medium Risk,5735
585,44,4,0.0,2,101728.46,Spain,Female,1,0,0,0.99702376,High Risk,5736
581,31,3,0.0,2,89040.61,France,Male,0,0,0,0.50685626,Medium Risk,5737
682,35,2,117438.92,2,16910.98,Germany,Female,1,1,0,0.97418165,High Risk,5738
653,38,8,119315.75,1,150468.35,France,Male,0,1,0,0.6104177,Medium Risk,5739
712,30,1,89571.59,1,177613.19,France,Female,1,1,0,0.9830831,High Risk,5740
620,34,8,102251.57,1,120672.09,Germany,Female,0,1,0,0.8021578,High Risk,5741
709,42,9,118546.71,1,77142.85,France,Male,1,0,0,0.83757335,High Risk,5742
832,61,2,0.0,1,127804.66,France,Male,1,0,1,0.9738134,High Risk,5743
635,38,0,103257.14,1,158344.63,Spain,Male,0,0,0,0.47031412,Medium Risk,5744
749,43,1,124209.02,1,167179.48,Spain,Female,1,1,0,0.27978507,Low Risk,5745
629,32,3,0.0,2,15404.64,Spain,Male,1,1,0,0.6717409,Medium Risk,5746
836,41,7,150302.84,1,156036.19,Spain,Female,1,1,0,0.54814494,Medium Risk,5747
542,34,8,108653.93,1,144725.14,Spain,Male,1,0,0,0.99472284,High Risk,5748
645,45,8,85325.93,1,22558.74,France,Female,0,0,0,0.9991658,High Risk,5749
844,29,8,0.0,2,147342.03,France,Female,0,0,0,0.9905161,High Risk,5750
747,37,9,135776.36,3,85470.45,Germany,Male,0,1,1,0.48848805,Medium Risk,5751
645,40,6,131411.24,1,194656.11,France,Male,1,1,0,0.70076746,High Risk,5752
752,36,3,0.0,2,48505.1,Spain,Female,1,1,0,0.9954335,High Risk,5753
760,41,6,0.0,2,101491.23,Spain,Female,0,0,0,0.5697558,Medium Risk,5754
714,45,9,106431.97,2,164117.69,Germany,Female,1,1,0,0.48848805,Medium Risk,5755
717,50,9,90305.76,1,124626.57,France,Male,1,1,0,0.67311406,Medium Risk,5756
645,28,7,117466.03,2,34490.06,Germany,Male,1,1,0,0.6797588,Medium Risk,5757
681,32,3,148884.47,2,90967.37,France,Male,1,1,0,0.9956981,High Risk,5758
681,44,4,91115.76,2,24208.84,Germany,Female,0,0,1,0.7497707,High Risk,5759
679,37,8,77373.87,2,174873.09,Germany,Female,1,0,0,0.9623019,High Risk,5760
528,23,7,104744.89,1,170262.97,Spain,Male,0,1,0,0.74590164,High Risk,5761
710,31,3,0.0,2,112289.06,France,Female,1,1,0,0.7255311,High Risk,5762
733,39,5,91538.51,1,93783.0,Germany,Male,1,1,0,0.7923607,High Risk,5763
724,32,6,0.0,2,150026.79,France,Female,1,1,0,0.85201335,High Risk,5764
726,34,0,185734.75,1,102036.82,France,Female,1,1,0,0.6474422,Medium Risk,5765
520,30,3,143396.54,2,898.51,France,Male,1,1,0,0.6797588,Medium Risk,5766
556,40,5,125909.85,1,95124.4,France,Male,1,1,0,0.9988236,High Risk,5767
579,45,2,0.0,2,11514.39,France,Female,0,0,0,0.70550215,High Risk,5768
674,36,2,154525.7,1,27468.72,France,Male,1,0,0,0.999405,High Risk,5769
570,29,0,0.0,1,37092.43,France,Female,0,1,0,0.9692657,High Risk,5770
631,51,8,100654.8,1,171587.9,France,Male,0,1,0,0.7606446,High Risk,5771
623,44,1,83325.77,1,80828.78,Spain,Male,1,0,0,0.97418165,High Risk,5772
665,35,8,110934.54,1,169287.99,France,Male,0,1,0,0.99492127,High Risk,5773
523,36,8,113680.54,1,13197.44,Spain,Female,0,0,0,0.9904633,High Risk,5774
706,31,1,117020.08,2,54439.53,Germany,Male,0,1,0,0.9910755,High Risk,5775
619,49,9,145359.99,1,38186.85,France,Female,0,1,0,0.9918955,High Risk,5776
593,39,8,151391.68,1,27274.6,Germany,Female,0,1,1,0.56330204,Medium Risk,5777
608,66,8,123935.35,1,65758.19,Spain,Male,1,1,0,0.9994092,High Risk,5778
526,36,0,0.0,2,97767.63,France,Female,0,1,0,0.29072845,Low Risk,5779
684,40,2,70291.02,1,115468.84,Spain,Male,1,1,1,0.99231756,High Risk,5780
604,42,10,166031.45,1,98293.14,Germany,Female,0,1,0,0.98299545,High Risk,5781
636,36,6,96643.32,1,182059.28,Germany,Male,0,0,0,0.5008387,Medium Risk,5782
669,33,8,0.0,2,128538.05,Spain,Female,1,0,0,0.5294213,Medium Risk,5783
624,71,7,0.0,2,108841.83,France,Male,1,1,0,0.59598714,Medium Risk,5784
631,29,2,0.0,2,18581.84,France,Male,1,1,0,0.5692201,Medium Risk,5785
753,48,4,0.0,2,146821.42,France,Male,1,0,0,0.99702376,High Risk,5786
588,40,5,0.0,2,100727.68,France,Male,0,0,0,0.98776245,High Risk,5787
729,26,4,97268.1,2,39356.38,Germany,Male,0,1,0,0.9988135,High Risk,5788
602,42,10,0.0,2,169921.11,France,Female,0,0,1,0.9918983,High Risk,5789
689,55,1,76296.81,1,42364.75,Germany,Female,0,1,1,0.97382563,High Risk,5790
486,27,7,0.0,2,28823.04,Spain,Male,0,1,0,0.8682848,High Risk,5791
809,42,6,64497.94,3,182436.81,Germany,Female,1,0,1,0.9885787,High Risk,5792
562,38,5,0.0,1,115700.2,France,Male,0,1,0,0.9948755,High Risk,5793
763,32,8,0.0,2,16725.53,Spain,Female,0,1,0,0.68425333,Medium Risk,5794
669,57,5,0.0,2,56875.76,France,Male,1,1,0,0.99597067,High Risk,5795
709,39,8,0.0,2,56214.09,France,Male,0,1,0,0.4505659,Medium Risk,5796
554,45,4,0.0,2,193412.05,Spain,Female,1,1,0,0.9967044,High Risk,5797
699,37,10,0.0,2,83263.04,France,Male,0,0,0,0.8607742,High Risk,5798
732,54,0,134249.7,1,13404.4,Spain,Male,1,0,0,0.74590164,High Risk,5799
625,45,3,0.0,1,184474.15,France,Female,1,1,1,0.53327465,Medium Risk,5800
599,30,9,105443.68,1,121124.53,France,Male,1,1,0,0.683319,Medium Risk,5801
584,50,1,0.0,1,152567.75,Spain,Female,1,0,1,0.9926664,High Risk,5802
499,35,10,0.0,2,10722.54,France,Male,0,1,0,0.9859723,High Risk,5803
526,38,2,0.0,2,58010.98,Spain,Male,0,0,0,0.9798269,High Risk,5804
625,35,5,86147.46,2,163440.8,Germany,Female,0,1,1,0.47031412,Medium Risk,5805
537,38,1,96939.06,1,102606.92,Spain,Female,1,1,0,0.68344605,Medium Risk,5806
696,47,1,106758.6,1,80591.18,Spain,Male,1,1,0,0.98366064,High Risk,5807
679,33,9,112528.65,2,177362.45,France,Female,0,1,0,0.9601767,High Risk,5808
684,60,2,116563.58,1,120257.7,France,Male,0,1,1,0.6663867,Medium Risk,5809
850,32,4,0.0,1,180622.02,France,Male,1,1,0,0.9954335,High Risk,5810
495,42,7,0.0,2,130404.53,Spain,Female,0,0,0,0.59517825,Medium Risk,5811
537,38,6,141786.78,1,147797.54,Spain,Female,1,0,0,0.8908237,High Risk,5812
850,41,3,136416.82,1,57844.26,France,Male,1,0,0,0.99119097,High Risk,5813
513,30,5,0.0,2,162523.66,France,Male,0,1,0,0.7694797,High Risk,5814
618,40,1,133245.52,2,54495.82,Germany,Female,1,1,0,0.8682848,High Risk,5815
802,41,4,90757.64,2,169183.66,Germany,Female,1,0,0,0.9081794,High Risk,5816
547,43,1,92350.36,1,80262.91,France,Male,1,0,0,0.71760917,High Risk,5817
613,69,9,78778.49,1,8751.59,Germany,Male,1,0,0,0.7464134,High Risk,5818
592,34,6,102143.93,2,102628.98,Germany,Female,1,1,0,0.6372986,Medium Risk,5819
546,29,5,0.0,1,94823.95,France,Male,1,1,0,0.993979,High Risk,5820
721,37,4,98459.6,1,90821.66,Germany,Male,0,0,0,0.9798269,High Risk,5821
671,47,7,114603.76,2,153194.32,Germany,Female,0,1,1,0.9339267,High Risk,5822
624,35,2,0.0,2,87310.59,Spain,Male,0,1,0,0.9798269,High Risk,5823
751,51,7,148074.79,1,146411.41,Germany,Female,0,1,1,0.71463263,High Risk,5824
636,36,1,0.0,3,74048.1,Spain,Male,1,1,1,0.6662163,Medium Risk,5825
607,62,8,108004.64,1,23386.77,Spain,Female,1,1,1,0.8660423,High Risk,5826
509,29,0,107712.57,2,92898.17,Germany,Female,1,1,0,0.25939992,Low Risk,5827
653,35,9,0.0,2,45956.05,Spain,Male,1,1,0,0.9952402,High Risk,5828
709,37,8,0.0,3,71738.56,Spain,Female,0,1,0,0.97418165,High Risk,5829
559,32,9,145303.52,1,103560.98,France,Male,0,1,0,0.67136395,Medium Risk,5830
684,37,4,138476.41,2,52367.29,Germany,Male,1,1,0,0.6562869,Medium Risk,5831
635,27,8,127471.56,1,152916.05,France,Female,1,1,1,0.71147746,High Risk,5832
709,26,6,156551.63,1,4410.77,France,Male,1,0,0,0.9928422,High Risk,5833
656,49,9,97092.87,1,74771.22,Germany,Female,0,1,1,0.9926052,High Risk,5834
793,32,2,0.0,2,193817.63,France,Male,0,1,1,0.54197025,Medium Risk,5835
609,37,5,129312.79,1,26793.82,Spain,Male,1,1,0,0.802675,High Risk,5836
618,29,10,100315.1,2,32526.64,Germany,Female,1,1,0,0.99732226,High Risk,5837
850,35,6,81684.97,1,824.0,France,Female,0,1,0,0.97538984,High Risk,5838
669,51,3,88827.53,1,85250.77,Spain,Male,0,0,1,0.8792369,High Risk,5839
594,40,0,152092.44,2,83508.93,Germany,Male,1,1,0,0.20558052,Low Risk,5840
616,71,4,0.0,2,173599.38,Spain,Male,1,1,0,0.9993773,High Risk,5841
676,49,1,0.0,1,79342.31,France,Female,0,1,1,0.8339805,High Risk,5842
608,38,9,102406.76,1,57600.66,Spain,Female,1,0,0,0.7332601,High Risk,5843
710,21,4,109130.96,2,56191.99,France,Male,1,1,0,0.6375989,Medium Risk,5844
695,29,5,0.0,2,6770.44,France,Male,1,1,0,0.823171,High Risk,5845
530,33,9,75242.28,1,101694.67,Germany,Male,1,0,0,0.9965926,High Risk,5846
509,29,1,0.0,2,69113.14,Spain,Male,0,1,0,0.99845815,High Risk,5847
517,45,4,0.0,1,172674.36,France,Female,0,0,1,0.8494937,High Risk,5848
758,33,0,129142.54,2,26606.28,Germany,Male,1,1,0,0.997682,High Risk,5849
665,51,2,0.0,1,53353.36,France,Male,0,0,0,0.8403458,High Risk,5850
631,22,6,139129.92,1,63747.51,Germany,Female,1,1,0,0.2330935,Low Risk,5851
576,33,3,0.0,2,190112.05,Spain,Male,1,0,0,0.5054422,Medium Risk,5852
544,22,3,66483.32,1,110317.39,Spain,Male,1,0,0,0.968322,High Risk,5853
596,40,5,62389.03,3,148623.43,Germany,Male,0,1,1,0.74590164,High Risk,5854
481,34,5,0.0,2,125253.46,France,Female,1,1,0,0.9897314,High Risk,5855
498,46,1,91857.66,1,101954.78,France,Male,0,1,1,0.9440024,High Risk,5856
512,31,6,0.0,2,168462.26,Spain,Male,0,1,0,0.99878305,High Risk,5857
594,56,7,0.0,1,26215.85,France,Female,0,1,1,0.9925822,High Risk,5858
570,30,10,176173.52,1,97045.32,France,Female,0,1,1,0.46466255,Medium Risk,5859
721,38,7,0.0,1,53534.8,Spain,Male,1,0,0,0.99217457,High Risk,5860
453,37,4,131834.76,2,8949.2,France,Female,0,1,0,0.42200515,Medium Risk,5861
562,48,3,92347.96,1,163116.75,France,Male,1,1,0,0.43144652,Medium Risk,5862
682,40,4,0.0,2,140745.91,France,Male,1,1,0,0.97911686,High Risk,5863
748,40,3,95297.11,1,171515.84,France,Male,0,0,0,0.9978071,High Risk,5864
729,32,9,0.0,2,150803.44,France,Female,0,0,0,0.99597067,High Risk,5865
663,39,4,0.0,1,76884.05,France,Male,0,1,0,0.6710051,Medium Risk,5866
735,53,8,123845.36,2,170454.93,France,Female,1,0,1,0.37351337,Low Risk,5867
627,62,3,143426.34,2,143104.3,Germany,Male,1,1,0,0.68425333,Medium Risk,5868
713,46,5,0.0,1,55701.62,France,Male,1,1,0,0.63643175,Medium Risk,5869
562,31,2,112708.2,1,186370.3,Germany,Male,1,0,0,0.9838067,High Risk,5870
632,43,2,100013.51,1,24275.32,France,Male,0,1,0,0.99213976,High Risk,5871
479,33,2,208165.53,1,50774.81,France,Female,0,0,1,0.21172015,Low Risk,5872
658,21,7,0.0,2,154279.87,Spain,Male,1,0,0,0.9992762,High Risk,5873
598,40,9,0.0,1,68462.59,France,Female,0,1,1,0.50864667,Medium Risk,5874
597,19,2,0.0,2,91036.74,France,Male,1,1,0,0.78486615,High Risk,5875
512,33,6,121685.31,2,83681.97,France,Female,1,1,0,0.9601767,High Risk,5876
704,39,2,111525.02,1,199484.96,France,Male,0,1,0,0.99064577,High Risk,5877
474,26,6,0.0,2,152491.22,France,Male,0,0,0,0.5254974,Medium Risk,5878
604,36,10,113546.3,1,134875.37,Germany,Male,1,1,0,0.48848805,Medium Risk,5879
683,41,6,95696.52,2,184366.14,France,Male,1,1,0,0.57965904,Medium Risk,5880
537,28,0,88963.31,2,189839.93,France,Male,1,1,0,0.824577,High Risk,5881
794,31,0,144880.34,2,175643.44,Spain,Male,1,0,0,0.70984423,High Risk,5882
732,55,9,136576.02,1,3268.17,France,Male,1,0,1,0.69832283,Medium Risk,5883
495,38,2,63093.01,1,47089.72,France,Female,1,1,0,0.7096556,High Risk,5884
552,38,10,132271.12,2,46562.02,Germany,Male,1,1,0,0.82006365,High Risk,5885
602,29,3,88814.4,2,62487.97,France,Female,1,1,0,0.63643175,Medium Risk,5886
607,40,5,90594.55,1,181598.25,Germany,Male,1,0,0,0.99432075,High Risk,5887
675,33,0,141816.25,1,64815.05,Germany,Female,0,1,1,0.6998134,Medium Risk,5888
443,54,3,138547.97,1,70196.23,France,Female,1,1,1,0.54578805,Medium Risk,5889
727,31,2,52192.08,2,160383.47,France,Female,1,0,0,0.985836,High Risk,5890
482,38,4,124976.19,1,35848.12,France,Male,0,1,0,0.9993773,High Risk,5891
686,34,1,0.0,2,87278.48,France,Female,0,1,0,0.9854952,High Risk,5892
588,35,3,104356.38,1,94498.82,Germany,Male,0,1,0,0.59517825,Medium Risk,5893
605,48,10,150315.92,1,133486.36,Spain,Female,1,0,0,0.99198955,High Risk,5894
583,39,1,129299.28,2,73107.6,France,Male,0,1,0,0.968322,High Risk,5895
738,37,7,140950.92,2,195333.98,Germany,Male,0,1,0,0.970454,High Risk,5896
744,30,1,128065.12,1,121525.48,Spain,Male,0,1,0,0.9880971,High Risk,5897
781,23,2,107433.48,1,173843.21,France,Male,0,1,0,0.9601767,High Risk,5898
699,34,2,117468.67,1,185227.42,France,Male,0,1,0,0.9973857,High Risk,5899
639,27,2,0.0,2,125244.18,France,Female,0,0,0,0.9979358,High Risk,5900
583,27,4,0.0,3,163113.41,France,Female,0,1,0,0.9986474,High Risk,5901
587,42,1,0.0,1,123006.91,France,Male,0,0,0,0.99598926,High Risk,5902
694,40,9,0.0,2,40463.03,France,Male,0,1,0,0.6147775,Medium Risk,5903
570,29,4,153040.03,1,131363.57,France,Female,1,1,1,0.968322,High Risk,5904
692,45,6,142084.04,4,188305.85,Germany,Male,0,1,1,0.9979358,High Risk,5905
511,30,5,0.0,2,143994.86,France,Female,0,1,0,0.99717075,High Risk,5906
788,32,4,112079.58,1,89368.59,France,Male,0,0,0,0.31114635,Low Risk,5907
526,66,7,132044.6,2,158365.89,Spain,Male,1,1,0,0.9778504,High Risk,5908
749,46,9,66582.81,1,78753.12,Spain,Female,0,1,1,0.89453584,High Risk,5909
691,33,6,0.0,2,100408.31,France,Female,1,1,0,0.8662853,High Risk,5910
481,39,6,0.0,1,24677.54,France,Female,1,1,0,0.6261376,Medium Risk,5911
752,33,4,0.0,2,39570.78,France,Male,1,1,0,0.98680854,High Risk,5912
658,38,6,102895.1,1,155665.76,France,Female,0,0,0,0.14860974,Low Risk,5913
679,42,2,0.0,1,168294.27,Spain,Male,1,1,0,0.83440757,High Risk,5914
754,27,7,117578.35,2,87908.01,Germany,Male,1,0,0,0.9692657,High Risk,5915
679,47,10,198546.1,2,191198.92,France,Male,0,1,1,0.99227375,High Risk,5916
633,39,2,0.0,2,191207.03,Spain,Female,0,0,0,0.9982236,High Risk,5917
674,31,1,0.0,1,128954.05,France,Female,0,1,0,0.7649722,High Risk,5918
600,28,2,116623.31,1,59905.29,Germany,Male,1,0,0,0.9599864,High Risk,5919
645,49,8,0.0,2,162012.6,Spain,Male,0,1,0,0.74624574,High Risk,5920
698,36,6,0.0,2,19231.98,France,Male,1,0,0,0.14860974,Low Risk,5921
508,54,10,0.0,1,175749.36,Spain,Male,1,1,0,0.98478496,High Risk,5922
555,44,3,105770.7,3,60533.96,France,Female,0,1,1,0.9973182,High Risk,5923
751,48,9,0.0,1,137508.42,France,Female,0,1,1,0.6996476,Medium Risk,5924
738,39,1,94435.45,2,189430.86,France,Female,1,0,0,0.81186426,High Risk,5925
706,39,8,112889.91,1,6723.66,Germany,Female,1,0,0,0.99878305,High Risk,5926
595,53,7,0.0,2,41371.68,France,Female,0,1,1,0.98596025,High Risk,5927
577,43,3,127940.47,1,125140.72,Germany,Female,0,0,1,0.6130632,Medium Risk,5928
578,36,8,129745.1,1,143683.75,Germany,Female,1,1,0,0.43144652,Medium Risk,5929
699,32,3,0.0,2,170770.44,France,Male,1,1,0,0.9459191,High Risk,5930
826,30,5,0.0,2,157397.57,France,Female,1,0,0,0.99075764,High Risk,5931
656,46,7,141535.52,1,50595.15,Germany,Female,0,1,1,0.69832283,Medium Risk,5932
556,47,2,139914.27,1,50390.98,France,Female,1,1,0,0.9692657,High Risk,5933
569,41,4,120243.49,1,163150.03,France,Male,0,1,1,0.98248553,High Risk,5934
765,34,9,91835.16,1,138280.17,France,Male,0,0,0,0.9609566,High Risk,5935
544,37,2,0.0,2,135067.02,Spain,Male,0,0,0,0.4785845,Medium Risk,5936
588,22,9,67178.19,1,163534.75,Spain,Female,1,1,1,0.9949444,High Risk,5937
740,31,8,0.0,2,86657.48,Spain,Female,0,0,0,0.7274386,High Risk,5938
850,38,7,115378.94,1,162087.82,Spain,Male,1,0,0,0.67136395,Medium Risk,5939
766,30,4,127786.28,2,28879.3,Germany,Male,1,1,0,0.88541204,High Risk,5940
849,41,6,0.0,2,169203.51,France,Female,1,1,1,0.99296606,High Risk,5941
612,33,0,64900.32,2,102426.12,France,Female,0,1,0,0.9859185,High Risk,5942
517,53,0,109172.88,1,54676.1,Germany,Male,0,1,1,0.86725354,High Risk,5943
645,55,7,0.0,2,18369.33,France,Female,1,1,0,0.63643175,Medium Risk,5944
696,43,4,114091.38,1,159888.1,Germany,Male,1,0,0,0.83637416,High Risk,5945
716,40,3,0.0,2,167636.15,France,Female,1,0,0,0.9838238,High Risk,5946
590,32,9,0.0,2,138889.15,France,Male,0,1,0,0.5783935,Medium Risk,5947
656,45,7,145933.27,1,199392.14,France,Female,1,1,0,0.9830831,High Risk,5948
473,35,7,131504.73,1,189560.43,Germany,Female,0,1,0,0.81186426,High Risk,5949
742,44,8,107926.02,1,17375.27,Germany,Female,1,0,1,0.9922391,High Risk,5950
834,57,8,112281.6,3,140225.14,Germany,Female,0,1,1,0.79051125,High Risk,5951
721,41,7,0.0,2,61018.85,France,Male,1,0,0,0.3417924,Low Risk,5952
590,29,10,0.0,1,51907.72,Spain,Male,1,1,1,0.99603504,High Risk,5953
516,31,7,0.0,1,47018.75,Spain,Female,0,1,0,0.9423882,High Risk,5954
850,33,0,124781.67,1,33700.52,France,Male,1,0,0,0.824172,High Risk,5955
748,39,9,132865.56,1,59636.43,France,Female,1,1,1,0.9922391,High Risk,5956
798,38,4,129055.13,1,157147.59,Germany,Female,0,1,0,0.438148,Medium Risk,5957
612,76,6,96166.88,1,191393.26,Germany,Male,1,1,0,0.6710051,Medium Risk,5958
540,40,3,165298.12,1,199862.75,France,Female,1,0,0,0.9948755,High Risk,5959
719,33,7,0.0,2,20016.59,Spain,Female,0,1,0,0.985836,High Risk,5960
598,48,6,120682.53,1,30635.52,France,Male,0,1,1,0.7274386,High Risk,5961
796,32,5,102773.15,2,117832.88,Spain,Male,1,0,0,0.8494937,High Risk,5962
579,42,0,144386.32,1,22497.1,Germany,Male,1,1,1,0.8701815,High Risk,5963
850,40,7,104449.8,1,747.88,Germany,Female,1,1,0,0.9810751,High Risk,5964
599,35,6,137102.65,1,76870.81,Spain,Male,0,0,0,0.62140924,Medium Risk,5965
724,30,9,142475.87,1,107848.24,France,Female,1,1,0,0.9973182,High Risk,5966
508,43,9,0.0,1,103726.71,France,Female,0,1,0,0.9057496,High Risk,5967
773,37,2,103195.2,2,178268.36,Spain,Male,0,1,0,0.695983,Medium Risk,5968
526,28,1,112070.44,1,126281.83,France,Male,1,0,0,0.8802763,High Risk,5969
542,29,7,0.0,2,196651.72,France,Female,1,0,0,0.9938817,High Risk,5970
470,35,1,96473.59,1,5962.3,France,Male,0,0,0,0.99483466,High Risk,5971
805,37,5,0.0,2,21928.81,Spain,Male,0,1,0,0.98299545,High Risk,5972
548,49,9,108437.89,1,127022.87,Germany,Male,0,0,1,0.48848805,Medium Risk,5973
672,37,5,153195.59,1,162763.01,France,Male,1,1,0,0.48848805,Medium Risk,5974
773,45,8,96877.21,1,113950.51,France,Male,1,1,0,0.5692201,Medium Risk,5975
614,44,6,0.0,2,104930.46,France,Male,1,0,0,0.999231,High Risk,5976
537,38,10,0.0,1,52337.97,France,Female,0,0,1,0.6710051,Medium Risk,5977
704,40,6,95452.89,1,179964.55,France,Female,1,0,0,0.9422351,High Risk,5978
586,41,3,63873.56,1,83753.64,Spain,Male,0,1,0,0.98821485,High Risk,5979
677,24,0,148298.59,2,182913.95,France,Female,0,0,0,0.98875964,High Risk,5980
558,31,7,0.0,2,166720.28,Spain,Female,0,1,0,0.9798269,High Risk,5981
634,37,7,143258.85,2,192721.98,Germany,Female,0,1,0,0.5254974,Medium Risk,5982
655,37,9,121342.24,1,180241.44,Germany,Male,1,1,0,0.9922633,High Risk,5983
619,28,6,99152.73,2,48475.12,Germany,Female,0,1,0,0.9973182,High Risk,5984
662,41,4,0.0,2,126551.48,France,Female,0,1,0,0.64687574,Medium Risk,5985
705,33,7,68423.89,1,64872.55,Spain,Male,1,1,0,0.98875964,High Risk,5986
527,35,8,0.0,1,98031.53,Spain,Female,0,1,1,0.99231756,High Risk,5987
630,25,7,79656.81,1,93524.22,Germany,Female,0,1,0,0.77068084,High Risk,5988
850,35,2,0.0,2,56991.66,France,Male,1,1,0,0.98680854,High Risk,5989
668,53,10,110240.04,1,183980.56,France,Female,0,0,1,0.62140924,Medium Risk,5990
573,32,9,125321.84,2,130234.63,France,Female,1,1,0,0.9947924,High Risk,5991
680,27,3,0.0,1,32454.26,France,Male,0,1,0,0.7966556,High Risk,5992
758,32,2,84378.9,1,75396.43,France,Female,1,1,0,0.9934088,High Risk,5993
597,45,7,0.0,2,167756.45,France,Male,0,0,0,0.6561557,Medium Risk,5994
580,35,10,136281.41,2,24799.47,Germany,Male,1,1,0,0.675856,Medium Risk,5995
622,59,5,119380.37,1,60429.43,France,Male,1,1,0,0.62998813,Medium Risk,5996
638,62,4,108716.59,2,74241.09,Germany,Male,1,1,0,0.95453966,High Risk,5997
640,20,4,0.0,2,78310.82,France,Female,1,0,0,0.98974854,High Risk,5998
644,28,0,0.0,2,119419.37,Spain,Male,0,1,0,0.9961028,High Risk,5999
753,31,6,106596.29,1,91305.77,France,Female,0,0,0,0.8433964,High Risk,6000
629,37,10,99546.25,3,25136.95,France,Female,1,0,1,0.9979358,High Risk,6001
775,30,5,0.0,1,193880.6,France,Female,0,1,1,0.99878305,High Risk,6002
701,41,2,0.0,1,47856.78,France,Female,0,1,0,0.44131276,Medium Risk,6003
708,19,7,112615.86,1,4491.77,Spain,Male,1,1,0,0.5001548,Medium Risk,6004
521,22,10,0.0,1,101311.95,Spain,Female,1,1,0,0.941952,High Risk,6005
636,24,9,0.0,2,38830.72,France,Female,1,0,0,0.99878305,High Risk,6006
529,31,5,0.0,2,26817.23,France,Female,0,1,0,0.4458471,Medium Risk,6007
757,28,3,75381.15,1,199727.72,France,Male,1,1,0,0.7710963,High Risk,6008
767,24,5,0.0,2,67445.85,Spain,Female,1,1,0,0.9599864,High Risk,6009
525,33,5,0.0,2,161002.29,Spain,Male,0,1,0,0.99615955,High Risk,6010
759,38,1,0.0,2,20778.39,Spain,Male,0,1,0,0.7694797,High Risk,6011
520,45,1,123086.39,1,41042.4,Germany,Female,1,1,1,0.99905926,High Risk,6012
738,26,3,0.0,2,67484.16,France,Female,0,1,0,0.9599864,High Risk,6013
548,37,4,0.0,1,121763.68,Spain,Male,0,1,0,0.95522803,High Risk,6014
535,48,9,109472.47,1,157358.43,Spain,Male,0,1,1,0.29072845,Low Risk,6015
615,59,4,155766.05,1,110275.17,Spain,Male,1,1,0,0.9970311,High Risk,6016
850,38,7,101985.81,2,43801.27,Germany,Male,0,0,0,0.99310863,High Risk,6017
487,34,2,96019.5,1,9085.0,France,Female,0,0,0,0.48145545,Medium Risk,6018
731,30,7,0.0,2,143086.09,France,Male,1,0,0,0.5008387,Medium Risk,6019
726,35,9,0.0,2,100556.98,Spain,Female,1,0,0,0.974664,High Risk,6020
609,35,2,147900.43,1,140000.29,France,Female,0,1,0,0.42200515,Medium Risk,6021
714,52,4,100755.66,1,186775.25,France,Male,1,1,0,0.9938929,High Risk,6022
694,35,7,0.0,1,133570.43,Spain,Female,0,1,1,0.83457154,High Risk,6023
786,33,0,83036.05,1,154990.58,France,Female,1,0,1,0.9907012,High Risk,6024
698,27,6,125427.37,2,27654.44,Spain,Male,0,0,0,0.98281556,High Risk,6025
601,46,3,98202.76,1,137763.93,France,Female,0,0,0,0.9847898,High Risk,6026
769,41,1,72509.91,1,25723.73,Spain,Male,0,1,0,0.7788983,High Risk,6027
850,44,3,140393.65,2,186285.52,Germany,Male,1,0,0,0.43738797,Medium Risk,6028
646,50,5,142644.64,2,142208.5,Spain,Female,1,1,1,0.6710051,Medium Risk,6029
659,44,9,23503.31,1,169862.01,France,Female,1,0,1,0.9864677,High Risk,6030
487,33,8,145729.71,1,41365.85,Spain,Male,0,1,0,0.5683027,Medium Risk,6031
740,40,2,122295.17,2,30812.84,Germany,Female,1,1,0,0.9885787,High Risk,6032
686,39,4,0.0,2,155023.93,France,Male,0,1,0,0.97172,High Risk,6033
612,36,5,119799.27,2,159416.58,Spain,Female,0,1,0,0.984133,High Risk,6034
655,37,8,163708.58,2,76259.23,Spain,Male,0,0,0,0.977459,High Risk,6035
617,34,1,61687.33,2,105965.25,France,Male,0,1,0,0.86235344,High Risk,6036
674,27,4,79144.34,1,50743.83,France,Female,1,0,0,0.14860974,Low Risk,6037
711,32,5,0.0,2,147720.27,Spain,Male,1,1,0,0.64827466,Medium Risk,6038
624,27,7,104848.68,1,167387.36,Germany,Female,1,1,0,0.24048276,Low Risk,6039
597,26,5,0.0,2,95159.13,Spain,Male,1,0,0,0.27978507,Low Risk,6040
682,46,4,0.0,1,4654.28,Spain,Male,1,1,0,0.9885787,High Risk,6041
775,45,8,0.0,1,130376.68,France,Male,0,1,0,0.64573085,Medium Risk,6042
727,29,1,146652.01,1,173486.39,France,Female,1,1,0,0.9926569,High Risk,6043
629,31,6,0.0,2,93881.75,France,Male,0,1,0,0.933843,High Risk,6044
684,46,0,0.0,2,36376.97,France,Male,1,1,0,0.6019847,Medium Risk,6045
549,37,1,130622.34,2,128499.94,Germany,Female,1,1,0,0.5962011,Medium Risk,6046
593,69,2,187013.13,2,105898.69,Germany,Male,1,0,0,0.33555067,Low Risk,6047
536,40,9,0.0,2,11959.03,Spain,Male,1,1,0,0.9993057,High Risk,6048
707,36,6,0.0,1,98810.78,France,Female,0,0,0,0.9967894,High Risk,6049
592,41,0,0.0,2,65906.07,Spain,Male,0,1,0,0.9692657,High Risk,6050
703,44,6,98862.54,1,151516.7,France,Male,0,1,0,0.9972107,High Risk,6051
723,45,4,0.0,2,37214.39,Spain,Female,0,1,0,0.99437165,High Risk,6052
452,52,1,98443.14,2,92033.98,Germany,Male,0,0,0,0.97662234,High Risk,6053
552,42,4,0.0,2,195692.3,Spain,Male,0,0,0,0.92873216,High Risk,6054
633,47,0,0.0,1,6342.84,France,Female,1,1,1,0.86793387,High Risk,6055
479,23,9,123575.51,1,95148.28,Germany,Female,1,0,0,0.6375989,Medium Risk,6056
768,25,6,0.0,2,21215.67,France,Male,1,1,0,0.6220069,Medium Risk,6057
742,31,4,105239.1,1,19700.24,France,Male,1,1,0,0.968322,High Risk,6058
668,56,9,110993.79,1,134396.64,Germany,Male,0,1,1,0.14860974,Low Risk,6059
707,44,3,0.0,2,135077.01,Spain,Male,1,1,0,0.95522803,High Risk,6060
754,39,7,157691.98,2,133600.89,Spain,Male,0,1,1,0.99227726,High Risk,6061
544,47,5,105245.21,1,99922.08,Germany,Male,0,0,1,0.25939992,Low Risk,6062
718,32,8,0.0,2,41399.33,Spain,Male,1,1,0,0.53327465,Medium Risk,6063
762,31,7,117687.35,1,159344.43,France,Male,1,1,0,0.99126583,High Risk,6064
772,23,2,0.0,2,18364.19,France,Male,0,1,0,0.7464134,High Risk,6065
691,37,7,123067.63,1,98162.44,Germany,Female,1,1,1,0.99934167,High Risk,6066
502,45,0,0.0,1,84663.21,France,Male,0,0,0,0.9993007,High Risk,6067
563,34,6,0.0,2,36536.93,France,Female,0,0,0,0.7966556,High Risk,6068
676,41,4,101457.14,1,79101.67,France,Female,1,1,0,0.3476733,Low Risk,6069
576,52,2,100549.43,2,16644.16,Spain,Male,1,1,0,0.50345665,Medium Risk,6070
629,35,4,174588.8,2,158420.14,Spain,Male,1,0,0,0.9838524,High Risk,6071
625,52,8,121161.57,1,48988.28,Spain,Male,0,1,0,0.6277947,Medium Risk,6072
628,45,9,0.0,2,96862.56,France,Male,1,1,0,0.7464134,High Risk,6073
471,36,5,90063.74,2,96366.7,Germany,Female,1,1,0,0.88541204,High Risk,6074
811,45,5,0.0,2,146123.19,France,Female,1,1,0,0.9728597,High Risk,6075
504,42,3,134936.97,2,135178.91,France,Male,0,0,0,0.98366064,High Risk,6076
687,24,3,110495.27,1,158615.41,France,Female,0,1,0,0.99503845,High Risk,6077
660,37,2,133200.09,1,71433.88,Germany,Female,0,0,0,0.85346913,High Risk,6078
548,41,4,82596.8,1,55672.09,France,Female,1,0,0,0.5254974,Medium Risk,6079
609,31,9,103837.75,1,150218.11,Germany,Male,1,1,0,0.9954335,High Risk,6080
659,42,2,0.0,1,162734.31,Spain,Female,0,0,1,0.70984423,High Risk,6081
526,52,8,93590.47,1,21228.71,France,Male,1,0,1,0.9886742,High Risk,6082
725,40,8,104149.66,1,62027.9,Germany,Male,0,1,0,0.8923003,High Risk,6083
519,38,1,114141.64,1,60988.21,Germany,Male,1,1,1,0.7788411,High Risk,6084
562,31,9,117153.0,1,108675.01,Germany,Female,1,1,0,0.9854952,High Risk,6085
482,45,7,156353.46,1,72643.95,Germany,Male,0,1,1,0.4802039,Medium Risk,6086
535,37,3,175534.78,2,9241.52,Spain,Male,1,1,0,0.98366064,High Risk,6087
561,27,9,135637.0,1,153080.4,France,Female,0,1,1,0.99866176,High Risk,6088
661,30,7,0.0,2,72196.57,France,Female,0,1,0,0.39861327,Low Risk,6089
771,27,2,0.0,2,199527.34,France,Male,1,1,0,0.5792172,Medium Risk,6090
545,26,7,0.0,2,156598.23,France,Male,1,0,0,0.9350344,High Risk,6091
850,33,2,83415.04,1,74917.64,Germany,Female,1,0,0,0.6113413,Medium Risk,6092
601,43,3,141859.12,2,111249.62,Germany,Male,1,1,0,0.67136395,Medium Risk,6093
712,38,7,132767.66,2,59115.77,Germany,Male,1,1,0,0.98366064,High Risk,6094
589,31,10,110635.32,1,148218.86,France,Female,0,1,0,0.45180386,Medium Risk,6095
600,37,8,177657.35,1,77142.32,Spain,Male,1,1,0,0.9886742,High Risk,6096
642,41,4,157777.58,1,67484.6,Germany,Male,0,1,0,0.7255311,High Risk,6097
575,47,9,107915.94,2,63452.18,Germany,Male,1,1,1,0.80973136,High Risk,6098
570,57,5,86568.75,1,103660.31,Germany,Female,1,0,0,0.968322,High Risk,6099
532,52,9,137755.76,1,163191.99,Germany,Male,0,1,1,0.9928911,High Risk,6100
796,30,2,137262.71,2,62905.29,France,Male,0,1,0,0.7021165,High Risk,6101
833,32,6,0.0,1,44323.22,Spain,Male,1,1,1,0.4505659,Medium Risk,6102
642,36,6,0.0,2,97938.59,Spain,Female,1,1,0,0.5792172,Medium Risk,6103
655,28,10,0.0,2,126565.21,France,Male,1,0,0,0.968322,High Risk,6104
736,50,9,116309.01,1,185360.4,Germany,Male,0,1,1,0.9825791,High Risk,6105
617,34,0,131244.65,2,183229.02,France,Female,0,1,0,0.63414425,Medium Risk,6106
762,28,3,125155.83,2,106024.02,Germany,Male,1,1,0,0.968322,High Risk,6107
703,35,5,140691.08,2,167810.26,Germany,Male,0,1,0,0.42200515,Medium Risk,6108
507,41,3,58820.32,2,138536.09,France,Male,1,1,0,0.6063779,Medium Risk,6109
581,26,3,105099.45,1,184520.0,Germany,Female,1,1,1,0.67388433,Medium Risk,6110
593,31,9,0.0,2,20492.16,France,Male,1,0,0,0.9697035,High Risk,6111
648,23,9,168372.52,1,134676.72,France,Male,0,1,0,0.97676086,High Risk,6112
462,34,1,94682.56,2,138478.2,Germany,Male,0,1,0,0.15187207,Low Risk,6113
596,36,2,0.0,2,125557.95,Spain,Male,1,0,0,0.99879164,High Risk,6114
627,44,5,0.0,2,82969.61,France,Female,0,1,1,0.5692201,Medium Risk,6115
494,40,7,0.0,2,158071.69,France,Male,1,0,0,0.8359331,High Risk,6116
627,73,0,146329.73,1,43615.67,France,Male,1,0,0,0.9809208,High Risk,6117
850,37,2,0.0,2,119969.99,Spain,Male,0,1,0,0.98680854,High Risk,6118
632,49,5,167962.7,1,140201.21,France,Female,0,0,0,0.9547252,High Risk,6119
490,33,1,0.0,2,80792.83,France,Male,1,1,0,0.43144652,Medium Risk,6120
715,40,7,0.0,1,141359.11,France,Male,1,1,0,0.99483573,High Risk,6121
679,48,8,0.0,2,23344.94,France,Male,0,1,0,0.9838067,High Risk,6122
619,44,3,116967.68,1,5075.17,France,Male,0,1,1,0.515984,Medium Risk,6123
465,33,6,0.0,2,95500.98,Spain,Female,1,1,0,0.21531388,Low Risk,6124
736,32,7,0.0,1,79082.62,Spain,Male,1,0,0,0.7497707,High Risk,6125
501,34,7,93244.42,1,199805.63,Germany,Female,1,0,0,0.95453966,High Risk,6126
535,29,5,0.0,2,52709.55,France,Female,1,0,0,0.9984043,High Risk,6127
759,33,2,0.0,2,56583.88,France,Female,0,1,0,0.97849476,High Risk,6128
819,35,1,0.0,2,3385.04,France,Male,1,0,0,0.75101656,High Risk,6129
533,43,4,80442.06,2,12537.42,Germany,Male,1,0,0,0.99160755,High Risk,6130
632,35,2,150561.03,2,64722.61,Germany,Female,0,0,0,0.76263154,High Risk,6131
686,60,9,0.0,3,75246.21,France,Male,1,1,1,0.98366064,High Risk,6132
687,34,9,125474.44,1,198929.84,France,Female,0,1,0,0.9928422,High Risk,6133
667,33,4,127076.68,2,69011.66,Germany,Female,0,1,0,0.7710963,High Risk,6134
699,25,8,0.0,2,52404.47,Spain,Female,1,1,0,0.39078698,Low Risk,6135
497,37,8,128650.11,2,163641.53,Spain,Male,1,1,0,0.48190334,Medium Risk,6136
780,33,6,145580.61,1,154598.56,Spain,Female,1,1,0,0.9973182,High Risk,6137
652,51,3,0.0,1,173989.47,France,Female,0,1,1,0.98901844,High Risk,6138
477,47,9,144900.58,1,61315.37,France,Male,0,1,1,0.9973182,High Risk,6139
652,37,4,0.0,2,143393.24,France,Female,0,1,0,0.98895055,High Risk,6140
488,31,8,97588.6,1,124210.53,France,Female,0,0,0,0.8846788,High Risk,6141
572,24,1,0.0,2,151460.84,France,Male,1,1,0,0.9992011,High Risk,6142
755,38,1,0.0,2,20734.81,France,Female,0,1,0,0.9908921,High Risk,6143
779,24,10,122200.31,2,43705.56,Germany,Female,0,1,0,0.96332955,High Risk,6144
693,46,3,151709.33,1,180736.24,Spain,Female,0,1,0,0.9867757,High Risk,6145
530,22,7,0.0,2,104170.48,Spain,Female,0,1,0,0.7644166,High Risk,6146
738,33,3,122134.4,2,27867.59,Spain,Female,1,0,0,0.97545767,High Risk,6147
690,31,2,137260.45,2,55387.28,Germany,Male,0,1,0,0.98366064,High Risk,6148
611,30,9,88594.14,1,196332.45,France,Female,0,1,0,0.14860974,Low Risk,6149
643,34,6,0.0,2,116046.22,Spain,Male,1,1,0,0.9854952,High Risk,6150
632,41,8,127205.32,4,93874.87,Germany,Male,0,1,1,0.9900883,High Risk,6151
727,31,10,96997.09,2,76614.04,Spain,Female,0,0,0,0.930431,High Risk,6152
508,64,2,0.0,1,6076.62,France,Female,1,1,0,0.48848805,Medium Risk,6153
550,31,5,142200.19,2,122221.71,France,Male,1,1,0,0.6952937,Medium Risk,6154
754,39,3,160761.41,1,24156.03,Germany,Female,1,1,0,0.9838238,High Risk,6155
759,26,4,0.0,2,135394.62,France,Male,0,1,0,0.9927632,High Risk,6156
794,33,8,0.0,2,91340.02,Spain,Male,0,0,0,0.9885787,High Risk,6157
549,29,3,0.0,2,146090.38,France,Male,0,1,0,0.96674025,High Risk,6158
671,31,0,116234.61,1,172096.08,France,Male,0,1,0,0.7770656,High Risk,6159
756,26,5,155143.52,1,135034.57,Germany,Female,1,0,1,0.99920005,High Risk,6160
632,21,1,0.0,2,84008.66,France,Female,0,1,0,0.99770904,High Risk,6161
579,38,8,0.0,2,91763.67,France,Male,0,0,0,0.48848805,Medium Risk,6162
748,34,5,84009.47,1,137001.1,France,Male,1,1,0,0.99231756,High Risk,6163
488,28,7,139246.22,2,106799.49,Germany,Female,0,1,0,0.75101656,High Risk,6164
710,58,7,170113.0,2,10494.64,Germany,Male,1,0,0,0.51305604,Medium Risk,6165
619,41,8,0.0,3,79866.73,Spain,Female,1,1,1,0.47766384,Medium Risk,6166
773,64,2,145578.28,1,186172.85,France,Male,1,0,0,0.46068582,Medium Risk,6167
657,75,7,126273.95,1,91673.6,Spain,Male,1,0,0,0.7669059,High Risk,6168
579,26,10,162482.76,1,18458.2,France,Female,1,1,0,0.9926664,High Risk,6169
542,29,9,0.0,1,8342.35,France,Male,0,1,0,0.9805135,High Risk,6170
709,32,2,87814.89,1,138578.37,France,Female,0,1,0,0.49652058,Medium Risk,6171
617,61,3,113858.95,1,38129.22,Spain,Male,1,1,0,0.6729253,Medium Risk,6172
568,43,5,87612.64,4,107155.4,Germany,Male,1,1,1,0.95247346,High Risk,6173
769,73,1,0.0,1,29792.11,France,Female,1,1,0,0.82945746,High Risk,6174
608,26,1,106648.98,1,7063.6,Germany,Male,1,0,0,0.2780986,Low Risk,6175
503,31,4,0.0,2,21645.06,Spain,Male,1,1,0,0.6130632,Medium Risk,6176
608,38,8,103653.51,2,137079.86,Germany,Female,1,1,0,0.98299545,High Risk,6177
731,37,3,116880.53,1,172718.35,Germany,Male,0,0,1,0.9985538,High Risk,6178
850,40,4,97990.49,2,106691.02,Germany,Female,0,0,0,0.79087275,High Risk,6179
591,34,4,150635.3,1,72274.84,Germany,Female,1,1,0,0.2780986,Low Risk,6180
579,37,4,0.0,2,32246.63,Spain,Male,1,1,0,0.9882168,High Risk,6181
570,39,10,129674.89,2,80552.36,France,Male,0,1,0,0.9982835,High Risk,6182
709,37,9,0.0,2,16733.59,France,Female,0,1,0,0.9901766,High Risk,6183
611,53,3,83568.26,1,1235.49,France,Male,0,0,0,0.991396,High Risk,6184
775,48,4,178144.91,2,50168.41,Spain,Male,0,0,1,0.67136395,Medium Risk,6185
699,36,6,147137.74,1,33687.9,Germany,Male,1,1,0,0.5692201,Medium Risk,6186
618,37,5,0.0,1,178705.45,France,Male,1,0,1,0.8021578,High Risk,6187
704,36,3,114370.41,1,66810.48,France,Male,1,0,0,0.8849667,High Risk,6188
835,47,5,108289.28,2,45859.55,Germany,Female,1,1,1,0.9886742,High Risk,6189
714,39,3,149887.49,2,63846.36,Germany,Male,0,1,0,0.59517825,Medium Risk,6190
581,43,4,170172.9,1,100236.02,Spain,Female,1,0,0,0.7146018,High Risk,6191
592,27,3,0.0,2,19645.65,France,Male,1,1,0,0.9885787,High Risk,6192
551,43,7,0.0,2,178393.68,France,Male,0,1,0,0.99357104,High Risk,6193
689,28,2,64808.32,2,78591.15,Germany,Female,0,0,0,0.77374816,High Risk,6194
604,56,0,62732.65,1,124954.56,France,Female,1,0,0,0.86725354,High Risk,6195
514,41,7,0.0,2,3756.65,France,Female,1,1,0,0.49047288,Medium Risk,6196
698,29,5,95167.55,1,152723.23,France,Male,1,1,0,0.9737768,High Risk,6197
581,54,2,152508.99,1,187597.98,Germany,Female,0,1,1,0.9034224,High Risk,6198
573,31,0,134644.19,1,70381.49,Germany,Male,1,1,0,0.9935137,High Risk,6199
449,33,8,0.0,2,156792.89,Spain,Female,0,0,0,0.99812955,High Risk,6200
850,31,3,51293.47,1,35534.68,Germany,Female,0,0,0,0.9934088,High Risk,6201
612,41,5,0.0,3,151256.22,France,Male,0,0,0,0.7432952,High Risk,6202
690,49,8,116622.73,1,51011.29,Spain,Male,1,0,0,0.9866231,High Risk,6203
599,49,2,0.0,2,111190.53,Spain,Female,0,1,0,0.9908183,High Risk,6204
498,33,1,198113.86,1,69664.35,France,Male,0,1,0,0.9953408,High Risk,6205
497,29,4,85646.81,1,63233.02,France,Female,0,0,1,0.75945175,High Risk,6206
802,51,7,0.0,1,40855.79,Spain,Male,1,0,0,0.9882168,High Risk,6207
644,33,9,141234.98,1,95673.05,France,Male,0,1,0,0.60360426,Medium Risk,6208
714,34,10,0.0,2,80234.14,France,Male,1,1,0,0.98895055,High Risk,6209
690,40,9,77641.99,1,189051.59,France,Female,0,0,1,0.9599864,High Risk,6210
522,30,3,0.0,2,145490.85,Spain,Male,0,1,0,0.9892306,High Risk,6211
502,40,7,117304.29,1,196278.32,Germany,Female,0,0,0,0.49724662,Medium Risk,6212
730,62,2,0.0,2,162889.1,Spain,Female,1,1,0,0.48069128,Medium Risk,6213
590,36,6,92340.69,2,174667.58,Germany,Male,1,1,0,0.6561557,Medium Risk,6214
458,35,9,146780.52,2,3476.38,Germany,Male,1,1,0,0.54197025,Medium Risk,6215
553,41,6,144974.55,1,19344.92,Spain,Male,1,1,0,0.99894005,High Risk,6216
479,47,1,0.0,1,95270.83,France,Male,0,1,0,0.30895284,Low Risk,6217
693,31,2,0.0,2,107759.31,France,Male,1,1,0,0.96893287,High Risk,6218
707,43,10,0.0,2,118368.2,Spain,Male,0,1,0,0.9882045,High Risk,6219
636,37,1,115137.26,1,52484.01,Spain,Male,0,1,0,0.99003196,High Risk,6220
807,33,10,101952.97,2,178153.65,France,Male,0,1,0,0.99291635,High Risk,6221
513,45,0,164649.52,3,49915.52,France,Female,0,1,1,0.4966537,Medium Risk,6222
582,31,2,0.0,2,33747.03,France,Male,1,1,0,0.9061121,High Risk,6223
694,32,0,91956.49,1,59961.81,France,Male,1,1,0,0.62809825,Medium Risk,6224
777,39,8,0.0,2,18613.52,France,Male,1,1,0,0.9733847,High Risk,6225
598,32,9,123938.6,2,198894.42,Germany,Male,0,1,0,0.7943819,High Risk,6226
762,46,6,123571.77,3,57014.17,Germany,Male,1,0,1,0.5783935,Medium Risk,6227
588,34,3,120777.88,1,131729.52,France,Female,1,1,0,0.7255311,High Risk,6228
663,42,5,90248.79,1,79169.73,Germany,Male,1,1,0,0.9885787,High Risk,6229
777,36,7,0.0,1,106472.34,France,Male,0,1,0,0.8134313,High Risk,6230
592,71,4,0.0,2,17013.54,France,Male,1,0,0,0.7436671,High Risk,6231
631,48,1,106396.48,1,150661.42,Germany,Male,1,1,1,0.9966732,High Risk,6232
725,47,1,104887.43,1,86622.56,Germany,Female,0,0,1,0.65775186,Medium Risk,6233
850,34,2,72079.71,1,115767.93,France,Male,1,1,0,0.9885787,High Risk,6234
540,37,6,0.0,2,141998.89,France,Male,0,1,0,0.09324729,Low Risk,6235
674,36,2,0.0,2,182787.17,Spain,Male,1,1,0,0.97911686,High Risk,6236
553,38,3,99844.68,1,187915.7,France,Male,0,0,0,0.9007995,High Risk,6237
630,28,1,0.0,2,133267.78,France,Female,1,1,0,0.4458471,Medium Risk,6238
466,26,3,156815.71,1,137476.09,France,Male,1,1,0,0.7317037,High Risk,6239
613,47,6,146034.74,1,77146.14,France,Male,1,1,0,0.9798187,High Risk,6240
558,27,1,152283.39,1,183271.15,France,Male,0,1,0,0.7226957,High Risk,6241
775,33,1,118897.1,2,26362.4,Germany,Female,1,1,0,0.48069128,Medium Risk,6242
698,52,8,96781.39,1,153373.71,Germany,Male,1,1,0,0.9926138,High Risk,6243
608,33,1,102772.67,2,70705.58,Germany,Male,0,1,0,0.98875964,High Risk,6244
670,20,4,0.0,2,119759.24,Spain,Female,0,1,0,0.9916876,High Risk,6245
591,39,8,0.0,2,42392.24,Spain,Male,0,0,0,0.75807047,High Risk,6246
633,40,4,150578.0,1,34670.62,France,Male,1,0,1,0.99964225,High Risk,6247
678,46,1,0.0,2,82106.19,France,Female,0,0,0,0.9885787,High Risk,6248
590,47,3,0.0,2,171774.5,France,Male,0,1,0,0.999151,High Risk,6249
705,48,0,0.0,2,149772.61,France,Female,0,0,0,0.9881341,High Risk,6250
608,42,10,163548.07,1,38866.85,France,Male,0,1,0,0.9925298,High Risk,6251
682,37,8,148580.12,1,35179.18,France,Female,0,1,0,0.99222285,High Risk,6252
596,32,3,96709.07,2,41788.37,Germany,Male,0,0,0,0.6952937,Medium Risk,6253
395,34,5,106011.59,1,17376.57,Germany,Female,1,1,1,0.97676086,High Risk,6254
578,37,1,135650.88,1,199428.19,Germany,Male,0,1,0,0.9833017,High Risk,6255
547,55,4,111362.76,3,16922.28,Germany,Male,0,1,1,0.74957263,High Risk,6256
609,37,1,39344.83,1,178291.89,France,Male,1,1,1,0.9733847,High Risk,6257
774,36,9,130809.77,1,152290.28,Germany,Male,0,1,0,0.9805135,High Risk,6258
712,27,2,133009.51,1,126809.15,France,Female,0,1,0,0.802675,High Risk,6259
585,28,9,135337.49,2,40385.61,Germany,Female,1,1,0,0.78366745,High Risk,6260
666,32,10,112536.57,2,34350.54,France,Female,1,1,0,0.987301,High Risk,6261
708,35,8,122570.69,1,199005.88,Spain,Female,0,0,0,0.92704946,High Risk,6262
513,44,1,63562.02,2,52629.73,France,Male,1,0,1,0.43144652,Medium Risk,6263
445,37,3,0.0,2,180012.39,France,Male,1,1,0,0.99222285,High Risk,6264
690,44,9,100368.63,2,35342.33,Germany,Male,0,0,0,0.99659544,High Risk,6265
850,37,6,0.0,2,109291.22,France,Male,0,1,0,0.9915542,High Risk,6266
537,33,7,136082.0,1,62746.54,Spain,Female,0,1,0,0.98299545,High Risk,6267
705,48,9,114169.16,1,173273.2,Germany,Male,0,0,1,0.7966556,High Risk,6268
670,45,5,47884.92,1,54340.24,France,Female,1,1,0,0.73225206,High Risk,6269
652,36,1,0.0,2,19302.78,Spain,Female,1,1,0,0.98492396,High Risk,6270
696,24,9,0.0,1,10883.52,Spain,Male,0,0,0,0.6220069,Medium Risk,6271
747,49,6,202904.64,1,17298.72,France,Male,1,1,1,0.8160334,High Risk,6272
511,46,1,0.0,1,115779.48,France,Female,1,1,1,0.36979133,Low Risk,6273
743,43,2,161807.18,2,93228.86,Spain,Male,1,0,1,0.9589658,High Risk,6274
532,52,3,110791.97,1,148704.77,Germany,Male,0,1,1,0.36557052,Low Risk,6275
642,33,9,0.0,2,150475.14,Spain,Female,1,1,0,0.99075764,High Risk,6276
554,54,6,108755.0,1,40914.32,Germany,Female,0,1,1,0.9972107,High Risk,6277
604,34,3,0.0,2,38587.7,Spain,Female,0,1,0,0.85733265,High Risk,6278
602,72,3,0.0,2,171260.66,France,Female,1,1,0,0.9778504,High Risk,6279
757,55,9,117294.12,4,94187.47,Spain,Female,0,1,1,0.48267436,Medium Risk,6280
491,26,4,102251.14,1,145900.89,Germany,Male,1,1,0,0.99748564,High Risk,6281
850,31,4,0.0,2,152298.28,France,Male,0,0,0,0.6372986,Medium Risk,6282
521,22,5,0.0,2,99828.45,France,Male,1,1,0,0.9690887,High Risk,6283
726,37,2,132057.92,2,34743.98,France,Male,0,1,0,0.9838238,High Risk,6284
596,33,8,0.0,1,121189.3,France,Male,0,1,1,0.88747746,High Risk,6285
850,35,7,114285.2,1,129660.59,Germany,Female,1,0,0,0.9979358,High Risk,6286
637,41,9,0.0,2,145477.36,France,Female,0,1,0,0.50345665,Medium Risk,6287
690,32,2,76087.98,1,151822.66,Spain,Male,1,0,0,0.985836,High Risk,6288
689,40,8,160272.27,1,49656.24,France,Male,0,1,0,0.9544574,High Risk,6289
633,63,4,114552.6,1,73856.28,Spain,Male,0,1,1,0.6562869,Medium Risk,6290
555,27,8,102000.17,1,116757.0,France,Female,1,1,0,0.98492396,High Risk,6291
563,24,7,0.0,2,16319.56,Spain,Male,0,0,0,0.8381245,High Risk,6292
494,33,1,137853.0,1,90273.85,France,Female,1,0,0,0.9838238,High Risk,6293
534,27,9,0.0,2,161344.13,France,Male,0,1,0,0.968322,High Risk,6294
696,42,7,162318.61,1,121061.89,Germany,Male,0,1,0,0.986705,High Risk,6295
535,50,1,140292.58,3,69531.22,Spain,Female,0,0,1,0.96732605,High Risk,6296
600,34,0,0.0,2,3756.23,France,Male,1,0,0,0.999263,High Risk,6297
807,34,1,0.0,1,114448.13,France,Female,0,0,0,0.83637416,High Risk,6298
714,52,2,0.0,1,144045.08,France,Female,1,0,1,0.9908049,High Risk,6299
590,24,7,126431.54,1,58781.11,France,Male,0,1,0,0.51192033,Medium Risk,6300
614,41,3,123475.04,1,179227.52,France,Female,1,1,0,0.9798269,High Risk,6301
766,45,6,97652.96,1,127332.33,Germany,Female,0,1,0,0.2330935,Low Risk,6302
557,42,4,0.0,2,86642.38,Spain,Male,1,0,0,0.98987305,High Risk,6303
788,49,4,137455.99,1,184178.29,Germany,Female,0,1,1,0.870168,High Risk,6304
648,38,2,0.0,2,9551.49,France,Female,1,0,0,0.7776182,High Risk,6305
726,33,7,99046.31,2,56053.06,Germany,Female,1,1,0,0.5697729,Medium Risk,6306
773,33,9,0.0,2,1118.31,France,Male,1,1,0,0.48267436,Medium Risk,6307
583,27,4,105907.42,2,195732.04,Germany,Male,1,1,0,0.968322,High Risk,6308
565,52,5,97720.35,2,175070.94,Germany,Male,0,1,1,0.5792172,Medium Risk,6309
705,25,9,0.0,2,112331.19,France,Male,1,0,0,0.9838524,High Risk,6310
685,43,4,97392.18,2,43956.83,Spain,Male,0,1,0,0.44150388,Medium Risk,6311
741,29,8,0.0,2,115994.52,France,Male,1,1,0,0.9830831,High Risk,6312
658,28,9,152812.58,1,166682.57,Germany,Female,0,1,0,0.9859346,High Risk,6313
575,27,3,139301.68,1,99843.98,France,Male,0,1,0,0.812048,High Risk,6314
844,41,10,76319.64,1,141175.18,France,Female,1,1,1,0.95522803,High Risk,6315
559,67,9,125919.35,1,175910.95,Spain,Male,0,1,1,0.5867379,Medium Risk,6316
725,37,6,124348.38,2,176984.34,France,Male,1,0,0,0.67994547,Medium Risk,6317
450,29,7,117199.8,1,43480.63,France,Male,1,1,0,0.9892306,High Risk,6318
738,57,9,148384.64,1,155047.11,Germany,Female,0,0,1,0.6099044,Medium Risk,6319
642,19,3,113905.48,1,176137.2,Germany,Female,1,1,0,0.50345665,Medium Risk,6320
618,32,5,133476.09,1,154843.4,Spain,Male,1,0,0,0.85344154,High Risk,6321
590,47,0,117879.32,1,8214.46,France,Male,1,1,0,0.43772563,Medium Risk,6322
735,50,2,0.0,2,147075.69,France,Male,1,0,0,0.98248553,High Risk,6323
550,34,8,122359.5,1,116495.55,France,Male,0,0,0,0.8608657,High Risk,6324
729,28,0,0.0,2,31165.06,Spain,Female,1,1,1,0.41440976,Medium Risk,6325
743,59,5,108585.35,1,192127.22,Germany,Male,1,1,1,0.97418165,High Risk,6326
555,31,8,145875.74,1,137491.23,France,Male,0,1,0,0.43738797,Medium Risk,6327
667,36,3,121542.57,2,186841.71,Spain,Female,1,1,0,0.9954703,High Risk,6328
790,41,7,109508.68,1,86776.38,Spain,Female,0,0,0,0.6689798,Medium Risk,6329
727,34,2,146407.11,1,72073.72,Germany,Male,1,1,0,0.99930656,High Risk,6330
744,39,6,0.0,1,10662.58,France,Female,0,0,0,0.7111133,High Risk,6331
629,35,8,112330.83,1,91001.02,Germany,Male,1,1,0,0.7027262,High Risk,6332
619,35,4,90413.12,1,20555.21,France,Female,1,1,0,0.53327465,Medium Risk,6333
634,34,8,105302.66,1,123164.97,France,Male,1,1,0,0.4505659,Medium Risk,6334
608,35,6,0.0,2,143463.28,Spain,Female,1,1,0,0.99954045,High Risk,6335
507,35,1,0.0,2,92131.54,France,Female,0,0,0,0.99512595,High Risk,6336
536,35,4,121520.36,1,77178.42,Germany,Female,0,0,0,0.47031412,Medium Risk,6337
730,43,1,103960.38,1,193650.16,Spain,Female,1,1,0,0.99222285,High Risk,6338
583,39,8,102945.01,1,52861.89,Germany,Male,0,0,0,0.9925298,High Risk,6339
644,24,8,92760.55,1,35896.75,France,Female,0,1,0,0.45216116,Medium Risk,6340
790,37,8,0.0,2,149418.41,Spain,Male,1,1,0,0.83120006,High Risk,6341
807,40,1,134590.21,1,46253.65,Germany,Female,1,1,0,0.9925822,High Risk,6342
581,37,10,104255.03,1,86609.37,France,Female,0,1,0,0.9954335,High Risk,6343
627,55,6,0.0,1,91943.94,Spain,Female,0,0,1,0.99563,High Risk,6344
850,41,3,0.0,2,128892.36,France,Male,0,1,0,0.99878305,High Risk,6345
754,35,4,0.0,2,44830.71,France,Female,0,1,0,0.9242133,High Risk,6346
551,50,1,121399.98,1,84508.44,Germany,Male,1,0,1,0.7111133,High Risk,6347
637,35,8,147127.81,2,84760.7,Germany,Male,1,1,0,0.9623019,High Risk,6348
699,31,8,125927.51,2,147661.47,Spain,Male,0,1,0,0.9423381,High Risk,6349
542,25,7,0.0,2,82393.08,France,Female,1,0,0,0.845835,High Risk,6350
640,48,1,111599.32,1,135995.58,Germany,Male,1,0,0,0.99845815,High Risk,6351
553,27,3,0.0,2,159800.16,France,Female,0,0,0,0.9926664,High Risk,6352
741,38,9,0.0,2,14379.01,France,Male,0,1,0,0.76542133,High Risk,6353
598,35,8,114212.6,1,74322.85,France,Male,1,1,0,0.4505659,Medium Risk,6354
660,42,5,0.0,3,189016.24,Spain,Female,1,1,1,0.9758152,High Risk,6355
618,41,4,115251.64,1,136435.75,Spain,Male,0,0,0,0.68425333,Medium Risk,6356
647,43,9,0.0,2,78488.39,France,Male,1,1,0,0.64462596,Medium Risk,6357
491,68,3,107571.61,1,113695.99,France,Female,1,0,0,0.9984043,High Risk,6358
652,32,2,0.0,2,54628.11,France,Female,0,1,0,0.9798269,High Risk,6359
650,45,9,152367.21,3,150835.21,Germany,Female,0,1,1,0.7436671,High Risk,6360
413,39,1,130969.77,2,158891.79,Germany,Male,1,1,0,0.7209093,High Risk,6361
416,25,0,97738.97,2,160523.33,Germany,Female,1,1,0,0.109249584,Low Risk,6362
629,34,8,0.0,2,180595.02,Spain,Male,1,1,0,0.9869849,High Risk,6363
678,40,4,113794.22,1,16618.76,Spain,Female,0,1,0,0.9623019,High Risk,6364
527,28,6,128396.33,2,79919.97,Spain,Male,0,1,0,0.98484415,High Risk,6365
743,48,5,118207.69,2,186489.14,Spain,Female,0,0,1,0.6324989,Medium Risk,6366
683,73,9,124730.26,1,51999.5,Germany,Male,1,1,0,0.9979358,High Risk,6367
536,41,9,0.0,1,121299.14,France,Female,0,1,0,0.9516067,High Risk,6368
663,52,0,136298.65,1,144593.3,Spain,Male,0,1,1,0.9973857,High Risk,6369
646,38,2,0.0,2,178752.73,France,Female,0,0,0,0.49842498,Medium Risk,6370
707,35,2,0.0,3,94148.3,France,Male,1,1,0,0.68425333,Medium Risk,6371
602,34,5,0.0,2,77414.45,France,Male,1,1,0,0.98478496,High Risk,6372
635,47,2,125724.95,2,63236.97,France,Female,0,1,0,0.53578246,Medium Risk,6373
597,67,2,0.0,2,108645.85,France,Male,1,0,0,0.9495825,High Risk,6374
503,38,1,0.0,2,95153.24,France,Male,1,1,0,0.9920753,High Risk,6375
524,64,5,0.0,1,136079.64,Spain,Female,0,1,1,0.9859346,High Risk,6376
700,46,5,95872.86,1,98273.01,France,Male,0,1,1,0.9838238,High Risk,6377
692,33,9,0.0,1,113505.93,France,Male,0,1,1,0.79051125,High Risk,6378
562,37,2,0.0,1,52525.15,France,Male,1,0,1,0.9692657,High Risk,6379
679,37,7,74260.03,1,194617.98,France,Male,0,1,0,0.97676086,High Risk,6380
603,35,1,123407.69,1,152541.89,Germany,Male,0,1,1,0.34901834,Low Risk,6381
720,33,3,123783.91,2,142903.44,Spain,Male,1,1,0,0.99379236,High Risk,6382
797,24,5,0.0,2,182257.61,France,Male,0,1,0,0.97911686,High Risk,6383
594,36,6,153880.15,1,135431.72,France,Male,0,0,0,0.6734849,Medium Risk,6384
529,31,7,0.0,2,175697.87,France,Female,1,1,0,0.8632511,High Risk,6385
606,32,1,106301.85,2,59061.25,Germany,Female,1,0,0,0.5881292,Medium Risk,6386
621,40,7,0.0,2,131283.6,Spain,Female,1,0,1,0.9973182,High Risk,6387
513,43,9,0.0,2,152499.8,France,Female,0,1,0,0.9833017,High Risk,6388
753,44,3,138076.47,1,15523.09,Germany,Male,0,1,1,0.7093204,High Risk,6389
605,30,9,135422.31,1,186418.85,France,Female,1,0,0,0.99639374,High Risk,6390
574,37,7,0.0,2,32262.28,Spain,Female,0,1,0,0.9805135,High Risk,6391
726,38,5,126875.62,1,128052.29,France,Female,0,1,0,0.97172,High Risk,6392
611,28,3,96381.68,2,181419.29,Spain,Female,0,1,0,0.7464134,High Risk,6393
593,41,4,119703.1,2,109783.29,Germany,Female,1,1,0,0.9322883,High Risk,6394
466,41,2,152102.18,2,181879.56,Germany,Male,0,1,0,0.99432075,High Risk,6395
741,36,0,127675.39,2,74260.16,Germany,Female,0,1,0,0.7134324,High Risk,6396
684,44,2,133776.86,2,49865.04,Germany,Female,1,0,0,0.48190334,Medium Risk,6397
550,33,9,72788.03,1,103608.06,Spain,Female,1,1,0,0.9623019,High Risk,6398
593,26,9,76226.9,1,167564.82,Spain,Male,0,1,0,0.7943819,High Risk,6399
601,48,9,163630.76,1,41816.49,Germany,Male,1,0,1,0.99648356,High Risk,6400
676,30,5,0.0,2,179066.58,Spain,Female,0,0,0,0.99845815,High Risk,6401
556,46,10,0.0,2,109184.24,France,Female,0,0,0,0.48848805,Medium Risk,6402
719,36,3,155423.17,1,199841.32,France,Male,1,1,0,0.9324297,High Risk,6403
850,55,0,98710.89,1,83617.17,Germany,Male,1,1,1,0.9920753,High Risk,6404
649,49,2,0.0,1,84863.85,Spain,Female,0,1,1,0.50345665,Medium Risk,6405
509,41,7,126683.8,1,114775.53,Spain,Male,1,0,0,0.9692657,High Risk,6406
684,33,4,140700.61,1,103557.93,France,Male,0,1,0,0.99637574,High Risk,6407
806,30,8,168078.83,1,85028.36,Germany,Male,0,1,1,0.95522803,High Risk,6408
729,44,4,107726.93,2,153064.87,Spain,Male,0,1,0,0.81989306,High Risk,6409
683,33,9,0.0,2,38784.42,France,Female,1,1,0,0.71725446,High Risk,6410
689,63,1,0.0,2,186526.12,Spain,Female,1,1,0,0.9937942,High Risk,6411
672,21,1,35741.69,1,28789.94,Germany,Female,0,1,0,0.8467937,High Risk,6412
602,53,5,98268.84,1,45038.29,Germany,Female,1,0,1,0.7394945,High Risk,6413
739,20,4,133800.98,1,150245.81,France,Female,1,0,0,0.9961028,High Risk,6414
618,21,2,125682.79,1,57762.0,France,Female,0,0,0,0.99879324,High Risk,6415
674,42,9,0.0,2,4292.72,France,Female,0,1,0,0.97418165,High Risk,6416
762,26,6,130428.78,1,173365.89,France,Male,0,1,0,0.3883425,Low Risk,6417
790,37,6,0.0,2,119484.01,Spain,Male,1,1,0,0.9935137,High Risk,6418
754,27,8,0.0,2,121821.16,Spain,Female,0,0,0,0.9885787,High Risk,6419
729,44,6,0.0,2,151733.43,France,Male,0,1,0,0.9125561,High Risk,6420
606,47,0,137138.2,2,53784.22,Germany,Female,1,0,0,0.7332601,High Risk,6421
616,23,8,73112.95,1,62733.05,France,Male,1,1,0,0.70984423,High Risk,6422
772,47,9,152347.01,1,17671.78,France,Male,1,0,0,0.95522803,High Risk,6423
652,41,8,115144.68,1,188905.43,Spain,Male,0,1,0,0.9934088,High Risk,6424
743,43,5,0.0,2,113079.19,France,Male,0,0,1,0.99717075,High Risk,6425
793,39,3,137817.52,1,83997.79,France,Male,0,0,0,0.95522803,High Risk,6426
743,45,7,157332.26,1,125424.42,Spain,Male,0,1,0,0.98076725,High Risk,6427
746,37,2,0.0,2,143194.05,France,Male,0,1,0,0.9908222,High Risk,6428
627,39,5,124586.93,1,93132.61,Germany,Female,0,1,1,0.5657292,Medium Risk,6429
713,38,6,116980.78,2,76038.38,Spain,Male,1,0,0,0.97172,High Risk,6430
678,40,3,128398.38,1,168658.3,Spain,Female,0,1,0,0.772414,High Risk,6431
540,39,1,0.0,1,108419.41,Spain,Male,1,0,0,0.5697558,Medium Risk,6432
615,33,3,137657.25,2,171657.57,Germany,Female,1,1,0,0.54197025,Medium Risk,6433
415,53,5,167259.44,1,22357.25,Spain,Male,1,1,0,0.9973182,High Risk,6434
628,45,8,0.0,2,193903.06,France,Female,0,1,0,0.97418165,High Risk,6435
700,26,4,119009.57,1,141926.43,France,Male,0,1,0,0.6113413,Medium Risk,6436
623,33,2,80002.33,1,104079.62,Germany,Male,1,1,0,0.75304174,High Risk,6437
623,37,4,140211.88,1,93832.33,France,Female,1,1,0,0.9908406,High Risk,6438
679,44,3,118742.74,2,1568.91,France,Female,0,1,0,0.9882045,High Risk,6439
632,37,1,138207.08,1,60778.11,Spain,Male,0,1,1,0.90244615,High Risk,6440
790,47,10,148636.21,1,16119.96,France,Female,1,0,1,0.99198955,High Risk,6441
514,45,1,178827.79,1,60375.18,France,Male,0,1,0,0.9692657,High Risk,6442
491,33,5,83134.3,1,187946.55,France,Male,0,1,0,0.47766384,Medium Risk,6443
753,92,3,121513.31,1,195563.99,France,Male,1,0,0,0.7450699,High Risk,6444
693,37,6,95900.04,1,38196.24,Germany,Female,1,1,0,0.6104177,Medium Risk,6445
679,30,1,112543.42,1,179435.21,France,Female,1,1,0,0.109249584,Low Risk,6446
529,34,9,0.0,1,93208.22,Spain,Male,1,1,0,0.80764085,High Risk,6447
619,31,3,141751.82,1,61531.86,Spain,Female,1,0,0,0.97172,High Risk,6448
680,37,6,124140.57,2,92826.35,Spain,Female,0,1,0,0.9849873,High Risk,6449
693,45,2,116546.59,2,23140.28,Germany,Male,0,0,1,0.9994911,High Risk,6450
834,28,6,0.0,1,74287.53,France,Female,0,1,0,0.5196995,Medium Risk,6451
636,29,6,157576.47,2,101102.39,Spain,Female,1,1,0,0.9599864,High Risk,6452
538,43,5,0.0,2,126933.73,Spain,Male,0,1,0,0.9962023,High Risk,6453
566,44,5,141428.99,2,68408.74,Germany,Female,0,0,0,0.62754667,Medium Risk,6454
597,35,0,127510.99,1,155356.34,Spain,Male,1,1,0,0.94240874,High Risk,6455
711,29,9,0.0,2,3234.8,France,Female,1,0,0,0.9838238,High Risk,6456
606,31,10,0.0,2,195209.4,France,Male,0,1,0,0.34901834,Low Risk,6457
615,51,6,81818.49,1,169149.38,Spain,Male,1,1,0,0.89526373,High Risk,6458
589,36,1,100895.54,1,68075.14,France,Male,1,1,0,0.6729253,Medium Risk,6459
606,45,5,63832.43,1,93707.8,Germany,Male,1,1,0,0.9934088,High Risk,6460
582,29,4,0.0,2,156153.27,France,Male,0,0,0,0.9930889,High Risk,6461
710,36,4,116085.06,1,58601.61,France,Female,0,1,0,0.8944445,High Risk,6462
467,57,1,0.0,2,114448.77,France,Male,1,1,0,0.9429226,High Risk,6463
749,30,1,0.0,2,126551.65,France,Male,1,0,0,0.80973136,High Risk,6464
564,33,2,115761.51,1,112350.21,Germany,Female,1,0,1,0.15385811,Low Risk,6465
730,26,6,0.0,2,185808.7,Spain,Male,1,1,0,0.6729253,Medium Risk,6466
678,32,4,139626.01,1,118235.52,Germany,Male,1,1,1,0.78221333,High Risk,6467
540,31,7,0.0,1,183051.6,France,Female,1,0,1,0.818225,High Risk,6468
767,35,6,115576.44,1,27922.45,France,Female,1,0,0,0.9961876,High Risk,6469
615,23,4,0.0,2,196476.19,France,Female,0,1,0,0.9798269,High Risk,6470
583,41,5,77647.6,1,190429.52,Germany,Female,0,1,0,0.99953735,High Risk,6471
850,40,5,0.0,2,35034.15,France,Female,0,1,0,0.99401045,High Risk,6472
651,34,10,148962.46,1,66389.43,Germany,Female,0,1,1,0.99269015,High Risk,6473
798,22,8,0.0,2,107615.43,France,Male,0,1,0,0.49842498,Medium Risk,6474
695,37,2,0.0,2,99692.65,France,Male,1,1,0,0.99227726,High Risk,6475
497,41,5,80542.81,1,88729.22,Germany,Male,0,0,1,0.9934088,High Risk,6476
739,40,4,0.0,2,173321.65,France,Male,0,0,0,0.99845815,High Risk,6477
549,34,4,0.0,2,139463.57,France,Female,0,0,0,0.83825016,High Risk,6478
850,35,9,102050.47,1,3769.71,France,Male,1,1,0,0.9599864,High Risk,6479
648,49,5,0.0,1,149946.43,Spain,Male,0,1,1,0.7394945,High Risk,6480
679,24,6,114948.76,2,135768.25,France,Female,1,0,0,0.9853935,High Risk,6481
606,39,8,136000.45,2,31708.53,Germany,Male,0,1,0,0.7154053,High Risk,6482
850,32,4,156001.68,2,151677.31,France,Male,1,1,0,0.9589658,High Risk,6483
619,41,3,147974.16,2,170518.83,Germany,Male,0,1,0,0.9339267,High Risk,6484
719,44,2,0.0,2,196582.19,Spain,Male,0,1,0,0.64211154,Medium Risk,6485
640,26,5,90402.77,1,3298.65,Germany,Male,1,1,0,0.9934088,High Risk,6486
710,40,5,0.0,2,162878.96,France,Male,0,0,0,0.6897481,Medium Risk,6487
580,31,2,0.0,2,64014.24,France,Male,1,0,0,0.9947924,High Risk,6488
550,44,9,0.0,2,26257.01,France,Male,0,1,0,0.78313357,High Risk,6489
841,31,3,162701.65,2,126794.56,France,Female,1,1,0,0.98076725,High Risk,6490
760,34,2,0.0,2,164162.44,France,Male,0,1,0,0.9978071,High Risk,6491
687,30,6,0.0,2,179206.92,France,Female,0,0,0,0.9956981,High Risk,6492
753,35,5,82453.96,2,18254.75,Germany,Female,0,0,0,0.9908049,High Risk,6493
661,35,9,100107.99,1,83949.68,France,Male,0,1,0,0.6375989,Medium Risk,6494
699,28,7,0.0,2,22684.78,France,Male,1,1,0,0.9918955,High Risk,6495
617,39,5,83348.89,3,7953.62,Germany,Female,0,1,1,0.9798269,High Risk,6496
595,44,4,96553.52,2,143952.24,Germany,Female,0,1,1,0.9692657,High Risk,6497
669,50,9,201009.64,1,158032.5,France,Male,0,1,1,0.98366064,High Risk,6498
613,27,5,125167.74,1,199104.52,France,Female,0,1,0,0.8003279,High Risk,6499
782,32,9,0.0,1,87566.97,France,Male,1,1,0,0.98680854,High Risk,6500
582,43,5,153313.67,1,170563.73,France,Female,0,0,0,0.9838238,High Risk,6501
679,30,9,0.0,2,157871.55,France,Male,0,1,0,0.98844004,High Risk,6502
611,40,2,125879.29,1,93203.43,France,Female,0,1,0,0.8467937,High Risk,6503
455,37,6,170057.62,1,54398.56,Germany,Female,1,0,0,0.90464664,High Risk,6504
621,32,1,0.0,2,168779.47,France,Male,1,1,0,0.99201787,High Risk,6505
596,48,2,131326.47,1,1140.02,Germany,Male,0,0,1,0.9751516,High Risk,6506
585,56,1,128472.8,1,186476.91,Spain,Female,0,1,1,0.9881341,High Risk,6507
742,32,6,160485.16,1,29023.03,France,Male,0,1,0,0.9104697,High Risk,6508
850,42,6,84445.68,3,60021.34,Germany,Male,1,0,1,0.990558,High Risk,6509
738,40,1,115409.18,2,180456.8,Germany,Female,0,0,0,0.34901834,Low Risk,6510
619,46,8,62400.48,1,132498.39,Spain,Male,1,1,1,0.6092695,Medium Risk,6511
628,50,4,143054.56,1,109608.81,France,Female,1,0,1,0.68148535,Medium Risk,6512
487,24,7,133628.09,2,98570.01,France,Male,1,1,0,0.48190334,Medium Risk,6513
513,41,9,107135.04,2,160546.58,Spain,Female,1,1,0,0.98492396,High Risk,6514
563,26,7,0.0,2,6139.74,Spain,Male,0,0,0,0.82897806,High Risk,6515
803,65,2,151659.52,2,6930.17,France,Female,1,0,0,0.6906957,Medium Risk,6516
607,32,7,0.0,3,10674.62,Spain,Female,1,0,0,0.79087275,High Risk,6517
628,51,9,155903.82,2,71159.84,Germany,Female,1,1,0,0.99300086,High Risk,6518
521,49,4,82940.25,2,62413.01,Spain,Female,0,0,1,0.98596025,High Risk,6519
669,50,4,112650.89,1,166386.22,Germany,Female,0,0,1,0.9961876,High Risk,6520
686,41,10,0.0,1,133086.45,France,Female,0,1,0,0.968322,High Risk,6521
700,35,4,95853.39,2,192933.37,Germany,Male,0,1,0,0.99394375,High Risk,6522
663,42,1,82228.67,2,71359.78,France,Female,0,1,0,0.64722365,Medium Risk,6523
671,31,4,0.0,2,79270.02,Spain,Female,1,0,0,0.7694797,High Risk,6524
651,35,1,163700.78,3,29583.48,Germany,Female,1,1,1,0.98901844,High Risk,6525
728,34,4,106328.08,1,88680.65,France,Male,0,1,0,0.62140924,Medium Risk,6526
574,34,7,152992.91,1,134691.2,France,Female,1,1,0,0.9859346,High Risk,6527
464,38,3,116439.65,1,75574.48,France,Male,0,1,0,0.9907012,High Risk,6528
604,27,9,101352.78,1,30252.3,Spain,Male,0,0,0,0.9968844,High Risk,6529
836,37,10,0.0,2,111324.41,Spain,Female,0,1,0,0.8662284,High Risk,6530
511,75,9,105609.17,1,105425.18,Germany,Female,1,0,0,0.8662853,High Risk,6531
518,45,8,0.0,2,36193.07,France,Female,1,1,0,0.76263154,High Risk,6532
756,67,4,0.0,3,93081.87,France,Male,1,1,0,0.5783935,Medium Risk,6533
489,47,8,103894.38,2,107625.46,France,Female,1,1,0,0.3508252,Low Risk,6534
622,27,9,139834.93,1,152733.89,Spain,Male,1,1,0,0.6710051,Medium Risk,6535
652,36,6,112518.71,2,110421.31,France,Female,1,0,0,0.9910755,High Risk,6536
625,37,7,115895.42,1,48486.25,France,Female,0,1,0,0.98484415,High Risk,6537
521,39,3,146408.68,1,72993.67,Spain,Female,0,0,0,0.67821443,Medium Risk,6538
546,34,4,165363.31,2,25744.13,France,Male,1,1,1,0.9991943,High Risk,6539
697,45,1,0.0,2,46807.62,France,Female,0,1,1,0.98718333,High Risk,6540
571,33,3,71843.15,1,26772.04,Germany,Male,0,1,0,0.34901834,Low Risk,6541
748,35,5,105492.53,1,150057.2,Spain,Male,1,1,0,0.76542133,High Risk,6542
591,35,7,183027.25,1,56028.79,France,Male,1,1,0,0.68767095,Medium Risk,6543
814,29,1,131968.57,2,147693.92,Germany,Male,1,1,0,0.6092695,Medium Risk,6544
709,45,3,104118.5,1,174032.0,France,Female,1,0,0,0.13229223,Low Risk,6545
433,27,2,0.0,2,153698.65,Spain,Male,1,1,0,0.67043537,Medium Risk,6546
781,20,0,125023.1,2,108301.45,France,Male,1,1,0,0.7027262,High Risk,6547
656,30,4,74323.2,1,22929.08,France,Female,1,1,0,0.9859346,High Risk,6548
683,38,7,109346.13,2,102665.92,France,Male,0,1,0,0.9968976,High Risk,6549
620,32,6,0.0,2,56139.09,France,Male,0,1,0,0.7464134,High Risk,6550
637,39,3,109698.41,1,88391.29,Germany,Female,1,1,1,0.64989537,Medium Risk,6551
525,30,5,0.0,2,149195.44,Spain,Female,1,0,0,0.9922391,High Risk,6552
793,34,5,127758.09,1,143357.03,Germany,Female,0,1,0,0.97676086,High Risk,6553
638,50,1,102645.48,1,168359.98,Germany,Male,0,1,1,0.9859346,High Risk,6554
520,31,4,93249.4,1,77335.75,France,Male,0,1,0,0.994829,High Risk,6555
641,35,5,0.0,2,93148.93,France,Male,0,1,0,0.9030288,High Risk,6556
840,51,1,87779.83,1,36687.11,Germany,Female,1,0,1,0.97662234,High Risk,6557
504,40,5,0.0,2,146703.36,Spain,Male,0,0,0,0.81691116,High Risk,6558
686,38,0,138131.34,1,115927.85,France,Male,1,0,0,0.6729253,Medium Risk,6559
533,38,4,70362.52,2,104189.46,Germany,Male,1,1,0,0.9992011,High Risk,6560
577,32,1,0.0,2,9902.39,France,Female,0,1,0,0.9918955,High Risk,6561
445,48,7,168286.58,1,16645.77,Germany,Female,0,1,1,0.9601767,High Risk,6562
720,44,3,86102.27,1,180134.88,France,Male,0,1,1,0.48267436,Medium Risk,6563
643,25,4,115142.9,1,148098.95,Germany,Male,1,1,0,0.8465856,High Risk,6564
652,47,0,126597.89,2,38798.79,Germany,Female,1,1,1,0.99545646,High Risk,6565
663,33,2,0.0,2,153295.0,France,Female,0,1,0,0.8475035,High Risk,6566
525,30,0,157989.21,2,100687.67,Germany,Female,1,1,0,0.986705,High Risk,6567
662,54,1,187997.15,1,111442.71,Spain,Female,0,0,1,0.48069128,Medium Risk,6568
724,54,8,172192.49,1,136902.01,Germany,Male,1,1,0,0.9894092,High Risk,6569
581,38,1,133105.47,1,105732.9,Germany,Male,0,1,1,0.33265364,Low Risk,6570
685,38,4,0.0,2,35884.91,Spain,Male,1,1,0,0.99597067,High Risk,6571
595,46,10,0.0,1,73489.15,France,Male,0,1,1,0.7817467,High Risk,6572
588,21,8,0.0,2,110114.19,France,Female,1,1,0,0.67136395,Medium Risk,6573
647,35,3,192407.97,1,40145.28,Germany,Male,1,1,0,0.9965551,High Risk,6574
785,38,9,107199.75,1,146398.51,Germany,Female,0,0,0,0.9922391,High Risk,6575
794,55,6,115796.7,1,160526.36,Germany,Female,0,1,1,0.7154053,High Risk,6576
823,37,5,164858.18,1,173516.71,France,Male,1,1,0,0.83330715,High Risk,6577
687,38,4,117633.28,1,88396.6,Germany,Male,1,0,0,0.9985482,High Risk,6578
850,28,9,0.0,2,185821.41,France,Female,0,1,0,0.99845815,High Risk,6579
496,36,7,0.0,2,108098.28,France,Female,0,0,0,0.6130632,Medium Risk,6580
527,30,6,126663.51,1,162267.91,Germany,Female,1,1,0,0.6063779,Medium Risk,6581
576,71,6,140273.47,1,193135.25,Germany,Female,1,1,1,0.74510556,High Risk,6582
525,60,7,0.0,2,168034.9,Spain,Female,1,0,0,0.4417942,Medium Risk,6583
727,21,8,153344.72,1,163295.87,Germany,Male,1,1,0,0.6099044,Medium Risk,6584
671,23,9,123943.18,1,159553.27,Germany,Female,1,1,0,0.994829,High Risk,6585
625,39,5,0.0,1,99800.87,France,Male,0,1,0,0.7096556,High Risk,6586
643,33,7,98630.31,2,40250.82,Germany,Male,1,1,0,0.7497031,High Risk,6587
707,33,2,58036.33,1,83335.78,France,Female,1,1,0,0.97965086,High Risk,6588
539,28,5,0.0,2,48382.4,Spain,Male,0,1,0,0.63643175,Medium Risk,6589
498,45,7,109200.74,2,165990.44,Germany,Male,1,0,0,0.7845057,High Risk,6590
696,30,0,0.0,2,9002.8,Spain,Female,1,1,0,0.9961876,High Risk,6591
758,33,7,0.0,1,188156.34,France,Female,0,1,0,0.8691923,High Risk,6592
685,33,6,0.0,2,186785.01,France,Female,1,0,0,0.6019847,Medium Risk,6593
655,30,1,83173.98,2,184259.6,Germany,Female,1,1,0,0.99945956,High Risk,6594
747,40,3,0.0,1,57817.84,France,Female,0,0,1,0.96705574,High Risk,6595
601,24,7,0.0,2,144660.42,Spain,Male,0,0,0,0.98248553,High Risk,6596
477,22,5,82559.42,2,163112.9,France,Male,0,0,1,0.97911686,High Risk,6597
558,32,5,73494.21,1,136301.1,France,Male,0,0,0,0.56330204,Medium Risk,6598
586,29,2,132450.24,1,36176.63,Spain,Male,1,1,0,0.9957995,High Risk,6599
850,49,6,128663.9,1,65769.3,France,Male,0,1,1,0.6092695,Medium Risk,6600
505,36,2,79951.9,1,174123.16,France,Female,1,0,1,0.5697558,Medium Risk,6601
591,51,8,132508.3,1,161304.68,Germany,Female,1,1,1,0.9919551,High Risk,6602
761,38,1,120530.13,2,109394.62,Germany,Female,0,1,0,0.7093204,High Risk,6603
554,35,10,74988.59,2,190155.13,France,Female,1,0,0,0.85346913,High Risk,6604
774,47,6,94722.88,1,61450.96,France,Female,1,0,0,0.99642366,High Risk,6605
771,33,5,0.0,2,8673.43,Spain,Female,0,1,0,0.8172292,High Risk,6606
792,31,6,71269.89,2,125912.77,France,Male,1,0,0,0.9830831,High Risk,6607
673,41,9,98612.1,1,151349.35,Germany,Female,0,1,0,0.7317037,High Risk,6608
765,40,6,138033.55,1,67972.45,France,Male,1,1,0,0.7497031,High Risk,6609
748,41,2,91621.69,1,71139.31,France,Female,1,1,0,0.7069721,High Risk,6610
422,54,3,140014.42,1,86350.97,France,Male,1,0,0,0.5054422,Medium Risk,6611
568,27,5,126815.97,2,118648.12,Spain,Male,1,0,0,0.8012649,High Risk,6612
502,64,3,139663.37,1,100995.11,France,Female,1,0,0,0.8802763,High Risk,6613
524,28,7,0.0,2,147100.72,France,Female,1,0,0,0.977459,High Risk,6614
689,34,1,165312.27,1,155495.63,France,Male,0,1,0,0.99064577,High Risk,6615
661,26,8,0.0,2,196875.87,France,Male,0,0,0,0.25939992,Low Risk,6616
606,33,8,0.0,2,63176.77,Spain,Male,1,1,0,0.86408526,High Risk,6617
678,54,1,123699.28,2,105221.76,Germany,Female,1,0,0,0.7444629,High Risk,6618
636,29,3,97325.15,1,131924.38,Germany,Female,1,0,0,0.6220069,Medium Risk,6619
647,32,5,97041.16,1,23132.73,France,Male,1,1,0,0.9885787,High Risk,6620
732,36,5,0.0,2,161428.25,France,Male,0,1,0,0.96674025,High Risk,6621
646,50,0,104129.24,2,181794.86,France,Male,0,1,1,0.94495785,High Risk,6622
559,43,1,0.0,1,86634.3,France,Female,1,0,0,0.63972473,Medium Risk,6623
581,28,3,104367.5,1,29937.75,France,Male,1,1,0,0.5867379,Medium Risk,6624
565,46,7,135369.71,1,140130.22,France,Male,1,0,0,0.9869849,High Risk,6625
657,41,6,112119.48,1,17536.82,Spain,Female,0,1,0,0.89991367,High Risk,6626
847,66,7,123760.68,1,53157.16,France,Male,1,0,0,0.74590164,High Risk,6627
558,41,6,0.0,1,143585.29,France,Female,1,1,1,0.18318346,Low Risk,6628
596,57,6,0.0,2,72402.0,Spain,Male,1,1,0,0.7446548,High Risk,6629
579,39,5,0.0,2,39891.84,France,Male,1,0,0,0.89342475,High Risk,6630
741,36,3,0.0,2,89804.83,France,Female,1,1,0,0.5692201,Medium Risk,6631
613,44,3,0.0,2,136491.72,France,Male,1,0,0,0.9856145,High Risk,6632
694,31,5,0.0,1,35593.18,Spain,Male,0,1,0,0.9972107,High Risk,6633
729,42,7,0.0,2,58268.2,Spain,Female,0,1,1,0.9922321,High Risk,6634
480,42,1,152160.21,2,101778.9,France,Female,0,1,0,0.74590164,High Risk,6635
666,59,5,0.0,2,185123.09,France,Female,1,1,0,0.39861327,Low Risk,6636
575,24,2,0.0,2,119927.81,France,Male,1,1,0,0.99563,High Risk,6637
850,36,3,0.0,2,195033.07,France,Male,0,1,0,0.7317037,High Risk,6638
740,36,4,172381.8,1,86480.29,France,Male,1,1,0,0.968322,High Risk,6639
588,41,6,106116.56,2,198766.61,Germany,Male,0,1,0,0.48848805,Medium Risk,6640
681,36,5,141952.07,1,185144.08,France,Male,1,1,0,0.5618693,Medium Risk,6641
611,33,7,0.0,2,3729.89,Spain,Female,1,1,0,0.778486,High Risk,6642
589,37,6,138497.84,1,18988.58,France,Female,1,0,0,0.99474156,High Risk,6643
717,34,1,0.0,2,119313.74,Spain,Female,0,1,0,0.9886742,High Risk,6644
556,33,3,124213.36,2,62627.55,Germany,Male,0,1,0,0.9880971,High Risk,6645
850,37,4,126872.6,1,197266.58,France,Male,0,1,0,0.99227375,High Risk,6646
685,42,2,0.0,2,199992.48,Spain,Female,0,0,0,0.8946583,High Risk,6647
713,37,8,0.0,1,16403.41,France,Female,1,1,0,0.8576121,High Risk,6648
437,26,1,120923.52,1,78854.57,France,Female,1,0,0,0.95522803,High Risk,6649
605,47,7,142643.54,1,189310.27,Spain,Male,0,1,0,0.75976974,High Risk,6650
758,41,10,79857.64,1,78088.17,Germany,Male,1,1,0,0.9916066,High Risk,6651
600,46,10,95502.21,1,19842.18,France,Male,0,0,0,0.998042,High Risk,6652
827,38,5,0.0,2,103305.01,France,Male,0,0,0,0.6746711,Medium Risk,6653
608,23,8,197715.93,2,116124.28,Germany,Male,1,1,0,0.98895055,High Risk,6654
608,30,8,85859.76,1,142730.27,France,Female,0,0,0,0.7317037,High Risk,6655
554,44,7,85304.27,1,58076.52,France,Male,1,1,0,0.990558,High Risk,6656
683,35,1,132371.3,2,186123.57,Germany,Female,0,0,0,0.9814641,High Risk,6657
660,33,4,0.0,1,29664.45,Spain,Male,0,1,0,0.99845815,High Risk,6658
628,31,5,0.0,1,147963.07,France,Female,0,0,1,0.9853935,High Risk,6659
668,39,4,79896.0,1,38466.39,Germany,Male,0,1,0,0.8085209,High Risk,6660
776,29,5,0.0,2,143301.49,France,Female,1,1,0,0.99801517,High Risk,6661
820,36,4,0.0,2,31422.69,France,Male,0,1,0,0.93652844,High Risk,6662
665,36,1,0.0,2,121505.61,France,Male,1,0,0,0.87434167,High Risk,6663
850,31,4,146587.3,1,89874.82,Germany,Male,1,1,0,0.9358861,High Risk,6664
703,42,7,0.0,2,72500.68,France,Female,1,0,0,0.17598248,Low Risk,6665
506,32,8,0.0,2,182692.8,Spain,Male,1,0,0,0.63597995,Medium Risk,6666
588,32,3,109109.33,1,4993.94,Spain,Male,1,0,0,0.54119945,Medium Risk,6667
622,26,8,0.0,2,124964.82,Spain,Female,1,1,0,0.9885787,High Risk,6668
606,34,5,0.0,1,161971.42,France,Male,0,1,0,0.99042845,High Risk,6669
517,56,9,142147.32,1,39488.04,France,Male,0,0,1,0.75274336,High Risk,6670
758,43,10,0.0,2,55313.44,Spain,Female,1,1,0,0.74590164,High Risk,6671
677,49,3,0.0,2,187811.71,France,Female,1,1,0,0.8021632,High Risk,6672
827,35,0,0.0,2,184514.01,Spain,Female,1,0,0,0.98895055,High Risk,6673
729,36,8,109106.8,1,121311.12,France,Female,0,0,0,0.9838067,High Risk,6674
654,36,2,112262.84,1,12873.39,France,Male,0,1,0,0.9954335,High Risk,6675
654,36,5,0.0,2,157238.05,Spain,Female,0,0,0,0.14860974,Low Risk,6676
619,52,8,0.0,2,123242.11,Spain,Male,1,1,0,0.3508252,Low Risk,6677
642,26,8,144238.7,1,184399.76,Spain,Male,1,1,0,0.8274468,High Risk,6678
472,32,1,159397.75,1,57323.18,Spain,Female,1,0,0,0.9793482,High Risk,6679
470,30,4,125385.01,1,68293.93,Spain,Male,0,1,0,0.7333274,High Risk,6680
633,60,8,69365.25,1,10288.24,France,Female,1,1,0,0.53327465,Medium Risk,6681
602,31,7,155271.83,1,179446.31,France,Male,1,1,0,0.9623019,High Risk,6682
640,29,5,197200.04,2,141453.62,Spain,Male,0,1,0,0.43738797,Medium Risk,6683
454,48,5,144837.79,1,93151.77,Spain,Female,1,1,0,0.9979534,High Risk,6684
562,57,3,0.0,3,6554.97,France,Female,0,1,1,0.9926051,High Risk,6685
636,34,8,0.0,2,38570.13,France,Male,0,1,0,0.4366757,Medium Risk,6686
621,50,3,163085.79,1,131048.36,Spain,Male,1,0,0,0.7090069,High Risk,6687
795,38,7,125903.22,2,127068.92,Germany,Male,1,1,0,0.7332601,High Risk,6688
550,22,6,154377.3,1,51721.52,France,Male,1,1,0,0.7432952,High Risk,6689
630,41,7,107511.52,1,46156.87,Spain,Male,1,0,0,0.9733847,High Risk,6690
573,30,8,127406.5,1,192950.6,Germany,Male,0,1,0,0.5054422,Medium Risk,6691
561,24,8,143656.55,1,180932.46,Spain,Male,1,0,0,0.99472284,High Risk,6692
662,39,5,138106.75,1,19596.73,France,Female,0,0,0,0.9881341,High Risk,6693
637,27,9,128940.24,1,46786.92,France,Male,0,1,0,0.67683434,Medium Risk,6694
651,37,9,114453.58,1,175820.91,Germany,Male,1,0,0,0.9973857,High Risk,6695
646,33,2,0.0,2,198208.0,France,Female,0,0,0,0.99905926,High Risk,6696
567,48,3,0.0,1,55362.45,France,Female,0,1,0,0.86852366,High Risk,6697
638,41,1,131762.94,1,47675.29,France,Male,1,1,0,0.999231,High Risk,6698
725,31,6,0.0,1,61326.43,France,Female,0,0,0,0.9909797,High Risk,6699
709,41,3,150300.65,2,71672.86,France,Female,0,1,0,0.6844836,Medium Risk,6700
787,39,10,108935.39,1,101168.3,Spain,Male,1,1,0,0.9692657,High Risk,6701
653,37,7,135847.47,1,144880.81,France,Male,0,1,0,0.9854952,High Risk,6702
661,37,7,109908.06,2,115037.67,Germany,Male,0,1,1,0.98299545,High Risk,6703
681,49,8,142946.18,1,187280.51,Germany,Male,0,0,1,0.41440976,Medium Risk,6704
436,45,3,104339.11,2,183540.22,Germany,Male,1,1,1,0.67821443,Medium Risk,6705
663,33,5,157274.36,2,28531.81,France,Male,1,1,0,0.8359331,High Risk,6706
662,64,0,98848.19,1,42730.12,France,Male,1,0,0,0.9908222,High Risk,6707
607,39,8,105103.33,1,104721.5,Germany,Female,0,1,1,0.60360426,Medium Risk,6708
754,34,7,0.0,2,65219.85,France,Male,1,1,0,0.9474682,High Risk,6709
850,66,0,127120.62,1,118929.64,Germany,Female,1,0,1,0.99318004,High Risk,6710
578,39,2,0.0,2,70563.9,France,Male,0,1,0,0.9892306,High Risk,6711
666,36,3,129118.5,2,139435.12,Germany,Female,0,0,0,0.9973182,High Risk,6712
599,43,4,0.0,1,170347.1,France,Female,0,1,0,0.88345766,High Risk,6713
586,46,0,0.0,3,131553.82,France,Female,1,0,1,0.78313357,High Risk,6714
825,36,3,146053.66,1,138344.7,France,Female,1,1,0,0.81824625,High Risk,6715
808,67,10,124577.15,1,169894.4,Spain,Female,1,0,0,0.9817385,High Risk,6716
515,29,4,151012.55,2,9770.97,Spain,Male,0,1,0,0.5908651,Medium Risk,6717
663,58,5,216109.88,1,74176.71,Spain,Female,1,0,1,0.9601767,High Risk,6718
444,34,2,144318.97,1,112668.06,France,Male,0,1,0,0.99845815,High Risk,6719
650,39,4,0.0,2,186275.7,France,Female,0,0,0,0.9926569,High Risk,6720
609,26,7,0.0,2,98463.99,France,Male,0,1,0,0.85090536,High Risk,6721
824,77,3,27517.15,2,2746.41,Germany,Male,1,0,0,0.98959154,High Risk,6722
662,29,5,147092.65,1,10928.3,France,Male,0,1,0,0.71487874,High Risk,6723
699,51,2,92246.14,2,91346.03,Germany,Female,1,0,0,0.9973182,High Risk,6724
752,41,8,0.0,2,139844.04,France,Female,0,1,1,0.99512595,High Risk,6725
603,40,8,148897.02,1,105052.9,Germany,Female,0,0,0,0.97662234,High Risk,6726
628,50,8,0.0,1,144366.83,Spain,Male,0,0,1,0.9982835,High Risk,6727
745,36,9,0.0,1,19605.18,France,Female,0,1,1,0.9225411,High Risk,6728
804,33,10,138335.96,1,80483.76,Germany,Female,1,1,0,0.9798269,High Risk,6729
454,50,10,92895.56,1,154344.0,Germany,Female,0,1,1,0.50345665,Medium Risk,6730
631,46,9,160736.63,1,93503.02,Spain,Male,1,0,0,0.43144652,Medium Risk,6731
503,32,4,0.0,2,153036.97,France,Male,1,1,0,0.9990121,High Risk,6732
548,37,9,0.0,2,98029.58,France,Female,0,0,0,0.9692657,High Risk,6733
668,28,4,107141.27,1,193018.71,France,Male,0,1,0,0.9997359,High Risk,6734
619,55,0,0.0,3,60810.64,France,Female,0,0,1,0.99736315,High Risk,6735
842,37,4,132446.08,2,87071.18,France,Female,0,1,1,0.6104177,Medium Risk,6736
707,57,1,92053.0,1,164064.44,France,Female,1,1,1,0.2938444,Low Risk,6737
715,38,2,96798.79,2,4554.67,Spain,Male,1,1,0,0.7111133,High Risk,6738
573,35,9,134498.54,2,119924.8,Germany,Male,1,1,0,0.48848805,Medium Risk,6739
509,55,8,132387.91,2,170360.11,France,Male,1,1,0,0.8453891,High Risk,6740
670,40,2,147171.2,1,69850.04,Germany,Female,1,0,0,0.6049139,Medium Risk,6741
613,44,9,100524.69,1,47298.95,Spain,Male,1,1,0,0.9991943,High Risk,6742
678,26,1,0.0,2,45443.68,France,Female,0,1,0,0.9798269,High Risk,6743
555,51,9,138214.5,1,198715.27,Germany,Female,0,1,1,0.83637416,High Risk,6744
777,30,4,0.0,2,115611.97,France,Female,1,0,0,0.33265364,Low Risk,6745
552,55,3,0.0,1,40333.94,Spain,Male,1,1,0,0.14860974,Low Risk,6746
640,39,3,0.0,1,105997.25,Spain,Male,1,1,0,0.9692657,High Risk,6747
541,34,3,128743.55,1,134851.12,France,Male,0,1,0,0.99379647,High Risk,6748
756,31,10,122647.32,1,61666.87,France,Male,0,0,0,0.6717305,Medium Risk,6749
684,24,9,79263.9,1,196574.48,Spain,Female,1,0,0,0.9973857,High Risk,6750
618,42,2,0.0,4,111097.39,France,Female,0,0,1,0.69832283,Medium Risk,6751
604,53,2,121389.78,1,48201.64,France,Female,1,1,1,0.95522803,High Risk,6752
624,38,7,123906.55,1,135096.78,Spain,Male,0,1,0,0.4802039,Medium Risk,6753
661,38,7,143006.7,1,15650.89,Spain,Male,1,1,0,0.7905601,High Risk,6754
627,28,3,157597.61,1,34097.22,Spain,Female,1,0,0,0.58527887,Medium Risk,6755
812,38,3,127117.8,2,174822.74,Spain,Male,1,1,0,0.78486615,High Risk,6756
473,39,9,117103.26,2,85937.52,France,Female,1,1,1,0.56601405,Medium Risk,6757
717,36,2,102989.83,2,49185.57,Spain,Male,1,0,0,0.6774752,Medium Risk,6758
693,28,1,145118.83,1,77742.38,Spain,Male,1,0,0,0.7521916,High Risk,6759
705,92,1,126076.24,2,34436.83,France,Male,1,1,0,0.7459995,High Risk,6760
661,41,5,0.0,1,88279.6,France,Male,1,0,0,0.8865175,High Risk,6761
573,27,4,0.0,2,157549.6,France,Female,1,1,0,0.5867379,Medium Risk,6762
639,37,5,98186.7,1,173386.95,France,Male,1,0,0,0.9449375,High Risk,6763
718,67,7,0.0,3,82782.08,France,Female,1,1,0,0.43144652,Medium Risk,6764
570,37,6,0.0,1,187758.5,France,Male,1,1,0,0.9973182,High Risk,6765
461,40,7,0.0,2,176547.8,France,Female,0,1,0,0.7450699,High Risk,6766
638,33,5,129335.65,1,56585.2,Germany,Female,1,1,1,0.95522803,High Risk,6767
608,48,7,75801.74,1,125762.95,Spain,Male,0,1,0,0.9599864,High Risk,6768
599,42,6,0.0,2,113868.4,Spain,Male,0,1,0,0.99397945,High Risk,6769
762,44,7,159316.64,1,24780.13,France,Female,0,0,0,0.974664,High Risk,6770
662,38,2,96479.81,1,120259.41,France,Female,0,1,0,0.48267436,Medium Risk,6771
747,29,7,117726.33,1,175398.34,Germany,Male,1,1,0,0.6277947,Medium Risk,6772
539,39,6,0.0,2,86767.48,France,Male,1,1,0,0.98901844,High Risk,6773
625,43,4,122351.29,1,71216.6,France,Male,0,1,0,0.8671039,High Risk,6774
656,48,9,0.0,2,85240.61,France,Female,1,1,1,0.9973182,High Risk,6775
469,48,5,0.0,1,160529.71,France,Female,0,1,1,0.9954335,High Risk,6776
621,43,8,0.0,1,102806.6,Spain,Female,0,0,0,0.9961876,High Risk,6777
754,27,7,0.0,2,144134.64,France,Female,0,1,0,0.5697558,Medium Risk,6778
679,50,6,132598.38,2,184017.98,Germany,Female,1,1,0,0.9728597,High Risk,6779
535,38,2,119272.29,1,195896.59,France,Male,0,0,1,0.30895284,Low Risk,6780
487,37,2,0.0,2,126722.57,France,Male,1,1,0,0.88541204,High Risk,6781
850,42,3,0.0,2,176883.42,France,Female,1,1,0,0.48848805,Medium Risk,6782
585,55,10,106415.57,3,122960.98,France,Male,1,1,1,0.74624574,High Risk,6783
603,31,4,0.0,2,9607.1,France,Male,1,0,0,0.6130632,Medium Risk,6784
728,32,9,127772.1,2,152643.48,Germany,Female,1,1,0,0.34901834,Low Risk,6785
621,41,5,104631.67,1,95551.22,Spain,Male,1,1,0,0.99848205,High Risk,6786
833,30,1,0.0,2,141860.62,France,Male,0,1,0,0.5423694,Medium Risk,6787
502,37,10,0.0,1,76642.68,France,Male,1,1,0,0.9104697,High Risk,6788
825,37,6,118050.79,1,52301.15,Germany,Male,1,0,0,0.999337,High Risk,6789
668,46,0,0.0,2,29388.02,France,Male,0,0,0,0.59517825,Medium Risk,6790
487,40,6,136093.74,1,193408.43,Spain,Female,1,0,0,0.99075764,High Risk,6791
600,39,7,88477.36,2,58632.37,Germany,Female,0,1,0,0.50345665,Medium Risk,6792
606,34,3,161572.24,1,191076.22,Spain,Male,1,0,0,0.77096725,High Risk,6793
623,50,7,126608.37,1,645.61,Germany,Male,1,0,1,0.5783935,Medium Risk,6794
575,54,9,68332.96,1,144390.75,France,Female,1,1,0,0.95522803,High Risk,6795
577,48,6,179852.26,1,193580.32,Spain,Male,0,1,0,0.8085209,High Risk,6796
651,25,8,0.0,2,126761.2,France,Female,1,1,0,0.6689798,Medium Risk,6797
693,46,2,104763.41,1,62368.33,Germany,Male,1,1,0,0.6792603,Medium Risk,6798
800,60,6,88541.57,2,131718.12,France,Male,1,1,0,0.98901844,High Risk,6799
760,38,6,162888.73,1,91098.76,France,Male,0,1,1,0.85487115,High Risk,6800
711,35,8,0.0,1,67508.01,France,Female,1,1,0,0.981616,High Risk,6801
637,43,8,0.0,1,12156.93,Spain,Male,0,1,1,0.9967044,High Risk,6802
662,32,9,0.0,2,65089.38,France,Male,0,0,0,0.99945956,High Risk,6803
568,44,7,0.0,2,62370.67,France,Female,0,0,1,0.82112795,High Risk,6804
692,30,7,0.0,2,18826.34,France,Female,1,1,0,0.90802205,High Risk,6805
614,35,1,0.0,2,3342.62,France,Female,1,1,0,0.977459,High Risk,6806
478,35,1,92474.05,1,178626.07,France,Male,0,1,0,0.9947924,High Risk,6807
562,36,6,0.0,2,32845.32,France,Male,0,1,0,0.5254974,Medium Risk,6808
709,30,9,115479.48,2,134732.99,Germany,Male,1,1,0,0.98895055,High Risk,6809
684,26,5,87098.91,1,106095.82,France,Female,0,0,0,0.99075764,High Risk,6810
546,42,9,86351.85,2,57380.13,Germany,Female,0,1,0,0.9993007,High Risk,6811
779,42,5,0.0,2,25951.91,France,Female,0,0,0,0.9852374,High Risk,6812
576,63,3,148843.56,1,69414.13,Germany,Male,0,1,1,0.9811122,High Risk,6813
481,44,3,163714.52,1,96123.72,Germany,Male,0,1,0,0.9838238,High Risk,6814
445,25,6,0.0,2,119425.94,France,Male,0,1,0,0.76113087,High Risk,6815
606,36,0,94153.56,1,120138.27,Spain,Male,1,0,0,0.97911686,High Risk,6816
559,50,5,162702.35,1,150548.5,France,Male,0,0,1,0.9805135,High Risk,6817
608,56,10,129255.2,2,142492.04,France,Female,0,1,1,0.5571451,Medium Risk,6818
698,41,3,90605.29,1,14357.0,France,Male,1,1,0,0.14860974,Low Risk,6819
568,39,5,0.0,2,129569.92,Spain,Male,1,1,0,0.98901844,High Risk,6820
528,29,3,102787.42,1,55972.56,France,Male,0,1,0,0.9387688,High Risk,6821
802,39,7,120145.96,2,59497.01,France,Female,1,0,1,0.74417627,High Risk,6822
669,47,0,63723.78,2,181928.25,Germany,Male,1,1,0,0.4785845,Medium Risk,6823
581,24,10,159203.71,1,102517.83,Spain,Female,1,1,1,0.9926569,High Risk,6824
640,38,9,0.0,2,88827.67,France,Male,0,1,0,0.99863774,High Risk,6825
529,44,1,0.0,2,14161.3,Spain,Female,0,0,0,0.92683375,High Risk,6826
547,51,1,0.0,2,56908.41,France,Female,1,1,0,0.9973182,High Risk,6827
718,49,10,0.0,1,184474.72,France,Female,0,1,1,0.9878477,High Risk,6828
707,34,9,162691.16,2,94912.78,Germany,Male,0,1,0,0.7317037,High Risk,6829
735,43,9,127806.91,1,73069.59,France,Male,1,1,0,0.97911686,High Risk,6830
765,43,9,157960.49,2,136602.8,France,Male,0,0,0,0.9892306,High Risk,6831
469,52,8,139493.25,3,150093.32,Germany,Female,0,0,1,0.971621,High Risk,6832
594,21,2,87096.82,2,168186.11,Germany,Female,0,1,0,0.98895055,High Risk,6833
675,34,10,84944.58,1,146230.63,France,Female,0,0,0,0.7317037,High Risk,6834
703,50,8,160139.59,2,79314.1,France,Male,1,1,0,0.8811714,High Risk,6835
810,33,6,0.0,2,77965.67,France,Male,1,1,0,0.14860974,Low Risk,6836
715,42,6,0.0,2,128745.69,Spain,Male,1,1,0,0.99119097,High Risk,6837
664,40,9,0.0,2,194767.3,France,Male,0,1,0,0.82241523,High Risk,6838
850,29,6,0.0,2,10672.54,France,Male,1,1,0,0.61463976,Medium Risk,6839
724,36,6,94615.11,2,10627.21,Germany,Male,1,1,0,0.97418165,High Risk,6840
563,30,7,90727.79,1,122268.75,France,Male,0,1,0,0.9886742,High Risk,6841
714,26,3,119545.48,2,65482.94,Germany,Male,0,1,0,0.977459,High Risk,6842
614,36,1,118311.76,1,146134.68,France,Male,0,1,0,0.7701789,High Risk,6843
740,33,1,129574.98,1,123300.38,France,Male,1,1,0,0.98248553,High Risk,6844
587,33,8,148163.57,1,122925.4,France,Male,0,0,0,0.48267436,Medium Risk,6845
465,24,5,117154.9,1,127744.02,Germany,Male,1,1,0,0.59517825,Medium Risk,6846
689,40,5,154251.67,1,118319.5,Spain,Female,1,0,0,0.74624574,High Risk,6847
656,30,3,0.0,2,17104.0,France,Male,1,0,0,0.9884311,High Risk,6848
579,33,1,65667.79,2,164608.98,France,Female,0,0,0,0.8160334,High Risk,6849
716,44,1,0.0,1,152108.47,France,Female,1,1,0,0.8375982,High Risk,6850
551,42,1,50194.59,1,23399.58,France,Male,1,1,0,0.99231756,High Risk,6851
527,39,9,96748.89,2,94711.43,Germany,Female,0,1,0,0.99879324,High Risk,6852
600,37,4,0.0,3,7312.25,France,Female,0,1,1,0.7756862,High Risk,6853
685,43,1,132667.17,1,41876.98,France,Female,1,1,0,0.14860974,Low Risk,6854
738,36,5,0.0,2,96881.32,Spain,Male,1,1,0,0.9816821,High Risk,6855
622,41,2,127087.06,1,102402.91,France,Male,0,1,1,0.74957263,High Risk,6856
528,34,1,125566.9,1,176763.27,France,Male,1,1,0,0.7226957,High Risk,6857
546,52,1,106074.89,1,23548.45,Germany,Female,1,1,1,0.67136395,Medium Risk,6858
576,46,4,137367.94,1,33450.11,Germany,Male,1,1,0,0.99472284,High Risk,6859
733,38,3,157658.36,1,19658.43,France,Female,0,0,0,0.6729253,Medium Risk,6860
727,45,6,114422.85,2,104678.78,Germany,Male,1,1,1,0.9758152,High Risk,6861
605,41,5,103154.66,1,143203.78,Spain,Male,0,0,0,0.9926664,High Risk,6862
586,33,9,0.0,1,6975.02,France,Male,0,1,0,0.5196995,Medium Risk,6863
564,24,6,149592.14,1,153771.8,Spain,Female,1,1,0,0.6923401,Medium Risk,6864
593,48,3,133903.12,2,85902.39,Germany,Female,1,1,1,0.83007514,High Risk,6865
736,26,0,84587.9,1,188037.76,Germany,Female,1,0,0,0.64687574,Medium Risk,6866
675,32,8,197436.82,1,52710.7,Spain,Male,1,1,0,0.6621188,Medium Risk,6867
656,32,1,104254.27,1,17034.37,Spain,Female,1,1,0,0.97911686,High Risk,6868
462,39,4,140133.08,2,131304.45,France,Male,0,0,0,0.32575414,Low Risk,6869
685,30,2,0.0,3,172576.43,Spain,Female,1,1,1,0.91329557,High Risk,6870
850,36,0,136980.23,2,99019.65,Germany,Female,1,1,0,0.9737768,High Risk,6871
636,48,3,120568.41,1,190160.04,Germany,Female,0,1,1,0.8964846,High Risk,6872
850,27,7,43658.33,2,3025.49,France,Female,1,1,0,0.81989306,High Risk,6873
628,37,9,0.0,2,34689.77,France,Female,1,1,0,0.99823594,High Risk,6874
798,28,3,0.0,2,2305.27,France,Male,0,1,0,0.6710051,Medium Risk,6875
610,57,7,72092.95,4,113228.82,France,Female,1,0,1,0.9988135,High Risk,6876
591,42,10,0.0,2,171099.22,France,Female,0,0,0,0.6220063,Medium Risk,6877
614,37,9,0.0,2,62023.1,Spain,Female,1,1,0,0.9172767,High Risk,6878
651,35,0,181821.96,2,36923.67,France,Male,1,0,1,0.5886625,Medium Risk,6879
665,25,7,90920.75,1,112256.57,France,Male,1,0,0,0.9934088,High Risk,6880
570,23,2,0.0,1,198830.98,France,Male,0,0,0,0.20558052,Low Risk,6881
631,29,3,0.0,2,197963.46,Spain,Male,1,1,0,0.9994522,High Risk,6882
586,32,1,0.0,2,31635.99,France,Male,0,0,0,0.9926051,High Risk,6883
691,30,9,0.0,1,49594.02,France,Male,0,1,0,0.9838238,High Risk,6884
639,35,8,0.0,2,170483.9,France,Male,0,1,0,0.80090487,High Risk,6885
698,27,1,94920.71,1,40339.9,France,Female,1,1,0,0.97482204,High Risk,6886
733,45,2,113939.36,2,3218.71,Germany,Male,0,1,0,0.83445895,High Risk,6887
850,19,8,0.0,1,68569.89,France,Male,1,1,0,0.99878305,High Risk,6888
618,31,4,0.0,2,29176.04,France,Female,0,1,0,0.99496305,High Risk,6889
473,25,6,110666.42,2,46758.42,France,Female,0,0,0,0.9976471,High Risk,6890
490,39,1,0.0,3,171060.01,France,Male,0,1,1,0.9928422,High Risk,6891
754,48,7,141819.02,1,93550.53,Germany,Female,0,1,1,0.9911379,High Risk,6892
649,56,8,156974.26,1,89405.26,France,Female,0,1,1,0.9692657,High Risk,6893
578,50,5,151215.34,2,169804.4,France,Male,0,1,0,0.4097997,Medium Risk,6894
690,26,8,116318.23,1,83253.05,Spain,Male,1,1,0,0.968322,High Risk,6895
610,49,6,113882.33,1,195813.81,Germany,Male,0,1,1,0.43144652,Medium Risk,6896
596,42,7,0.0,2,121568.37,France,Male,1,1,0,0.75304174,High Risk,6897
492,48,6,127253.98,1,92144.09,France,Female,1,1,1,0.96860045,High Risk,6898
575,41,2,100062.39,1,126307.25,Spain,Male,0,0,0,0.9885787,High Risk,6899
569,66,2,0.0,1,130784.2,France,Male,0,1,1,0.43738797,Medium Risk,6900
674,41,4,126605.14,1,166694.93,Spain,Female,1,1,0,0.89472556,High Risk,6901
507,31,0,106942.08,1,44001.11,France,Female,1,0,0,0.97662234,High Risk,6902
457,44,7,0.0,2,185992.36,Spain,Male,0,0,0,0.9737768,High Risk,6903
584,41,3,88594.93,1,178997.89,Germany,Female,0,1,0,0.9733847,High Risk,6904
744,29,6,123737.04,2,141558.04,Germany,Male,0,1,0,0.7756862,High Risk,6905
687,35,1,110752.15,2,47921.22,France,Female,1,1,0,0.5881292,Medium Risk,6906
688,46,3,0.0,2,104902.68,Spain,Female,1,0,0,0.994829,High Risk,6907
519,34,5,0.0,1,68479.6,France,Male,0,1,0,0.6707048,Medium Risk,6908
733,38,5,0.0,2,1271.51,Spain,Female,1,1,0,0.9814641,High Risk,6909
666,43,5,0.0,2,29346.1,Spain,Male,0,1,0,0.5534067,Medium Risk,6910
511,40,1,0.0,1,184118.73,Spain,Female,1,1,0,0.97984993,High Risk,6911
705,54,3,125889.3,3,96013.5,Germany,Female,0,1,1,0.48848805,Medium Risk,6912
544,48,10,78314.63,3,103713.93,France,Male,1,1,1,0.75172174,High Risk,6913
564,36,7,206329.65,1,46632.87,France,Female,1,1,1,0.5867379,Medium Risk,6914
702,40,7,145536.9,1,135334.24,France,Male,1,0,0,0.9884815,High Risk,6915
658,31,2,77082.65,2,13482.28,Germany,Male,0,0,0,0.6562869,Medium Risk,6916
654,24,8,145081.73,1,130075.07,France,Female,1,1,0,0.9798269,High Risk,6917
649,41,4,115897.73,1,143544.48,Germany,Female,0,1,0,0.4363653,Medium Risk,6918
597,24,0,108058.07,2,187826.11,Spain,Male,1,1,0,0.75047266,High Risk,6919
782,33,7,191523.09,1,167058.75,France,Male,1,1,0,0.68425333,Medium Risk,6920
644,38,3,0.0,2,79928.41,France,Male,1,1,0,0.716983,High Risk,6921
679,39,7,91187.9,1,6075.36,Spain,Female,1,0,0,0.88654006,High Risk,6922
678,60,2,0.0,2,43821.56,France,Female,1,1,0,0.89186835,High Risk,6923
806,34,5,113958.55,1,32125.98,France,Male,1,0,0,0.98229444,High Risk,6924
668,43,1,147167.25,1,141679.73,Spain,Male,0,0,0,0.72711,High Risk,6925
659,29,9,82916.48,1,84133.48,Germany,Male,1,1,0,0.9989415,High Risk,6926
660,34,1,0.0,2,9692.58,France,Male,0,1,0,0.99930656,High Risk,6927
601,37,5,0.0,1,20708.6,France,Female,0,0,0,0.99627644,High Risk,6928
781,48,0,57098.96,1,85644.06,France,Female,0,1,1,0.86574334,High Risk,6929
628,39,1,115341.19,1,107674.3,Germany,Male,1,1,1,0.97911686,High Risk,6930
751,30,3,165257.2,1,134822.05,France,Male,0,0,0,0.9992011,High Risk,6931
531,37,1,0.0,1,4606.97,France,Female,0,1,0,0.8662853,High Risk,6932
647,42,9,0.0,2,51362.82,France,Female,1,1,0,0.6049139,Medium Risk,6933
708,46,7,68799.72,1,39704.14,Spain,Male,1,1,0,0.194518,Low Risk,6934
550,39,2,116120.19,2,195638.13,Spain,Male,1,1,0,0.9644046,High Risk,6935
670,33,1,0.0,2,86413.11,France,Male,1,1,0,0.54578805,Medium Risk,6936
592,31,2,84102.11,2,116385.24,France,Female,1,0,0,0.83637416,High Risk,6937
589,50,4,0.0,2,182076.97,France,Female,1,0,0,0.89342475,High Risk,6938
725,33,4,0.0,1,67879.8,France,Female,1,1,0,0.9191989,High Risk,6939
570,43,9,0.0,2,11417.26,France,Female,1,0,0,0.96031564,High Risk,6940
575,46,1,0.0,2,65998.26,France,Male,1,1,0,0.9878477,High Risk,6941
501,25,6,104013.79,1,114774.35,Germany,Male,0,1,0,0.968322,High Risk,6942
431,42,8,120822.86,2,126153.24,Germany,Male,0,1,0,0.34901834,Low Risk,6943
719,40,4,128389.12,1,176091.31,Spain,Male,1,1,0,0.87434167,High Risk,6944
850,36,7,102800.72,1,87352.43,Germany,Male,1,1,0,0.99231756,High Risk,6945
554,31,6,135470.9,1,107074.81,Germany,Female,0,1,0,0.6797588,Medium Risk,6946
418,36,7,90145.04,1,69157.93,France,Male,1,1,0,0.109249584,Low Risk,6947
715,31,7,0.0,1,149970.59,Spain,Male,1,1,0,0.59517825,Medium Risk,6948
750,33,3,161801.47,1,153288.97,Spain,Female,1,0,1,0.44086578,Medium Risk,6949
766,37,2,99660.13,2,147700.78,Germany,Male,1,0,0,0.43738797,Medium Risk,6950
652,38,6,123081.84,2,188657.97,Spain,Female,1,1,0,0.5867379,Medium Risk,6951
658,42,8,102870.93,1,103764.55,France,Male,1,0,1,0.6104177,Medium Risk,6952
659,37,1,151105.68,1,140934.57,France,Female,1,1,0,0.61463976,Medium Risk,6953
574,35,5,163856.76,1,15118.2,Germany,Male,1,1,0,0.68425333,Medium Risk,6954
611,38,7,0.0,1,63202.0,France,Male,1,1,0,0.98469096,High Risk,6955
738,35,8,127290.61,1,16081.62,Spain,Male,0,1,0,0.9901766,High Risk,6956
571,49,4,180614.04,1,523.0,France,Male,0,0,0,0.9805135,High Risk,6957
686,44,7,55053.62,1,181757.19,France,Female,0,1,0,0.9836053,High Risk,6958
679,33,4,96110.22,1,1173.23,Spain,Male,0,1,0,0.5291973,Medium Risk,6959
617,46,3,106521.49,1,86587.37,Spain,Female,1,0,0,0.9692657,High Risk,6960
673,39,7,82255.51,2,109545.56,France,Male,0,1,0,0.8160334,High Risk,6961
745,33,1,0.0,2,174431.01,France,Female,1,1,0,0.9908222,High Risk,6962
677,26,3,102395.79,1,119368.99,Germany,Female,0,1,0,0.9792044,High Risk,6963
613,39,8,118201.41,1,23315.59,Spain,Male,0,1,0,0.85346913,High Risk,6964
576,55,6,44582.07,3,67539.85,France,Female,1,0,1,0.515984,Medium Risk,6965
584,30,5,0.0,2,185201.58,Spain,Female,1,1,0,0.5792172,Medium Risk,6966
663,22,6,0.0,2,131827.15,France,Male,1,0,0,0.98959154,High Risk,6967
466,26,9,105522.06,1,10842.46,France,Male,0,1,0,0.6952937,Medium Risk,6968
510,50,7,123936.54,1,23768.01,Germany,Female,1,1,0,0.4505659,Medium Risk,6969
619,38,6,0.0,2,117616.29,Spain,Female,1,1,0,0.6063779,Medium Risk,6970
696,66,7,119499.42,2,174027.3,Germany,Female,1,1,0,0.98680854,High Risk,6971
554,44,9,135814.7,2,115091.38,France,Female,0,0,0,0.43144652,Medium Risk,6972
595,52,9,0.0,1,106340.66,France,Male,1,1,1,0.48069128,Medium Risk,6973
659,39,8,106259.63,2,198103.32,Germany,Male,1,1,0,0.43144652,Medium Risk,6974
662,44,8,0.0,2,175314.87,France,Male,1,1,0,0.9422351,High Risk,6975
556,38,2,115463.16,1,150679.65,Spain,Male,0,1,0,0.515984,Medium Risk,6976
701,39,9,0.0,2,110043.88,Spain,Female,1,1,0,0.95522803,High Risk,6977
587,42,5,120233.83,1,194890.33,Spain,Male,0,1,0,0.99845815,High Risk,6978
571,47,7,0.0,2,112366.98,France,Female,0,0,0,0.9805135,High Risk,6979
539,40,7,81132.21,1,167289.82,France,Female,0,1,0,0.6130632,Medium Risk,6980
644,34,10,122196.99,2,182099.71,Germany,Female,1,1,0,0.9853935,High Risk,6981
572,39,4,112290.22,1,49373.97,Germany,Male,0,1,1,0.8793862,High Risk,6982
753,50,4,0.0,2,861.4,France,Female,1,1,0,0.68425333,Medium Risk,6983
706,35,5,0.0,2,81718.37,France,Male,1,1,0,0.985836,High Risk,6984
588,44,8,154409.74,1,49324.03,France,Male,0,1,1,0.9983908,High Risk,6985
825,32,9,0.0,2,9751.03,France,Male,0,0,0,0.97415483,High Risk,6986
627,48,1,132759.8,1,78899.22,Spain,Male,0,1,0,0.6117625,Medium Risk,6987
532,60,5,76705.87,2,13889.73,France,Male,1,0,0,0.90802205,High Risk,6988
764,44,1,0.0,2,11467.38,France,Female,1,1,0,0.9973182,High Risk,6989
700,36,4,0.0,2,130789.15,France,Female,0,1,0,0.43144652,Medium Risk,6990
660,41,3,0.0,2,108665.89,France,Male,1,1,0,0.9733847,High Risk,6991
518,29,9,125961.74,2,160303.08,Germany,Male,0,1,1,0.9805135,High Risk,6992
557,39,7,49572.73,1,115287.99,France,Female,0,1,1,0.6104177,Medium Risk,6993
639,35,1,103015.12,2,139094.12,France,Female,1,1,0,0.9990134,High Risk,6994
557,24,4,0.0,1,20515.72,France,Female,0,0,0,0.83716094,High Risk,6995
633,32,1,104001.38,1,36642.65,France,Female,1,0,0,0.3727911,Low Risk,6996
623,50,2,87116.71,1,104382.11,Spain,Female,1,1,0,0.38084665,Low Risk,6997
611,68,5,82547.11,2,146448.01,France,Male,1,1,0,0.9954335,High Risk,6998
666,47,5,0.0,1,166650.9,Spain,Female,0,0,1,0.49047288,Medium Risk,6999
521,27,4,121325.84,1,164223.7,France,Male,1,1,1,0.97418165,High Risk,7000
775,28,9,111167.7,1,149331.01,France,Male,0,1,0,0.993979,High Risk,7001
681,48,5,139714.4,2,73066.72,Germany,Male,0,0,0,0.99321705,High Risk,7002
564,32,10,139875.2,2,15378.23,Germany,Female,0,1,0,0.9935893,High Risk,7003
646,44,2,113063.83,1,53072.49,Germany,Female,0,0,1,0.778486,High Risk,7004
670,50,8,138340.06,1,3159.15,France,Female,1,0,0,0.977459,High Risk,7005
751,43,1,114974.24,1,125920.54,France,Male,0,1,0,0.7923607,High Risk,7006
544,33,6,0.0,2,124113.04,France,Female,1,1,0,0.9993057,High Risk,7007
639,38,5,0.0,2,93716.38,France,Female,0,0,0,0.9737768,High Risk,7008
635,65,5,117325.54,1,155799.86,Germany,Female,0,1,1,0.94240874,High Risk,7009
672,28,6,0.0,1,8814.69,France,Female,1,0,0,0.9978071,High Risk,7010
639,35,8,0.0,1,164453.98,France,Female,0,0,0,0.99964225,High Risk,7011
697,25,1,0.0,2,87803.32,France,Female,0,0,0,0.3883425,Low Risk,7012
850,44,8,0.0,2,183617.32,Spain,Male,1,1,0,0.99866176,High Risk,7013
748,34,8,0.0,2,53584.03,France,Female,0,1,0,0.54545087,Medium Risk,7014
463,35,2,0.0,2,1950.93,Spain,Female,1,1,0,0.78221333,High Risk,7015
572,30,6,0.0,1,175025.27,France,Female,1,0,0,0.74329484,High Risk,7016
741,50,1,78737.61,1,13018.96,Spain,Male,1,1,0,0.6068107,Medium Risk,7017
646,25,5,182876.88,2,42537.59,Spain,Male,1,1,1,0.99566686,High Risk,7018
805,50,9,130023.38,1,62989.82,Germany,Male,0,1,1,0.675856,Medium Risk,7019
637,36,2,152606.82,1,71692.8,France,Male,1,1,0,0.9934236,High Risk,7020
651,28,7,0.0,2,823.96,France,Male,0,1,0,0.4458471,Medium Risk,7021
672,28,4,167268.98,1,169469.3,France,Male,1,1,0,0.9601767,High Risk,7022
493,54,3,167831.88,2,150159.95,France,Male,0,1,1,0.98776245,High Risk,7023
524,29,9,144287.6,2,32063.3,Germany,Male,0,1,0,0.9928422,High Risk,7024
624,45,5,151855.33,1,68794.15,Germany,Female,0,1,0,0.9866231,High Risk,7025
569,51,3,0.0,3,75084.96,Spain,Female,0,1,1,0.8604298,High Risk,7026
677,27,2,0.0,2,114685.92,France,Female,1,0,0,0.98299545,High Risk,7027
464,37,4,155994.15,1,143665.44,Germany,Male,0,0,0,0.9934915,High Risk,7028
718,26,7,147527.03,1,51099.56,Germany,Male,0,0,0,0.99879324,High Risk,7029
594,53,4,0.0,1,5408.74,France,Female,0,1,1,0.97418165,High Risk,7030
574,33,8,100267.03,1,103006.27,France,Male,0,1,0,0.91108406,High Risk,7031
478,48,0,83287.05,2,44147.95,Spain,Male,1,0,1,0.2330935,Low Risk,7032
615,41,4,0.0,1,149278.96,Spain,Male,1,0,0,0.97662234,High Risk,7033
651,45,4,0.0,2,193009.21,Spain,Male,0,0,0,0.99437165,High Risk,7034
465,53,1,117438.17,1,74898.8,Germany,Male,0,0,1,0.5783935,Medium Risk,7035
558,56,7,121235.05,2,116253.1,France,Female,1,1,0,0.9931815,High Risk,7036
540,37,3,129965.18,1,19374.08,Germany,Male,0,0,0,0.993979,High Risk,7037
568,46,8,150836.92,1,64516.8,Germany,Male,0,0,1,0.933843,High Risk,7038
630,31,0,0.0,2,34475.14,France,Male,1,1,0,0.8476519,High Risk,7039
523,60,1,163894.35,1,57061.71,Germany,Male,1,0,0,0.79239744,High Risk,7040
678,48,2,0.0,2,32301.88,France,Female,1,1,0,0.98076725,High Risk,7041
438,38,2,0.0,2,136859.55,France,Male,0,1,0,0.999526,High Risk,7042
544,44,1,0.0,2,69244.24,France,Male,0,0,0,0.44086578,Medium Risk,7043
595,34,2,87967.42,2,156309.52,Germany,Male,1,0,0,0.99483573,High Risk,7044
678,26,3,0.0,2,4989.33,France,Male,0,1,0,0.88541204,High Risk,7045
850,36,6,0.0,2,190194.95,France,Female,1,1,0,0.98854125,High Risk,7046
589,20,2,121093.29,2,3529.72,Germany,Female,0,1,0,0.99233574,High Risk,7047
785,31,2,121691.54,2,81778.72,Spain,Female,0,0,0,0.33265364,Low Risk,7048
563,57,6,0.0,2,39297.48,Spain,Male,1,1,0,0.9805135,High Risk,7049
602,39,6,154121.32,2,176614.86,France,Female,0,1,1,0.44150388,Medium Risk,7050
591,29,6,0.0,2,108684.65,France,Male,1,1,0,0.6609142,Medium Risk,7051
643,43,1,0.0,2,145764.4,Spain,Male,1,1,0,0.8662853,High Risk,7052
605,32,5,0.0,2,42135.28,France,Female,1,1,0,0.98718333,High Risk,7053
755,43,6,165048.5,3,16929.41,Germany,Male,0,1,1,0.97662234,High Risk,7054
769,38,6,0.0,2,104393.78,Spain,Male,0,0,0,0.62140924,Medium Risk,7055
620,33,9,127638.35,1,192717.57,France,Female,1,1,0,0.60360426,Medium Risk,7056
725,31,8,0.0,2,59650.42,France,Male,1,1,0,0.9205095,High Risk,7057
818,72,8,135290.42,2,63729.72,Germany,Female,1,1,0,0.7770031,High Risk,7058
624,71,4,170252.05,3,73679.59,France,Female,1,1,1,0.9798269,High Risk,7059
669,35,4,108269.2,2,174969.92,Germany,Female,0,1,0,0.9992841,High Risk,7060
712,32,1,0.0,2,1703.58,France,Female,0,1,0,0.9830831,High Risk,7061
603,35,9,145623.36,1,163181.62,Germany,Female,0,1,0,0.7966556,High Risk,7062
597,41,4,145809.53,2,52319.26,France,Female,1,1,0,0.43668982,Medium Risk,7063
580,76,2,130334.84,2,51672.08,Germany,Male,1,1,0,0.74590164,High Risk,7064
718,39,3,0.0,2,145355.11,France,Female,1,1,0,0.33265364,Low Risk,7065
527,53,8,0.0,1,51711.57,Spain,Male,1,1,0,0.5534067,Medium Risk,7066
729,42,1,0.0,2,149535.97,Spain,Female,1,1,0,0.95453966,High Risk,7067
746,24,4,0.0,1,94105.0,France,Female,1,0,0,0.5030908,Medium Risk,7068
699,54,3,111009.32,1,155905.79,Germany,Female,1,1,1,0.74590164,High Risk,7069
759,46,2,0.0,1,138380.11,France,Female,1,1,0,0.8192765,High Risk,7070
748,39,3,157371.54,1,97734.3,France,Female,1,0,0,0.6266928,Medium Risk,7071
698,63,5,0.0,1,173576.71,Spain,Female,1,1,0,0.9881341,High Risk,7072
686,37,9,134560.62,1,27596.39,France,Male,0,1,0,0.94964474,High Risk,7073
679,40,1,0.0,1,16897.19,France,Male,1,1,0,0.9853935,High Risk,7074
682,36,5,72373.62,2,36895.99,Germany,Male,0,1,0,0.7093204,High Risk,7075
778,34,7,109564.1,1,113046.81,France,Female,1,0,0,0.98366064,High Risk,7076
742,25,4,132116.13,2,129933.5,France,Female,0,1,0,0.98574764,High Risk,7077
649,24,7,101195.23,1,133091.32,Germany,Male,0,0,0,0.67156094,Medium Risk,7078
763,67,1,149436.73,2,106282.74,France,Male,1,0,0,0.7096556,High Risk,7079
595,30,9,130682.11,2,57862.88,Germany,Male,1,1,0,0.9956981,High Risk,7080
628,51,10,115280.49,2,12628.61,Germany,Female,0,0,1,0.98895055,High Risk,7081
625,36,8,129944.39,2,198914.8,France,Female,0,0,0,0.43144652,Medium Risk,7082
733,36,5,0.0,2,109127.54,France,Male,1,1,0,0.55980414,Medium Risk,7083
665,32,10,0.0,1,22487.45,Spain,Female,1,1,0,0.9944002,High Risk,7084
805,56,6,151802.29,1,46791.09,Germany,Male,0,1,1,0.43144652,Medium Risk,7085
725,38,6,0.0,2,158697.28,France,Male,1,1,0,0.5783935,Medium Risk,7086
554,38,3,138731.95,1,194138.36,France,Female,1,1,0,0.8339805,High Risk,7087
675,35,8,155621.08,1,35177.31,Spain,Female,1,0,0,0.974664,High Risk,7088
556,54,4,150005.38,1,157015.5,France,Female,0,1,1,0.32575414,Low Risk,7089
635,48,2,0.0,2,136551.25,Spain,Female,1,1,0,0.9081794,High Risk,7090
601,47,1,64430.06,2,96517.97,France,Male,1,0,0,0.9854952,High Risk,7091
600,53,7,106261.63,1,93629.66,Germany,Male,0,1,1,0.98171,High Risk,7092
758,40,3,0.0,2,96097.65,Spain,Male,0,0,0,0.9798269,High Risk,7093
606,41,4,132670.53,1,156476.36,Germany,Female,0,1,1,0.9584956,High Risk,7094
640,67,3,0.0,1,42964.63,France,Female,1,0,0,0.98229283,High Risk,7095
753,38,1,117314.92,1,122021.33,Germany,Female,0,1,1,0.9838524,High Risk,7096
559,38,3,145874.35,1,56311.39,Spain,Male,0,1,1,0.59517825,Medium Risk,7097
754,50,7,146777.44,2,150685.52,Spain,Female,1,0,0,0.9778741,High Risk,7098
621,51,4,109978.83,1,177740.58,Germany,Male,0,0,1,0.9358861,High Risk,7099
654,37,5,0.0,1,71492.28,France,Female,1,0,0,0.9623019,High Risk,7100
650,24,8,108881.73,1,104492.83,Spain,Male,0,1,0,0.9506956,High Risk,7101
831,44,10,0.0,1,47729.33,Spain,Female,1,0,0,0.9693002,High Risk,7102
519,39,2,112957.26,2,97593.16,France,Male,0,1,0,0.7146422,High Risk,7103
552,42,8,103362.14,1,186869.58,Germany,Female,1,0,1,0.50345665,Medium Risk,7104
577,41,4,89015.61,1,135227.23,Spain,Male,1,0,0,0.9758152,High Risk,7105
576,45,5,133618.01,1,135244.87,Spain,Male,0,0,0,0.48848805,Medium Risk,7106
646,40,5,93680.43,2,179473.26,France,Male,1,1,0,0.9918983,High Risk,7107
711,45,1,97486.15,2,50610.62,Germany,Female,0,1,0,0.69132346,Medium Risk,7108
806,37,2,137794.18,2,75232.02,Spain,Female,1,0,0,0.9940217,High Risk,7109
670,39,8,101928.51,1,89205.54,France,Female,0,0,0,0.8543499,High Risk,7110
679,28,9,0.0,2,61761.77,Spain,Female,1,0,0,0.9982937,High Risk,7111
850,39,6,0.0,2,103921.43,Spain,Female,0,1,0,0.6569083,Medium Risk,7112
670,35,2,79585.96,1,198802.9,Germany,Female,1,0,0,0.7669059,High Risk,7113
733,24,3,161884.99,1,9617.24,France,Female,1,1,0,0.6104177,Medium Risk,7114
764,39,1,129068.54,2,187905.12,France,Female,1,1,0,0.9973182,High Risk,7115
673,42,4,0.0,2,121440.8,France,Female,0,1,0,0.9853935,High Risk,7116
588,49,6,132623.76,3,36292.94,Germany,Male,0,1,1,0.54197025,Medium Risk,7117
564,31,5,121461.87,1,20432.09,Spain,Male,1,1,1,0.97418165,High Risk,7118
715,32,8,175307.32,1,187051.23,France,Male,0,1,0,0.53327465,Medium Risk,7119
621,31,7,136658.61,1,148689.13,France,Male,1,1,0,0.9951373,High Risk,7120
796,23,3,146584.19,2,125445.8,Spain,Female,0,0,0,0.9970277,High Risk,7121
672,34,6,0.0,1,22736.06,France,Male,0,0,0,0.98991185,High Risk,7122
527,46,10,131414.76,1,54947.51,Spain,Female,0,1,0,0.83637416,High Risk,7123
722,38,3,0.0,2,167984.72,France,Female,1,0,0,0.75101656,High Risk,7124
596,34,4,99441.21,2,4802.27,Germany,Male,1,0,0,0.89342475,High Risk,7125
746,32,4,0.0,2,72909.75,France,Female,1,1,0,0.9961876,High Risk,7126
523,26,4,0.0,2,185488.81,France,Female,0,1,0,0.994829,High Risk,7127
624,44,3,0.0,2,88407.51,France,Male,0,1,0,0.96703625,High Risk,7128
553,38,1,181110.13,2,184544.59,Spain,Male,0,1,0,0.58527887,Medium Risk,7129
850,33,3,100476.46,2,136539.13,Spain,Male,1,1,0,0.9683575,High Risk,7130
599,33,2,51949.95,2,85045.92,Germany,Male,0,1,0,0.99204355,High Risk,7131
492,35,8,121063.49,1,85421.48,France,Male,0,0,0,0.34901834,Low Risk,7132
707,48,8,88441.64,1,119903.2,Spain,Male,1,1,1,0.6104177,Medium Risk,7133
743,30,1,127023.39,1,138780.89,France,Female,1,1,0,0.6220069,Medium Risk,7134
522,41,5,144147.68,1,14789.9,France,Male,1,1,0,0.5291973,Medium Risk,7135
681,57,2,173306.13,1,131964.66,Spain,Female,1,0,0,0.99938715,High Risk,7136
826,49,0,0.0,1,178709.98,France,Female,0,0,1,0.76053137,High Risk,7137
630,28,8,106425.75,1,20344.84,Germany,Female,1,1,0,0.6063779,Medium Risk,7138
430,66,6,135392.31,2,172852.06,Germany,Female,1,1,1,0.965693,High Risk,7139
806,67,1,0.0,2,103945.58,France,Female,1,0,0,0.9758152,High Risk,7140
703,39,6,152685.4,1,183656.12,Spain,Male,0,0,0,0.83132625,High Risk,7141
755,38,1,82083.52,1,10333.78,Germany,Female,1,0,0,0.9393093,High Risk,7142
612,63,2,131629.17,2,122109.58,Spain,Female,0,1,1,0.74590164,High Risk,7143
719,54,7,0.0,2,125041.52,France,Female,1,1,0,0.80766404,High Risk,7144
554,55,0,108477.27,1,140003.0,Germany,Female,1,0,1,0.97911686,High Risk,7145
683,30,4,114779.35,1,183171.47,France,Male,0,0,0,0.7317037,High Risk,7146
749,41,5,57568.94,1,61128.29,France,Male,1,1,0,0.9970294,High Risk,7147
724,36,1,0.0,2,52462.25,Spain,Male,0,1,0,0.37884155,Low Risk,7148
770,30,8,0.0,2,50839.85,Spain,Male,1,0,0,0.99597067,High Risk,7149
680,37,4,0.0,2,61240.87,France,Male,0,1,0,0.5783935,Medium Risk,7150
699,32,4,110559.46,1,127429.56,France,Female,1,1,0,0.994829,High Risk,7151
442,34,4,0.0,2,68343.08,France,Male,0,1,0,0.9934088,High Risk,7152
529,46,8,0.0,1,126511.94,France,Male,0,0,1,0.27978507,Low Risk,7153
574,36,3,0.0,2,8559.66,Spain,Male,1,1,0,0.98248553,High Risk,7154
605,33,9,128152.82,1,147822.81,France,Male,0,0,0,0.67136395,Medium Risk,7155
515,45,7,120961.5,3,39288.11,Germany,Male,1,1,1,0.63414425,Medium Risk,7156
632,65,6,129472.33,1,85179.48,Germany,Male,1,1,0,0.97418165,High Risk,7157
558,32,10,105000.23,1,190019.61,France,Male,0,1,0,0.9854952,High Risk,7158
434,55,8,109339.17,2,96405.88,Germany,Male,0,1,1,0.9911379,High Risk,7159
525,59,6,55328.4,1,83342.73,France,Female,0,1,1,0.9733847,High Risk,7160
640,23,3,72012.76,1,161333.13,Germany,Male,0,1,0,0.9953408,High Risk,7161
690,36,6,110480.48,1,81292.33,France,Female,0,0,0,0.9623019,High Risk,7162
607,34,9,132439.99,1,177747.72,Spain,Male,0,1,0,0.88541204,High Risk,7163
850,46,3,0.0,2,187980.21,France,Female,1,1,0,0.968322,High Risk,7164
780,34,5,94108.54,2,177235.21,Germany,Male,0,1,0,0.8849619,High Risk,7165
616,28,10,105173.99,1,29835.37,Germany,Female,1,0,1,0.9920753,High Risk,7166
618,40,8,0.0,2,80204.38,Spain,Female,0,1,0,0.98248553,High Risk,7167
676,29,7,131959.86,1,189268.81,France,Male,0,0,0,0.5423694,Medium Risk,7168
507,33,7,0.0,2,85411.01,France,Male,1,1,0,0.97911686,High Risk,7169
490,34,5,122952.9,2,154360.97,France,Male,0,0,0,0.9061121,High Risk,7170
678,36,0,107379.68,1,84460.18,France,Male,1,1,0,0.9905161,High Risk,7171
637,30,6,122641.56,2,65618.01,Germany,Male,0,1,0,0.6734849,Medium Risk,7172
602,33,8,0.0,2,112928.74,France,Female,1,1,0,0.47031412,Medium Risk,7173
744,30,1,124037.28,1,142210.94,Spain,Female,1,1,0,0.9953408,High Risk,7174
640,50,9,117565.03,2,82559.77,France,Female,0,0,0,0.98680854,High Risk,7175
684,38,5,133189.4,1,127388.06,France,Female,0,0,0,0.61463976,Medium Risk,7176
495,39,8,120252.02,2,10160.23,Germany,Male,1,1,0,0.9962023,High Risk,7177
559,28,3,152264.81,1,64242.31,Germany,Female,0,0,0,0.48848805,Medium Risk,7178
684,38,5,105069.98,2,198355.28,France,Male,1,1,0,0.6797588,Medium Risk,7179
613,42,7,115076.06,1,79323.61,France,Male,1,1,0,0.7575004,High Risk,7180
794,30,8,0.0,2,24113.91,France,Male,1,1,0,0.99397945,High Risk,7181
736,42,7,117280.23,3,41921.06,France,Female,0,0,1,0.7955368,High Risk,7182
692,49,6,110540.43,2,107472.99,Germany,Male,1,0,0,0.95522803,High Risk,7183
703,36,7,135095.47,1,143859.66,Spain,Male,0,1,0,0.76987255,High Risk,7184
720,23,0,187861.18,2,104120.17,Germany,Male,1,1,0,0.7926145,High Risk,7185
777,44,3,124655.59,2,79792.3,Germany,Male,1,0,0,0.43144652,Medium Risk,7186
653,44,8,0.0,2,154639.72,France,Male,1,1,0,0.9961028,High Risk,7187
552,38,9,134105.01,1,57850.1,France,Female,0,0,0,0.89342475,High Risk,7188
708,34,4,0.0,1,62868.33,France,Female,1,1,0,0.93658584,High Risk,7189
647,40,9,0.0,2,92357.21,France,Female,1,0,0,0.48069128,Medium Risk,7190
597,52,8,83693.34,2,161083.53,Germany,Male,1,1,0,0.7593675,High Risk,7191
501,42,9,114631.23,1,91429.74,France,Male,1,0,0,0.9692657,High Risk,7192
709,44,9,128601.98,1,117031.2,France,Male,0,1,0,0.9797095,High Risk,7193
621,34,2,91258.52,2,44857.4,Germany,Female,0,1,0,0.82375646,High Risk,7194
799,70,8,70416.75,1,36483.52,France,Male,1,1,0,0.9990637,High Risk,7195
675,33,6,0.0,2,34045.61,France,Female,0,1,0,0.99905926,High Risk,7196
561,35,5,0.0,2,59981.62,France,Female,0,1,0,0.7923607,High Risk,7197
707,42,10,0.0,2,152944.39,France,Female,1,1,0,0.9908049,High Risk,7198
670,33,6,88294.6,1,66979.06,France,Male,0,1,0,0.9948755,High Risk,7199
649,32,7,0.0,1,28797.32,Spain,Female,0,1,0,0.81472796,High Risk,7200
524,28,1,93577.3,1,51670.82,France,Male,1,1,0,0.7776182,High Risk,7201
689,30,5,136650.89,1,41865.72,Germany,Female,1,1,1,0.47489294,Medium Risk,7202
573,72,8,98765.84,1,96015.53,Spain,Female,1,1,0,0.98633504,High Risk,7203
657,33,1,84309.57,2,103914.4,France,Male,0,0,0,0.9797055,High Risk,7204
686,39,10,136258.06,1,89199.51,Spain,Male,0,0,0,0.90309197,High Risk,7205
683,29,9,0.0,2,48849.89,France,Female,1,1,0,0.98229283,High Risk,7206
753,47,1,131160.85,1,197444.69,Germany,Female,0,1,0,0.98484415,High Risk,7207
520,30,4,145222.99,2,145160.96,Spain,Female,0,0,0,0.67311406,Medium Risk,7208
547,25,4,98141.57,2,52309.8,Germany,Male,1,1,0,0.9947924,High Risk,7209
653,47,6,0.0,1,50695.93,France,Male,0,1,1,0.5196995,Medium Risk,7210
648,28,9,102282.61,1,157891.11,Spain,Female,1,1,0,0.6710051,Medium Risk,7211
639,37,4,116121.84,2,181850.74,France,Female,1,0,0,0.99496305,High Risk,7212
711,25,5,190066.54,1,51345.39,France,Female,0,0,1,0.9892306,High Risk,7213
484,55,8,149349.58,3,137519.92,Germany,Female,0,0,1,0.86852366,High Risk,7214
721,36,1,155176.83,2,49653.37,France,Male,1,1,0,0.67136395,Medium Risk,7215
548,32,2,98986.28,1,55867.38,Germany,Male,1,1,0,0.9692657,High Risk,7216
679,41,8,147726.98,3,172749.4,France,Male,0,1,1,0.99894005,High Risk,7217
553,41,1,0.0,2,90607.31,France,Male,0,1,0,0.97911686,High Risk,7218
757,36,7,144852.06,1,130861.95,France,Male,0,0,0,0.9890498,High Risk,7219
581,54,4,89299.81,1,5558.47,France,Male,0,0,1,0.9819193,High Risk,7220
718,40,9,0.0,2,121537.91,Spain,Male,0,0,0,0.98901844,High Risk,7221
625,41,6,97663.16,2,57128.78,France,Male,0,1,0,0.9792044,High Risk,7222
744,39,4,95161.75,1,19409.77,Spain,Male,0,1,0,0.9402761,High Risk,7223
799,31,9,154586.92,1,88604.89,Germany,Male,1,0,1,0.99544674,High Risk,7224
751,34,8,127095.14,2,479.54,Spain,Female,0,0,0,0.74458116,High Risk,7225
781,35,7,92526.15,2,173837.54,Germany,Male,1,1,0,0.99423283,High Risk,7226
777,46,0,107362.8,1,487.3,Germany,Female,0,1,0,0.9972107,High Risk,7227
704,24,2,0.0,1,35600.25,Spain,Female,0,1,1,0.381927,Low Risk,7228
539,47,2,127286.04,2,166929.43,France,Female,1,1,1,0.90371025,High Risk,7229
716,29,6,0.0,2,98998.61,France,Female,1,1,0,0.560778,Medium Risk,7230
670,37,2,0.0,2,54229.74,France,Male,1,1,0,0.53327465,Medium Risk,7231
555,40,10,139930.18,1,105720.09,France,Male,1,1,0,0.5697558,Medium Risk,7232
679,30,4,77949.69,1,121151.46,Germany,Female,1,1,0,0.74957263,High Risk,7233
571,38,1,121405.04,1,154844.22,France,Male,1,1,0,0.63178086,Medium Risk,7234
512,35,5,124580.69,1,18785.48,Spain,Female,1,1,0,0.98901844,High Risk,7235
697,35,5,133087.76,1,64771.61,France,Male,0,1,0,0.21443267,Low Risk,7236
424,34,7,0.0,1,16250.61,Spain,Male,1,1,0,0.9973182,High Risk,7237
684,43,7,0.0,2,131093.99,France,Female,0,1,0,0.9599864,High Risk,7238
697,62,7,0.0,1,129188.18,Spain,Male,0,1,1,0.9853935,High Risk,7239
580,45,8,103741.14,1,47428.73,Germany,Male,0,1,1,0.98366064,High Risk,7240
600,32,7,98877.95,1,132973.21,France,Female,0,1,0,0.6797588,Medium Risk,7241
521,37,5,105843.26,2,84908.2,France,Male,1,1,0,0.991396,High Risk,7242
664,44,7,77526.66,3,57338.56,Spain,Male,0,0,1,0.5294213,Medium Risk,7243
634,77,5,0.0,2,161579.85,France,Male,1,1,0,0.9961876,High Risk,7244
445,33,7,0.0,2,122625.68,France,Female,0,1,0,0.5683027,Medium Risk,7245
702,36,2,105264.88,2,52909.87,Germany,Female,1,1,0,0.5692201,Medium Risk,7246
485,37,5,0.0,2,170226.47,France,Male,1,0,0,0.5697558,Medium Risk,7247
582,40,3,110150.43,1,191757.65,Germany,Female,1,1,1,0.99527466,High Risk,7248
605,57,2,0.0,3,66652.75,Spain,Female,0,1,1,0.44150388,Medium Risk,7249
628,25,7,0.0,2,195977.75,France,Male,1,1,0,0.7710963,High Risk,7250
604,28,6,0.0,2,69056.26,Spain,Female,1,1,0,0.98926497,High Risk,7251
724,31,9,138166.3,1,12920.43,Germany,Male,0,1,0,0.968322,High Risk,7252
567,40,7,122265.24,1,138552.74,Germany,Male,0,1,0,0.98966074,High Risk,7253
779,55,0,133295.98,1,22832.71,Spain,Female,0,1,1,0.9085326,High Risk,7254
785,36,2,0.0,1,61811.1,France,Male,1,0,0,0.9825791,High Risk,7255
563,32,0,148326.09,1,191604.27,France,Female,0,1,1,0.85727334,High Risk,7256
821,31,2,68927.57,1,25445.0,Germany,Female,1,1,0,0.6710051,Medium Risk,7257
747,47,5,139914.6,4,129964.56,France,Female,1,0,1,0.9956981,High Risk,7258
600,58,8,118723.11,1,6209.51,Germany,Female,0,0,1,0.39078698,Low Risk,7259
625,32,7,106957.28,1,134794.02,Spain,Male,1,1,0,0.7966556,High Risk,7260
773,41,7,190238.93,1,57549.65,France,Female,1,1,0,0.83716094,High Risk,7261
726,53,1,113537.73,1,28367.21,France,Female,1,0,0,0.6894544,Medium Risk,7262
641,40,4,101090.27,1,51703.09,Spain,Female,1,1,0,0.8316187,High Risk,7263
649,46,2,0.0,2,66602.7,France,Female,1,1,0,0.27978507,Low Risk,7264
434,33,3,0.0,1,2739.71,Spain,Male,1,1,0,0.99945956,High Risk,7265
738,38,7,0.0,2,69227.42,France,Female,0,0,0,0.9869849,High Risk,7266
762,60,10,168920.75,1,31445.03,Spain,Female,0,1,1,0.9733847,High Risk,7267
507,31,9,111589.67,1,150037.19,Germany,Male,0,1,0,0.8856812,High Risk,7268
606,27,6,172310.33,1,111448.92,Germany,Female,1,0,0,0.98776245,High Risk,7269
655,34,7,118028.35,1,51226.32,Germany,Male,0,1,1,0.86491776,High Risk,7270
697,51,1,147910.3,1,53581.14,Germany,Male,1,1,0,0.48069128,Medium Risk,7271
504,42,7,131287.36,2,149697.78,Germany,Male,1,1,0,0.7279613,High Risk,7272
653,74,0,121276.32,1,160348.31,France,Female,1,1,0,0.34901834,Low Risk,7273
660,38,6,109869.32,1,154641.91,Spain,Male,1,1,0,0.5783935,Medium Risk,7274
652,34,6,97435.85,2,104331.76,France,Female,1,1,0,0.99845815,High Risk,7275
669,42,9,0.0,2,135630.32,France,Female,0,0,0,0.675856,Medium Risk,7276
594,35,2,133853.27,1,65361.66,France,Male,1,1,0,0.8784826,High Risk,7277
756,32,0,109528.16,2,56176.31,Germany,Male,1,1,0,0.85346913,High Risk,7278
642,33,4,84607.34,2,60059.47,France,Female,1,0,0,0.99433196,High Risk,7279
486,37,1,101438.0,1,51364.56,Germany,Male,0,0,0,0.6663867,Medium Risk,7280
804,55,7,0.0,2,118752.6,France,Male,1,1,0,0.48848805,Medium Risk,7281
629,59,9,113657.83,1,116848.79,France,Male,1,1,1,0.98991185,High Risk,7282
581,44,7,189318.16,2,45026.23,Spain,Female,0,1,1,0.48848805,Medium Risk,7283
667,31,3,99513.91,1,189657.26,France,Male,1,1,0,0.991396,High Risk,7284
667,35,4,97585.32,2,57213.46,Spain,Male,0,0,0,0.76263154,High Risk,7285
679,29,3,0.0,2,63687.06,France,Male,1,1,0,0.89342475,High Risk,7286
680,43,4,0.0,2,58761.33,France,Female,1,1,0,0.4802039,Medium Risk,7287
644,32,3,136659.74,1,14187.78,Spain,Male,1,1,0,0.9805135,High Risk,7288
571,30,4,85755.86,1,145115.95,France,Female,0,1,0,0.9938929,High Risk,7289
627,35,7,0.0,1,187718.26,Spain,Female,0,1,0,0.9947924,High Risk,7290
536,39,4,0.0,2,27150.35,France,Male,0,1,0,0.95522803,High Risk,7291
599,33,4,51690.89,1,111622.76,Spain,Male,0,1,1,0.9814641,High Risk,7292
744,34,3,0.0,2,27244.35,Spain,Male,0,1,0,0.9909797,High Risk,7293
709,34,2,111669.68,1,57029.66,France,Female,0,1,0,0.9884815,High Risk,7294
653,31,2,154741.45,2,25183.01,Germany,Male,0,0,0,0.67683434,Medium Risk,7295
648,31,7,125681.51,1,129980.93,Germany,Male,1,0,0,0.99231756,High Risk,7296
663,37,8,155303.71,1,118716.63,Germany,Female,0,1,0,0.81186426,High Risk,7297
613,43,4,140681.68,1,20134.07,Germany,Female,1,0,0,0.5886625,Medium Risk,7298
620,28,9,71902.52,1,190208.23,France,Male,1,0,0,0.7317037,High Risk,7299
661,51,6,146606.6,1,68021.9,France,Male,1,1,0,0.99437165,High Risk,7300
669,45,1,123949.75,1,110881.56,Germany,Male,0,0,0,0.6019847,Medium Risk,7301
767,33,1,144753.21,1,132480.75,Germany,Female,1,1,0,0.7333274,High Risk,7302
491,72,6,91285.22,1,7032.95,France,Female,1,1,0,0.99884605,High Risk,7303
653,43,0,0.0,2,27862.58,France,Male,0,1,0,0.7255311,High Risk,7304
679,58,8,125850.53,2,87008.17,Germany,Male,1,1,0,0.67994547,Medium Risk,7305
687,28,7,108116.66,1,27411.19,France,Male,1,1,0,0.90947795,High Risk,7306
837,38,2,0.0,2,46395.21,France,Female,1,1,0,0.71701974,High Risk,7307
850,28,8,67639.56,2,194245.29,France,Male,1,1,0,0.59517825,Medium Risk,7308
663,53,6,150200.23,1,151317.27,Spain,Female,1,0,1,0.9721239,High Risk,7309
547,22,7,141287.15,1,118142.79,Spain,Female,0,1,0,0.74590164,High Risk,7310
627,41,6,0.0,3,138700.75,France,Female,1,1,1,0.970448,High Risk,7311
707,37,1,0.0,2,6035.51,France,Male,1,0,0,0.91539145,High Risk,7312
629,43,0,0.0,2,41263.69,France,Female,1,1,0,0.85346913,High Risk,7313
687,36,4,97157.96,1,63185.05,France,Female,1,0,0,0.99795073,High Risk,7314
588,36,2,0.0,2,92536.0,France,Female,0,1,1,0.6130632,Medium Risk,7315
502,33,6,125241.17,2,158736.07,Germany,Female,1,1,0,0.9966002,High Risk,7316
793,54,2,128966.13,1,18633.4,Germany,Male,0,0,1,0.9852374,High Risk,7317
727,59,5,152581.06,1,71830.1,Germany,Male,0,1,1,0.99761057,High Risk,7318
632,32,1,0.0,2,19525.65,Spain,Female,0,1,0,0.7464134,High Risk,7319
474,37,5,142688.57,2,110953.33,Germany,Female,1,1,0,0.793582,High Risk,7320
850,31,1,130089.56,2,4466.21,Germany,Female,1,1,0,0.34777498,Low Risk,7321
584,36,9,0.0,1,105818.51,France,Male,1,1,0,0.9884311,High Risk,7322
713,32,1,117094.02,1,149558.83,France,Female,0,0,1,0.97403854,High Risk,7323
742,24,8,0.0,2,4070.28,Spain,Male,0,1,0,0.9961876,High Risk,7324
607,39,10,0.0,3,132741.13,France,Female,0,1,1,0.99527466,High Risk,7325
761,34,2,0.0,2,61251.25,Spain,Female,0,1,0,0.9859346,High Risk,7326
600,49,7,90218.9,1,91347.76,France,Male,0,1,0,0.95522803,High Risk,7327
650,42,4,194532.66,1,171045.31,Spain,Male,0,1,1,0.9915439,High Risk,7328
850,56,1,169743.83,1,155850.4,Germany,Male,0,0,1,0.99878305,High Risk,7329
501,34,5,0.0,1,27380.99,France,Female,0,1,0,0.97418165,High Risk,7330
418,34,8,155973.88,1,154208.96,France,Male,0,1,0,0.5809346,Medium Risk,7331
797,59,4,129321.44,1,93624.55,Spain,Male,1,1,0,0.9972687,High Risk,7332
788,42,6,138650.49,2,64746.07,Germany,Female,0,1,0,0.92507786,High Risk,7333
699,43,2,136487.86,2,82815.93,Spain,Male,0,1,0,0.59676886,Medium Risk,7334
616,18,6,0.0,2,27308.58,France,Male,1,1,0,0.5783935,Medium Risk,7335
651,41,4,38617.2,1,104876.8,France,Female,1,1,0,0.9961876,High Risk,7336
654,28,7,0.0,2,151316.37,France,Female,0,1,0,0.9925822,High Risk,7337
676,34,8,82909.14,1,91817.38,France,Female,0,1,1,0.7146422,High Risk,7338
708,54,8,145151.4,1,125311.17,Germany,Female,1,0,1,0.71665734,High Risk,7339
499,42,0,147187.84,1,14868.94,Spain,Female,1,1,1,0.9885787,High Risk,7340
689,39,4,0.0,2,196112.45,France,Male,0,1,0,0.99575186,High Risk,7341
850,54,7,108185.81,2,24093.4,Spain,Male,0,0,1,0.6277947,Medium Risk,7342
502,30,4,0.0,2,66263.87,France,Male,1,1,0,0.6735987,Medium Risk,7343
643,34,7,0.0,2,100304.13,France,Male,1,0,0,0.98076725,High Risk,7344
762,28,2,0.0,2,167909.52,France,Male,0,1,0,0.6220069,Medium Risk,7345
719,49,5,105918.1,1,16246.59,France,Male,1,1,0,0.99379236,High Risk,7346
789,27,6,0.0,2,103603.65,France,Male,0,1,0,0.981616,High Risk,7347
553,42,7,0.0,2,7680.23,Spain,Male,0,1,0,0.9609566,High Risk,7348
448,25,2,0.0,2,95215.73,Spain,Male,0,0,0,0.63643175,Medium Risk,7349
632,42,6,59972.26,2,148172.94,Germany,Male,1,0,0,0.9623019,High Risk,7350
669,25,7,157228.61,2,124382.9,Spain,Male,0,1,0,0.9599864,High Risk,7351
654,34,5,0.0,2,159311.46,Spain,Male,0,1,0,0.99930656,High Risk,7352
726,38,4,0.0,2,6787.48,France,Female,0,0,0,0.5886625,Medium Risk,7353
596,21,4,210433.08,2,197297.77,France,Male,1,0,1,0.99289685,High Risk,7354
733,30,1,102452.71,1,21556.95,Germany,Female,0,1,0,0.9972107,High Risk,7355
529,35,5,0.0,2,56518.0,Spain,Female,0,1,0,0.98366064,High Risk,7356
493,37,8,142987.46,2,158840.99,France,Female,0,1,0,0.5196995,Medium Risk,7357
615,29,7,143330.56,2,126396.01,Spain,Female,1,1,0,0.83637416,High Risk,7358
600,49,6,0.0,1,148087.88,France,Female,1,0,1,0.985836,High Risk,7359
666,36,4,120165.4,2,33701.5,France,Male,0,1,0,0.2330935,Low Risk,7360
644,54,6,0.0,1,84622.37,Spain,Male,1,0,0,0.9973182,High Risk,7361
692,36,4,0.0,1,185580.89,France,Female,0,1,1,0.6967513,Medium Risk,7362
707,73,6,66573.17,1,62768.8,France,Male,1,1,0,0.67821443,Medium Risk,7363
603,40,4,102833.46,2,38829.11,France,Male,1,1,0,0.9805135,High Risk,7364
671,34,5,164757.56,1,110748.88,France,Female,0,1,0,0.7264969,High Risk,7365
568,36,10,153610.61,1,54083.8,Spain,Female,1,1,1,0.5008387,Medium Risk,7366
598,35,8,0.0,3,88658.73,Spain,Female,1,0,0,0.96893287,High Risk,7367
606,42,10,0.0,2,177938.52,Spain,Male,0,1,0,0.9922391,High Risk,7368
850,36,3,169025.83,1,174235.06,Germany,Female,0,1,0,0.5816278,Medium Risk,7369
644,26,4,153455.72,2,82696.84,Spain,Female,1,1,0,0.43144652,Medium Risk,7370
655,37,4,0.0,2,142415.97,France,Male,1,1,0,0.9964868,High Risk,7371
850,30,10,153972.89,2,62811.03,France,Male,0,1,0,0.72806203,High Risk,7372
683,34,9,114609.55,2,25339.29,Spain,Male,1,0,0,0.63643175,Medium Risk,7373
663,37,7,143625.83,2,176487.05,Germany,Male,1,0,0,0.7694797,High Risk,7374
682,38,1,116520.28,1,49833.5,Germany,Female,1,1,1,0.6967513,Medium Risk,7375
639,77,6,80926.02,2,55829.25,France,Male,1,1,0,0.49047288,Medium Risk,7376
704,23,6,166594.78,1,155823.2,France,Male,1,1,0,0.88091254,High Risk,7377
691,40,0,115465.98,1,60622.61,France,Female,1,1,0,0.34777498,Low Risk,7378
599,34,8,0.0,2,174196.68,France,Male,1,1,0,0.92683375,High Risk,7379
573,36,1,0.0,1,56905.38,France,Female,1,1,0,0.7464134,High Risk,7380
589,41,7,92618.62,1,101178.85,Germany,Female,1,1,0,0.8403458,High Risk,7381
620,25,8,141825.88,1,73857.94,Germany,Female,1,1,1,0.9623019,High Risk,7382
647,28,6,149594.02,2,102325.19,Spain,Male,0,1,0,0.9946402,High Risk,7383
737,39,7,130051.66,2,55356.39,Spain,Female,0,0,1,0.74590164,High Risk,7384
634,41,7,0.0,2,131284.93,France,Female,1,1,0,0.99702376,High Risk,7385
660,38,4,0.0,2,88080.43,France,Male,0,0,0,0.80973136,High Risk,7386
666,37,2,158468.76,1,93266.01,Germany,Female,1,0,0,0.9925868,High Risk,7387
696,44,8,161889.79,1,75562.47,France,Male,0,0,0,0.8340532,High Risk,7388
836,29,9,133681.78,1,153747.73,France,Female,1,1,0,0.9920753,High Risk,7389
667,34,5,0.0,2,163830.64,Spain,Female,0,1,0,0.9623019,High Risk,7390
596,20,3,187294.46,1,103456.47,Spain,Male,0,1,0,0.994829,High Risk,7391
430,31,5,0.0,1,95655.16,France,Male,0,1,0,0.20558052,Low Risk,7392
596,67,6,0.0,2,138350.74,Spain,Male,1,1,0,0.99198747,High Risk,7393
599,28,7,119706.22,1,31190.42,France,Male,0,0,0,0.8618208,High Risk,7394
519,22,8,0.0,1,167553.06,France,Female,1,0,0,0.99509144,High Risk,7395
721,45,7,138523.2,1,59604.45,Germany,Female,0,0,1,0.97172,High Risk,7396
603,56,5,90778.76,2,162223.67,Spain,Female,0,1,1,0.968322,High Risk,7397
572,47,4,99353.42,1,196549.85,Germany,Male,0,1,1,0.770734,High Risk,7398
453,40,1,111524.49,1,120373.84,Germany,Female,1,1,1,0.9911379,High Risk,7399
668,37,7,128645.67,1,92149.64,France,Female,0,1,0,0.845835,High Risk,7400
762,35,1,117458.51,1,178361.48,Germany,Male,1,0,1,0.98895055,High Risk,7401
633,39,9,129189.15,2,170998.83,France,Female,0,0,0,0.97041166,High Risk,7402
647,33,7,121260.19,2,77216.48,Spain,Male,0,1,0,0.9906722,High Risk,7403
796,56,6,94231.13,1,121164.6,Spain,Male,0,0,1,0.8944445,High Risk,7404
733,39,1,0.0,2,141841.31,France,Male,1,1,0,0.53327465,Medium Risk,7405
556,34,8,163757.06,1,104000.06,France,Male,1,1,0,0.14860974,Low Risk,7406
489,58,4,0.0,2,191419.32,Spain,Male,1,1,0,0.9926051,High Risk,7407
639,22,4,0.0,2,28188.96,France,Male,0,1,0,0.675856,Medium Risk,7408
715,35,2,141005.47,1,60407.93,France,Male,1,1,0,0.77707374,High Risk,7409
807,42,9,105356.09,2,130489.37,Germany,Female,1,1,0,0.9599864,High Risk,7410
714,34,5,0.0,2,193040.32,Spain,Male,0,1,0,0.99231756,High Risk,7411
626,23,6,85897.95,1,109742.8,Germany,Female,0,1,0,0.68425333,Medium Risk,7412
697,36,7,0.0,2,74760.32,France,Male,1,1,0,0.94956017,High Risk,7413
850,31,4,164672.66,1,61936.1,Germany,Female,1,0,0,0.6300975,Medium Risk,7414
737,45,2,99169.67,2,78650.95,Germany,Female,1,1,0,0.99642557,High Risk,7415
812,29,6,0.0,2,168023.6,France,Male,0,0,0,0.67388433,Medium Risk,7416
583,36,8,0.0,2,5571.59,France,Male,1,0,0,0.9908222,High Risk,7417
730,37,5,124053.03,1,118591.67,Germany,Female,0,1,0,0.99483573,High Risk,7418
677,36,4,0.0,2,7824.31,France,Male,0,1,0,0.99509144,High Risk,7419
748,40,3,103499.09,2,38153.19,Germany,Female,0,0,0,0.6130632,Medium Risk,7420
753,38,9,151766.71,1,180829.99,Germany,Female,1,1,0,0.5534067,Medium Risk,7421
634,36,1,0.0,1,143960.72,Spain,Female,1,1,0,0.6238726,Medium Risk,7422
622,29,7,101486.96,1,8788.35,France,Male,1,1,0,0.9683575,High Risk,7423
699,36,2,123601.56,2,103557.85,Germany,Male,0,1,0,0.97676086,High Risk,7424
570,38,1,127201.58,1,147168.28,Germany,Male,0,1,1,0.9853935,High Risk,7425
552,33,3,144962.74,1,58844.84,Germany,Male,0,1,1,0.99930656,High Risk,7426
619,48,4,0.0,1,18094.96,France,Female,0,0,1,0.9797055,High Risk,7427
714,33,8,122017.19,1,162515.17,Spain,Male,0,0,0,0.39078698,Low Risk,7428
503,32,9,100262.88,2,157921.25,Spain,Male,1,1,0,0.9946402,High Risk,7429
685,43,6,117302.62,1,68701.73,Spain,Female,0,0,0,0.9825791,High Risk,7430
606,35,0,135984.15,2,186778.89,France,Female,0,1,0,0.99597067,High Risk,7431
678,38,3,0.0,2,66561.6,France,Male,0,1,0,0.7465285,High Risk,7432
724,31,2,160997.54,2,64831.36,Germany,Male,1,0,0,0.63564104,Medium Risk,7433
779,37,2,128389.63,1,6589.16,Germany,Female,1,1,1,0.9915633,High Risk,7434
638,35,1,0.0,2,165370.66,Spain,Male,0,1,0,0.97172,High Risk,7435
610,50,5,130554.51,3,184758.17,Spain,Female,0,1,1,0.9918955,High Risk,7436
646,57,6,90212.0,1,13911.27,Germany,Female,0,1,1,0.80821055,High Risk,7437
628,29,9,71996.29,1,34857.46,France,Female,1,1,0,0.9805135,High Risk,7438
528,32,4,85615.66,2,156192.43,France,Female,0,1,0,0.9961028,High Risk,7439
432,27,6,62339.81,2,53874.67,France,Female,0,0,0,0.98484415,High Risk,7440
622,47,6,142319.03,1,100183.05,Spain,Female,0,0,0,0.62809825,Medium Risk,7441
721,54,5,0.0,2,4493.12,France,Male,1,1,0,0.9599864,High Risk,7442
614,36,5,0.0,2,130610.78,Spain,Male,0,1,0,0.9930889,High Risk,7443
634,24,2,87413.19,1,63340.65,France,Female,0,1,0,0.85733265,High Risk,7444
742,29,4,0.0,2,180066.59,France,Female,1,1,0,0.99879164,High Risk,7445
516,45,4,0.0,1,95273.73,France,Female,0,1,1,0.7317037,High Risk,7446
718,35,3,97560.16,1,53511.74,France,Male,1,1,0,0.7111133,High Risk,7447
636,30,8,141787.31,2,109685.61,Germany,Male,1,1,0,0.9810751,High Risk,7448
691,36,7,129934.64,1,75664.56,Spain,Male,0,0,1,0.63829285,Medium Risk,7449
698,37,2,166178.02,2,71972.95,France,Female,1,1,0,0.63178086,Medium Risk,7450
712,39,5,163097.55,2,23702.42,Spain,Female,1,1,0,0.988991,High Risk,7451
659,20,8,0.0,2,112572.02,France,Male,0,0,0,0.9916876,High Risk,7452
573,44,8,0.0,2,62424.46,Spain,Male,0,0,0,0.6019847,Medium Risk,7453
778,35,1,151958.19,3,131238.37,Germany,Female,1,1,1,0.85029644,High Risk,7454
732,46,0,0.0,2,184350.78,France,Male,1,1,0,0.75101656,High Risk,7455
550,33,4,118400.91,1,13999.64,Germany,Male,1,0,1,0.9811373,High Risk,7456
790,20,8,0.0,2,168152.76,Spain,Male,0,1,0,0.9797095,High Risk,7457
665,43,2,116322.27,4,35640.12,Germany,Female,0,1,1,0.4505659,Medium Risk,7458
728,43,5,0.0,1,120088.17,Spain,Female,1,1,0,0.6832342,Medium Risk,7459
645,29,4,0.0,2,74346.11,Spain,Female,1,1,0,0.99037,High Risk,7460
647,30,6,143138.91,2,2955.46,Germany,Male,0,1,0,0.2330935,Low Risk,7461
596,32,4,0.0,2,146504.35,Spain,Male,1,0,0,0.4965977,Medium Risk,7462
610,40,9,0.0,1,149602.54,France,Male,1,1,0,0.9894146,High Risk,7463
512,36,0,129804.17,1,53020.9,France,Male,0,1,0,0.98776245,High Risk,7464
768,37,9,108308.11,1,41788.25,Germany,Male,0,1,1,0.83330715,High Risk,7465
666,30,3,110153.27,1,74849.46,Germany,Male,1,0,0,0.5697558,Medium Risk,7466
700,30,4,116377.48,1,134417.31,Germany,Female,1,1,0,0.81899387,High Risk,7467
651,37,10,117791.06,2,75837.58,Germany,Female,1,1,0,0.7385268,High Risk,7468
542,26,2,0.0,2,54869.54,Spain,Female,1,1,0,0.9925298,High Risk,7469
686,35,8,105419.73,1,35356.46,France,Female,0,1,0,0.77707374,High Risk,7470
850,47,4,99219.47,2,122141.13,Germany,Female,1,1,0,0.8477107,High Risk,7471
658,55,8,119327.93,1,119439.66,Germany,Female,1,0,0,0.9911379,High Risk,7472
448,36,6,83947.12,2,81999.53,France,Female,0,1,0,0.34901834,Low Risk,7473
609,32,4,99883.16,1,120594.85,Spain,Male,1,1,0,0.9601767,High Risk,7474
704,50,4,165438.26,1,120770.75,France,Male,0,1,1,0.98633504,High Risk,7475
698,31,1,156111.24,1,134790.74,France,Male,0,0,0,0.9693002,High Risk,7476
759,44,2,111095.58,2,100137.7,France,Male,0,1,0,0.98821485,High Risk,7477
677,56,0,119963.45,1,158325.87,France,Female,0,0,1,0.9558681,High Risk,7478
544,22,4,0.0,2,70007.67,Spain,Male,0,1,0,0.9623019,High Risk,7479
567,35,8,153137.74,1,88659.07,Spain,Male,0,1,0,0.9758152,High Risk,7480
490,40,6,156111.08,1,190889.13,Spain,Male,0,0,0,0.76542133,High Risk,7481
626,34,7,113014.7,2,56646.28,France,Male,1,1,0,0.9853935,High Risk,7482
718,43,5,132615.73,2,32999.1,Germany,Male,0,1,0,0.5867379,Medium Risk,7483
616,44,5,102016.38,1,178235.37,France,Male,1,0,1,0.8879773,High Risk,7484
772,35,9,0.0,1,25448.31,France,Female,1,0,0,0.994829,High Risk,7485
561,32,5,0.0,2,84871.99,France,Male,0,1,0,0.99748564,High Risk,7486
814,49,8,0.0,2,157822.54,France,Male,0,0,0,0.9993057,High Risk,7487
651,56,4,0.0,1,84383.22,France,Female,0,0,1,0.9908222,High Risk,7488
538,42,4,80380.24,1,119216.46,Germany,Female,0,1,0,0.9925822,High Risk,7489
600,26,6,108909.12,1,82547.01,France,Female,0,1,0,0.6998134,Medium Risk,7490
654,35,2,90865.8,1,86764.46,France,Female,1,1,0,0.9692657,High Risk,7491
622,40,4,99799.76,2,197372.13,France,Male,0,1,0,0.8034154,High Risk,7492
682,28,10,200724.96,1,82872.64,France,Male,1,0,1,0.48190334,Medium Risk,7493
610,37,10,140363.95,2,129563.86,Spain,Female,1,1,0,0.69801205,Medium Risk,7494
795,36,1,151844.64,1,135388.89,France,Female,1,1,0,0.93206704,High Risk,7495
557,27,2,0.0,2,4497.55,France,Female,1,0,0,0.87434167,High Risk,7496
824,49,8,133231.48,1,67885.37,Germany,Male,1,1,0,0.9838238,High Risk,7497
698,27,7,0.0,2,111471.55,France,Male,0,1,0,0.62140924,Medium Risk,7498
630,36,8,126598.99,2,134407.93,France,Female,1,1,0,0.9908222,High Risk,7499
609,71,6,113317.1,1,108258.22,Germany,Female,0,1,1,0.9885787,High Risk,7500
694,47,4,0.0,2,197528.62,France,Male,0,1,0,0.5783935,Medium Risk,7501
681,58,8,93173.88,1,139761.25,France,Female,1,1,0,0.98875964,High Risk,7502
721,32,10,0.0,1,136119.96,Spain,Female,0,1,1,0.48069128,Medium Risk,7503
563,44,7,105007.31,2,197812.16,Germany,Male,1,1,0,0.70076746,High Risk,7504
654,32,2,0.0,1,51972.92,Spain,Female,1,1,1,0.96893287,High Risk,7505
659,27,4,0.0,2,99341.87,Spain,Male,0,1,0,0.7146422,High Risk,7506
674,44,4,131593.85,1,171345.02,Germany,Female,1,0,1,0.9854952,High Risk,7507
576,44,9,119530.52,1,119056.68,Germany,Male,0,1,1,0.41440976,Medium Risk,7508
566,54,4,118614.6,2,172601.62,Germany,Male,1,1,0,0.823171,High Risk,7509
545,37,9,95829.13,2,104936.88,Germany,Male,1,0,0,0.92151266,High Risk,7510
798,36,1,0.0,2,159044.1,France,Male,1,1,0,0.999108,High Risk,7511
757,38,0,0.0,1,83263.06,France,Male,0,1,0,0.48848805,Medium Risk,7512
641,50,6,153590.73,2,130910.78,France,Male,1,1,0,0.9885787,High Risk,7513
718,29,2,0.0,1,126336.72,France,Male,0,1,0,0.985836,High Risk,7514
699,64,9,113109.52,1,27980.8,France,Male,0,1,1,0.85111773,High Risk,7515
623,35,0,130557.24,1,47880.71,France,Female,1,1,0,0.98901844,High Risk,7516
644,40,8,93183.19,1,73882.49,France,Male,0,1,0,0.9692657,High Risk,7517
586,58,7,151933.63,1,162960.05,France,Male,0,1,1,0.54794675,Medium Risk,7518
500,30,2,125495.64,2,68807.47,Germany,Male,1,1,0,0.9973182,High Risk,7519
583,42,7,0.0,2,144039.05,France,Female,0,1,0,0.64827466,Medium Risk,7520
595,26,8,118547.72,1,151192.18,Germany,Female,1,1,0,0.98229444,High Risk,7521
670,43,1,97792.21,1,120225.62,Spain,Male,0,0,0,0.997682,High Risk,7522
610,41,6,0.0,3,56118.81,France,Male,0,0,1,0.86234087,High Risk,7523
814,72,2,0.0,2,130853.03,Spain,Female,1,0,0,0.5783935,Medium Risk,7524
660,40,8,167181.01,1,185156.94,France,Female,1,1,0,0.8221373,High Risk,7525
580,35,9,121355.19,1,35671.45,Germany,Male,1,0,0,0.97292227,High Risk,7526
850,81,1,0.0,2,59568.24,France,Female,1,1,0,0.99408686,High Risk,7527
676,35,0,0.0,2,139911.58,Spain,Male,0,0,0,0.98901844,High Risk,7528
578,46,5,113226.47,1,56770.76,France,Male,0,1,0,0.6104177,Medium Risk,7529
579,33,1,118392.75,1,157564.75,France,Female,1,1,0,0.7146422,High Risk,7530
711,52,8,145262.54,1,131473.31,Germany,Female,1,0,0,0.99049544,High Risk,7531
692,40,6,163505.16,1,90424.09,France,Male,0,0,0,0.62675023,Medium Risk,7532
760,33,1,118114.28,2,156660.21,Spain,Female,1,0,0,0.9961345,High Risk,7533
630,51,0,108449.23,3,88372.69,Germany,Female,0,0,1,0.96667975,High Risk,7534
808,32,1,0.0,2,46200.71,France,Male,1,1,0,0.9830831,High Risk,7535
611,36,10,103294.56,1,160548.12,Germany,Female,0,1,0,0.9992841,High Risk,7536
697,42,1,0.0,1,1262.83,France,Female,0,1,1,0.74590164,High Risk,7537
655,38,6,0.0,1,188639.28,France,Female,1,1,0,0.97403854,High Risk,7538
601,28,6,0.0,2,14665.28,Spain,Male,0,1,0,0.9601767,High Risk,7539
755,42,2,119919.12,1,156868.21,France,Male,0,1,0,0.99893254,High Risk,7540
553,37,1,0.0,1,30461.55,France,Male,0,1,0,0.5294213,Medium Risk,7541
723,28,4,0.0,2,123885.88,France,Male,1,1,0,0.70076746,High Risk,7542
507,34,4,0.0,2,60688.38,Spain,Female,1,1,0,0.9989415,High Risk,7543
777,43,1,0.0,2,21785.91,France,Male,0,1,0,0.9934088,High Risk,7544
566,34,3,0.0,1,188135.69,France,Male,0,0,0,0.9838238,High Risk,7545
732,26,7,0.0,2,154364.66,France,Male,0,1,0,0.9992762,High Risk,7546
697,42,10,0.0,2,61312.15,France,Female,0,1,0,0.63972473,Medium Risk,7547
555,29,4,128744.04,1,47454.93,France,Male,1,1,0,0.7444629,High Risk,7548
584,62,9,137727.34,2,121102.9,Germany,Female,1,0,0,0.9830831,High Risk,7549
705,44,10,106731.58,1,137419.87,Germany,Female,0,1,1,0.5783935,Medium Risk,7550
688,38,7,123544.21,1,157664.02,France,Female,1,1,0,0.95774263,High Risk,7551
626,37,2,133968.96,2,148689.65,France,Female,0,1,0,0.56330204,Medium Risk,7552
636,76,9,126534.6,1,39789.62,Spain,Male,1,1,0,0.36557052,Low Risk,7553
719,35,8,0.0,1,165162.4,Spain,Female,1,1,0,0.9797055,High Risk,7554
706,30,6,87609.68,2,137674.55,Spain,Male,0,0,1,0.9599864,High Risk,7555
731,41,3,0.0,2,101371.72,Spain,Male,0,1,0,0.22700946,Low Risk,7556
738,49,3,0.0,3,65066.48,Spain,Male,1,1,1,0.9838238,High Risk,7557
426,34,9,0.0,2,107876.91,France,Male,0,1,0,0.9746936,High Risk,7558
622,36,0,108960.0,2,111180.3,Spain,Female,0,1,1,0.9866231,High Risk,7559
701,30,2,0.0,2,115650.63,Spain,Female,0,1,0,0.48848805,Medium Risk,7560
512,51,6,144953.31,1,165035.17,France,Male,1,1,0,0.9692657,High Risk,7561
635,41,4,103544.88,2,193746.55,France,Male,0,1,0,0.9968976,High Risk,7562
685,33,6,0.0,1,58458.26,France,Male,0,1,0,0.79051125,High Risk,7563
609,53,7,0.0,2,52332.85,France,Male,1,0,0,0.8923003,High Risk,7564
598,38,1,101487.18,1,75959.1,Germany,Male,1,1,1,0.98812693,High Risk,7565
708,52,10,105355.81,1,123.07,France,Male,0,1,1,0.95522803,High Risk,7566
574,36,4,77967.5,1,167066.95,Spain,Male,0,1,1,0.9934088,High Risk,7567
629,44,5,0.0,4,117572.59,France,Male,0,0,1,0.6460302,Medium Risk,7568
422,54,4,0.0,2,7166.71,Spain,Female,1,1,0,0.3508252,Low Risk,7569
656,28,8,120047.77,1,137173.39,Spain,Male,1,1,0,0.97418165,High Risk,7570
697,32,7,175464.85,3,116442.42,France,Male,0,1,1,0.67821443,Medium Risk,7571
718,52,8,79475.3,3,32421.32,France,Male,1,1,1,0.823171,High Risk,7572
586,37,8,167735.69,2,104665.79,Germany,Male,1,0,0,0.9978529,High Risk,7573
481,37,8,0.0,2,44215.86,Spain,Female,0,1,0,0.9931417,High Risk,7574
749,33,1,74385.98,1,20164.47,France,Female,0,1,0,0.61463976,Medium Risk,7575
561,49,5,94754.0,1,26691.31,Germany,Male,1,1,0,0.3693957,Low Risk,7576
676,27,4,0.0,1,107955.67,Spain,Male,1,0,0,0.41440976,Medium Risk,7577
615,43,3,86920.86,1,150048.37,Germany,Male,1,1,0,0.98289686,High Risk,7578
582,39,1,132077.48,2,192255.15,France,Female,0,1,0,0.98248553,High Risk,7579
601,40,10,127847.86,1,173245.68,France,Male,0,0,0,0.5692201,Medium Risk,7580
708,34,3,0.0,1,121457.88,France,Male,1,0,1,0.6729253,Medium Risk,7581
708,42,9,176702.36,2,104804.74,Germany,Male,1,1,0,0.99879104,High Risk,7582
797,33,10,83555.58,1,69767.14,Germany,Female,0,0,0,0.9838238,High Risk,7583
682,26,8,0.0,2,178373.43,France,Male,0,1,0,0.99648356,High Risk,7584
694,39,9,0.0,2,99924.04,Spain,Female,0,0,0,0.9073193,High Risk,7585
490,40,1,0.0,1,49594.19,France,Female,1,1,1,0.45216116,Medium Risk,7586
828,42,10,0.0,1,186071.14,Spain,Male,1,1,0,0.97172,High Risk,7587
594,38,7,96858.35,1,77511.45,Spain,Female,0,1,0,0.8617258,High Risk,7588
579,33,1,0.0,2,54816.57,Spain,Male,1,1,0,0.9605943,High Risk,7589
723,35,0,0.0,2,61290.99,France,Female,1,0,0,0.5697558,Medium Risk,7590
619,42,8,132796.04,3,191821.35,Germany,Female,1,1,1,0.7124025,High Risk,7591
794,30,1,154970.54,1,156768.45,Spain,Female,1,0,0,0.9852374,High Risk,7592
674,44,3,88902.21,1,73731.32,Germany,Male,0,1,0,0.97418165,High Risk,7593
418,28,7,98738.92,1,122190.22,France,Male,0,1,0,0.34777498,Low Risk,7594
502,33,8,0.0,2,123509.01,France,Male,1,1,0,0.99879324,High Risk,7595
678,50,6,0.0,1,8199.5,France,Female,0,1,0,0.6561557,Medium Risk,7596
599,40,10,137456.28,2,14113.11,Germany,Male,1,1,0,0.997682,High Risk,7597
736,29,4,0.0,2,51705.01,France,Male,0,0,0,0.9805135,High Risk,7598
430,60,7,73937.02,1,161937.62,France,Female,0,1,1,0.9805135,High Risk,7599
537,45,7,158621.04,1,120892.96,France,Female,0,1,1,0.84308463,High Risk,7600
683,30,1,113257.2,1,65035.02,Spain,Male,1,1,0,0.70963806,High Risk,7601
828,31,9,0.0,1,164257.37,France,Male,1,0,0,0.99421704,High Risk,7602
691,29,9,116536.43,1,51987.99,France,Female,0,1,0,0.99642366,High Risk,7603
608,28,4,0.0,2,10899.63,Spain,Female,0,1,1,0.9805135,High Risk,7604
691,60,6,101070.69,1,177355.8,France,Female,0,1,1,0.46466255,Medium Risk,7605
718,39,6,0.0,2,63889.1,Spain,Male,1,0,0,0.43826345,Medium Risk,7606
680,31,3,127331.46,3,176433.6,Germany,Female,1,1,0,0.9982937,High Risk,7607
838,41,5,0.0,2,81313.51,Spain,Female,0,1,0,0.7606518,High Risk,7608
695,31,5,0.0,2,13998.88,Spain,Female,1,0,0,0.98802,High Risk,7609
681,46,0,105969.42,1,5771.56,France,Male,0,1,0,0.67821443,Medium Risk,7610
762,36,5,119547.46,1,42693.65,France,Male,1,1,0,0.98171,High Risk,7611
751,38,7,0.0,2,90839.61,Spain,Male,0,0,0,0.6068107,Medium Risk,7612
678,28,5,138668.18,1,54144.01,Spain,Male,1,1,0,0.5783935,Medium Risk,7613
634,37,7,51582.5,2,184312.88,France,Female,1,1,0,0.99483573,High Risk,7614
749,37,7,0.0,2,20306.79,France,Male,0,1,0,0.34901834,Low Risk,7615
590,37,6,169902.92,1,128256.18,Spain,Male,1,1,0,0.98366064,High Risk,7616
610,27,4,87262.4,2,182720.07,France,Female,0,1,0,0.67388433,Medium Risk,7617
502,33,7,0.0,2,4082.52,France,Male,1,0,0,0.9993057,High Risk,7618
578,40,7,0.0,2,102233.73,France,Female,0,0,0,0.99545646,High Risk,7619
547,32,2,0.0,2,132002.83,France,Female,0,1,0,0.9961876,High Risk,7620
579,27,9,0.0,2,126838.7,France,Female,0,1,0,0.9934088,High Risk,7621
661,39,5,0.0,2,181461.46,France,Male,0,0,0,0.99563,High Risk,7622
794,46,6,0.0,2,195325.74,France,Male,0,1,0,0.8121555,High Risk,7623
719,61,5,0.0,2,29132.43,France,Male,1,0,0,0.9007995,High Risk,7624
728,69,1,0.0,2,131804.86,France,Female,1,1,0,0.4417942,Medium Risk,7625
598,19,3,150348.37,1,173784.04,Germany,Male,1,1,0,0.99595624,High Risk,7626
822,46,3,115074.02,2,26249.86,Germany,Female,0,1,0,0.4505659,Medium Risk,7627
670,40,3,0.0,1,182650.15,Spain,Female,1,1,0,0.99003196,High Risk,7628
850,28,8,99986.98,1,196582.55,France,Male,0,1,0,0.98596025,High Risk,7629
723,68,3,110357.0,1,141977.54,Germany,Female,0,0,1,0.67136395,Medium Risk,7630
705,42,8,166685.92,2,55313.51,Germany,Male,1,1,0,0.6049139,Medium Risk,7631
677,40,7,95312.8,1,62944.75,Spain,Male,1,1,0,0.98901844,High Risk,7632
736,43,4,202443.47,1,72375.03,France,Male,0,1,0,0.9903812,High Risk,7633
661,47,0,109493.62,1,188324.01,Germany,Female,0,0,1,0.67683434,Medium Risk,7634
501,38,9,88977.39,2,133403.07,Germany,Male,1,0,0,0.9805135,High Risk,7635
516,29,2,104982.57,1,157378.5,France,Female,0,1,0,0.9908222,High Risk,7636
517,59,8,154110.99,2,101240.08,Germany,Female,0,1,1,0.7174839,High Risk,7637
766,32,6,185714.28,1,102502.5,France,Male,1,1,0,0.802675,High Risk,7638
520,23,3,116022.53,2,37577.66,Germany,Female,1,1,0,0.6277947,Medium Risk,7639
541,46,6,0.0,2,83456.67,France,Male,1,1,0,0.98987305,High Risk,7640
790,34,2,164011.48,1,199420.41,Germany,Female,0,1,0,0.7559569,High Risk,7641
797,31,9,0.0,2,24748.89,France,Male,1,1,0,0.8153439,High Risk,7642
811,40,1,101514.89,1,121765.0,France,Male,1,1,0,0.4505659,Medium Risk,7643
722,32,4,0.0,2,113666.48,Spain,Female,1,1,0,0.9838238,High Risk,7644
675,28,9,0.0,1,134110.93,France,Male,0,1,0,0.9733847,High Risk,7645
660,39,9,134599.33,2,183095.87,Germany,Male,0,1,0,0.39078698,Low Risk,7646
566,32,10,147511.26,1,159891.03,Spain,Male,1,1,0,0.72794485,High Risk,7647
768,25,0,78396.08,1,8316.19,France,Male,1,1,0,0.9983962,High Risk,7648
610,31,5,0.0,2,63736.36,Spain,Female,0,0,0,0.75304174,High Risk,7649
715,31,3,110581.29,1,94715.24,France,Female,1,1,0,0.9886742,High Risk,7650
750,42,8,151836.36,2,68695.38,Germany,Male,0,1,0,0.99222285,High Risk,7651
431,45,5,83624.55,2,36899.62,Germany,Male,0,0,0,0.94892776,High Risk,7652
704,24,2,148197.15,2,182775.08,France,Male,0,1,0,0.99551624,High Risk,7653
535,30,5,122924.75,1,62390.59,Spain,Female,0,0,1,0.7966556,High Risk,7654
614,38,4,72594.0,1,76042.48,France,Female,1,1,0,0.8021578,High Risk,7655
748,38,4,115221.36,1,70956.75,France,Male,1,0,0,0.6729253,Medium Risk,7656
492,51,8,117808.74,2,67311.12,Germany,Male,1,1,0,0.48848805,Medium Risk,7657
573,40,7,147754.68,1,110454.46,France,Male,1,1,0,0.99397624,High Risk,7658
706,53,3,0.0,3,88479.02,Spain,Female,0,0,1,0.53327465,Medium Risk,7659
680,31,10,113292.17,1,122639.73,France,Male,1,1,0,0.9599864,High Risk,7660
458,36,5,0.0,2,79723.78,Spain,Male,0,1,0,0.6113413,Medium Risk,7661
612,44,2,115163.38,1,97677.52,Germany,Male,1,1,1,0.87434167,High Risk,7662
809,50,10,118098.62,1,100720.02,Germany,Male,1,1,1,0.4965977,Medium Risk,7663
590,39,9,0.0,2,104730.52,France,Male,1,1,0,0.542692,Medium Risk,7664
602,35,8,0.0,1,22499.29,France,Male,1,1,0,0.9799473,High Risk,7665
540,37,0,120825.7,1,28257.89,Spain,Male,0,1,0,0.5792172,Medium Risk,7666
494,25,6,0.0,2,109988.09,France,Male,1,0,0,0.9487407,High Risk,7667
797,29,1,0.0,1,149991.32,France,Male,1,0,0,0.6324989,Medium Risk,7668
526,61,6,133845.28,2,45180.8,Germany,Male,1,1,0,0.9599864,High Risk,7669
631,38,7,0.0,2,181605.85,Spain,Male,0,1,0,0.6562869,Medium Risk,7670
576,29,5,108541.04,1,126469.09,France,Female,1,1,0,0.9838238,High Risk,7671
405,39,10,0.0,1,160810.85,France,Male,0,1,1,0.9994561,High Risk,7672
555,30,1,0.0,2,88146.86,France,Male,0,0,0,0.98457503,High Risk,7673
750,37,2,113817.06,1,88333.74,Spain,Female,0,0,0,0.9882168,High Risk,7674
665,28,8,137300.23,1,90174.83,France,Male,0,1,0,0.96480376,High Risk,7675
640,37,5,158024.38,1,81298.09,Spain,Male,0,1,0,0.84432995,High Risk,7676
457,33,7,127837.54,1,60013.17,France,Female,1,0,0,0.9859346,High Risk,7677
695,36,4,161533.0,1,100940.91,France,Male,0,1,0,0.98959154,High Risk,7678
645,31,7,161171.7,2,12599.94,France,Male,0,1,1,0.39078698,Low Risk,7679
647,32,9,80958.36,1,128590.73,Spain,Male,1,1,0,0.7176554,High Risk,7680
808,25,7,0.0,2,23180.37,Spain,Male,1,0,0,0.5512504,Medium Risk,7681
641,33,2,146193.6,2,55796.83,France,Male,1,1,1,0.24048276,Low Risk,7682
700,29,8,0.0,2,152097.02,Spain,Male,1,0,0,0.6382677,Medium Risk,7683
660,26,4,115021.76,1,162443.05,Germany,Male,1,0,0,0.82755154,High Risk,7684
615,41,1,126773.43,1,55551.26,Spain,Male,1,1,0,0.7464134,High Risk,7685
705,40,3,92889.91,1,109496.69,Germany,Female,1,1,0,0.68425333,Medium Risk,7686
718,48,9,0.0,2,72105.63,France,Male,1,1,0,0.57582986,Medium Risk,7687
754,61,5,146622.35,1,41815.22,France,Male,1,1,1,0.9886742,High Risk,7688
713,45,4,131038.14,1,74005.04,Germany,Male,0,1,1,0.9953408,High Risk,7689
587,46,6,88820.29,1,70224.34,France,Female,0,0,0,0.9841561,High Risk,7690
569,31,1,115406.97,1,145528.22,Spain,Male,0,0,0,0.6710051,Medium Risk,7691
568,38,3,132951.92,1,124486.28,France,Female,1,0,0,0.9833017,High Risk,7692
634,74,5,108891.7,1,10078.02,Germany,Male,0,1,0,0.9892306,High Risk,7693
770,46,5,141788.63,2,164967.21,Germany,Female,0,0,0,0.40878165,Medium Risk,7694
676,64,4,116954.32,1,91149.48,Spain,Female,1,1,0,0.99512595,High Risk,7695
723,47,10,90450.0,2,103379.31,Germany,Female,0,0,1,0.5697558,Medium Risk,7696
614,39,8,125997.22,1,128049.34,Germany,Female,1,1,1,0.9972107,High Risk,7697
601,41,3,0.0,2,54342.83,Spain,Female,0,1,0,0.7146018,High Risk,7698
592,60,9,0.0,4,13614.01,France,Male,1,1,1,0.74129194,High Risk,7699
605,36,9,0.0,2,35521.63,Spain,Female,1,0,0,0.98991185,High Risk,7700
752,31,4,144637.86,2,40496.72,Spain,Female,0,1,0,0.9940217,High Risk,7701
677,29,3,86616.35,1,91903.9,France,Female,0,0,1,0.99379236,High Risk,7702
850,31,8,0.0,2,178667.7,France,Male,0,1,0,0.9797095,High Risk,7703
608,48,2,127924.25,2,32202.61,Germany,Female,0,1,0,0.9968844,High Risk,7704
786,34,9,0.0,2,117034.32,Spain,Female,0,1,0,0.6562869,Medium Risk,7705
777,29,9,131240.61,1,163746.09,France,Female,1,1,1,0.2780986,Low Risk,7706
667,31,5,0.0,2,20346.69,Spain,Male,1,1,0,0.9863305,High Risk,7707
848,35,5,120046.74,2,84710.65,Spain,Male,0,1,0,0.6710051,Medium Risk,7708
486,39,8,97819.36,1,120531.31,France,Female,1,0,0,0.50809276,Medium Risk,7709
598,64,1,62979.93,1,152273.57,Spain,Female,1,1,0,0.74590164,High Risk,7710
506,40,3,0.0,1,144345.58,France,Female,1,1,0,0.6729253,Medium Risk,7711
612,46,9,161450.03,1,96961.0,Germany,Male,1,1,1,0.9885787,High Risk,7712
545,30,3,0.0,2,170307.43,France,Male,0,1,0,0.9945714,High Risk,7713
793,56,8,119496.25,2,29880.99,France,Male,0,1,0,0.6734849,Medium Risk,7714
682,30,9,0.0,2,195104.91,France,Female,1,1,0,0.9859816,High Risk,7715
517,62,1,43772.66,3,187756.24,France,Male,0,1,1,0.82908934,High Risk,7716
684,32,9,100249.41,2,67599.69,France,Male,1,0,0,0.09324729,Low Risk,7717
692,46,2,0.0,2,105983.09,Spain,Male,1,1,0,0.99213976,High Risk,7718
740,60,5,108028.08,2,25980.42,France,Female,0,0,1,0.7476661,High Risk,7719
666,71,1,53013.29,2,112222.64,Germany,Male,1,1,0,0.65432227,Medium Risk,7720
693,68,2,0.0,2,59864.96,France,Male,1,1,0,0.9904633,High Risk,7721
757,33,1,122088.67,1,42581.09,Germany,Male,0,1,0,0.7205982,High Risk,7722
684,18,9,90544.0,1,4777.23,Germany,Male,1,0,0,0.2330935,Low Risk,7723
691,35,6,0.0,2,178038.17,Spain,Male,1,0,0,0.6273292,Medium Risk,7724
842,44,3,141252.18,4,128521.16,France,Male,1,0,1,0.98680854,High Risk,7725
482,35,5,147813.05,2,109029.72,France,Female,0,0,0,0.98884946,High Risk,7726
735,55,6,134140.68,1,2267.88,France,Male,0,1,0,0.9449375,High Risk,7727
681,63,7,0.0,2,55054.48,France,Female,1,1,0,0.9111656,High Risk,7728
616,31,8,0.0,1,76456.17,France,Female,1,0,0,0.99416476,High Risk,7729
850,35,2,128548.49,4,75478.95,France,Female,0,1,1,0.6294476,Medium Risk,7730
635,43,10,122198.21,2,179144.54,France,Male,1,0,0,0.968322,High Risk,7731
638,42,8,145177.84,1,193471.74,Germany,Male,0,1,1,0.9914681,High Risk,7732
820,31,2,94222.53,1,103570.8,Spain,Female,0,1,0,0.99572986,High Risk,7733
694,58,1,143212.22,1,102628.56,Germany,Female,0,0,1,0.99597067,High Risk,7734
713,41,3,0.0,2,55772.04,France,Male,0,1,0,0.48069128,Medium Risk,7735
543,41,6,143350.41,1,192070.16,Germany,Male,1,1,1,0.51192033,Medium Risk,7736
649,41,3,130931.83,1,144808.37,France,Female,1,1,0,0.99217457,High Risk,7737
777,30,4,137851.31,1,5008.23,France,Female,0,1,1,0.994922,High Risk,7738
561,33,6,0.0,2,173680.39,France,Male,0,0,0,0.2330935,Low Risk,7739
724,41,5,0.0,1,115753.94,Spain,Male,1,0,0,0.70076746,High Risk,7740
665,51,8,0.0,1,38928.48,Spain,Female,1,1,1,0.67156094,Medium Risk,7741
441,60,1,140614.15,1,174381.23,France,Male,1,0,0,0.6068107,Medium Risk,7742
579,22,3,118680.57,1,49829.8,Spain,Male,1,1,0,0.75976974,High Risk,7743
777,35,7,122917.69,1,76169.68,Germany,Male,1,1,0,0.999151,High Risk,7744
739,36,0,0.0,2,133465.57,France,Female,0,0,0,0.67821443,Medium Risk,7745
660,40,5,131754.11,2,38761.61,France,Male,1,1,0,0.6734849,Medium Risk,7746
554,35,8,0.0,2,176779.46,France,Female,1,1,0,0.96114486,High Risk,7747
850,24,6,0.0,2,13159.9,France,Female,1,1,0,0.99704665,High Risk,7748
842,35,9,119948.09,1,48217.97,Germany,Female,0,1,1,0.9987173,High Risk,7749
785,38,1,0.0,1,134964.85,France,Female,0,1,1,0.82119685,High Risk,7750
550,25,0,0.0,2,184221.11,France,Male,1,1,0,0.99792576,High Risk,7751
750,39,6,0.0,2,19264.33,Spain,Female,0,0,0,0.43738797,Medium Risk,7752
490,38,3,97266.1,1,92797.23,Spain,Female,1,1,0,0.98776245,High Risk,7753
605,28,10,113690.83,1,33114.24,Germany,Male,0,1,0,0.97172,High Risk,7754
563,42,6,99056.22,2,154347.95,Spain,Female,0,1,1,0.34777498,Low Risk,7755
675,34,8,0.0,2,184842.21,France,Male,1,1,0,0.43738797,Medium Risk,7756
621,36,7,116338.68,1,155743.48,Spain,Female,1,1,0,0.9143289,High Risk,7757
850,40,6,97339.99,1,88815.25,France,Male,1,0,0,0.43144652,Medium Risk,7758
711,41,3,0.0,2,193747.57,France,Male,1,1,0,0.86408526,High Risk,7759
549,55,1,137592.31,2,116548.02,Germany,Female,1,0,1,0.968322,High Risk,7760
764,34,6,108760.27,2,166324.79,Germany,Male,0,1,1,0.67136395,Medium Risk,7761
627,30,3,128770.88,2,40199.01,Germany,Male,1,1,0,0.99965143,High Risk,7762
850,34,2,0.0,2,51919.04,France,Female,0,0,0,0.53288674,Medium Risk,7763
614,36,1,44054.84,1,73329.08,Spain,Female,1,1,0,0.9737768,High Risk,7764
685,44,2,119657.53,1,145387.05,Germany,Female,0,1,1,0.9892306,High Risk,7765
683,49,7,108797.63,2,140763.18,Germany,Female,0,0,0,0.9859723,High Risk,7766
643,35,2,0.0,2,67979.35,Spain,Male,0,0,0,0.98229283,High Risk,7767
561,49,1,102025.32,1,133051.64,Germany,Female,0,1,1,0.9721239,High Risk,7768
601,20,9,122446.61,2,86791.9,Spain,Female,0,1,0,0.86235344,High Risk,7769
766,27,7,158786.67,2,47579.25,France,Female,1,0,0,0.4458471,Medium Risk,7770
699,29,3,125689.29,1,151623.71,France,Male,1,1,0,0.68767095,Medium Risk,7771
850,29,1,154640.41,1,164039.51,Germany,Male,1,1,0,0.99595624,High Risk,7772
792,50,4,146710.76,1,16528.4,Germany,Female,0,1,1,0.80812013,High Risk,7773
636,67,7,136709.35,1,66753.1,Germany,Male,1,0,1,0.88813996,High Risk,7774
850,43,5,129305.09,2,19244.58,Germany,Male,1,0,0,0.9440024,High Risk,7775
628,40,10,0.0,2,103832.58,Spain,Male,0,1,0,0.96294844,High Risk,7776
736,63,10,0.0,2,502.7,France,Female,1,0,0,0.8959899,High Risk,7777
711,21,0,82844.33,2,1408.68,France,Female,1,0,0,0.83285105,High Risk,7778
583,22,2,0.0,2,5985.36,Spain,Female,1,0,0,0.99884605,High Risk,7779
757,46,0,0.0,2,37460.05,France,Male,0,1,0,0.8686442,High Risk,7780
749,33,10,76692.22,1,30396.43,Germany,Female,1,0,0,0.9906632,High Risk,7781
705,34,7,117715.84,1,2498.67,France,Male,0,1,0,0.7317037,High Risk,7782
585,54,8,87105.32,1,55346.14,France,Male,1,1,0,0.9973182,High Risk,7783
437,43,6,0.0,1,148330.97,France,Female,0,1,1,0.7770031,High Risk,7784
741,64,2,69311.16,1,59237.72,France,Female,1,1,0,0.6356592,Medium Risk,7785
738,26,9,0.0,2,48644.94,France,Male,1,1,0,0.48190334,Medium Risk,7786
586,33,10,66948.67,2,140759.03,Spain,Female,1,1,0,0.74590164,High Risk,7787
627,57,9,0.0,2,107712.42,France,Female,1,1,0,0.16905706,Low Risk,7788
551,76,2,128410.71,2,181718.73,Spain,Male,1,1,0,0.99222285,High Risk,7789
606,38,3,99897.53,1,37054.65,Germany,Male,0,0,0,0.44150388,Medium Risk,7790
674,22,3,0.0,1,173940.59,France,Male,1,1,0,0.99231756,High Risk,7791
584,31,6,152622.34,1,99298.8,Germany,Female,0,1,0,0.99597067,High Risk,7792
590,40,8,0.0,2,62933.03,France,Male,0,1,0,0.675856,Medium Risk,7793
585,56,4,138227.19,2,55287.84,France,Male,1,1,0,0.8396498,High Risk,7794
508,25,2,111395.53,1,48197.06,France,Female,1,0,0,0.968322,High Risk,7795
458,44,7,84386.57,1,178642.73,Germany,Male,0,1,0,0.86725354,High Risk,7796
692,36,3,0.0,2,8282.22,France,Female,1,1,0,0.9853935,High Risk,7797
502,33,5,174673.65,2,33300.56,Germany,Male,0,1,0,0.994829,High Risk,7798
518,46,3,0.0,2,76515.79,France,Male,0,1,0,0.67136395,Medium Risk,7799
660,46,5,109019.65,2,33680.56,Germany,Male,1,1,0,0.98229283,High Risk,7800
698,52,1,107906.75,1,168886.39,Germany,Female,0,1,1,0.97911686,High Risk,7801
678,54,7,128914.97,1,191746.23,France,Male,0,0,1,0.36722386,Low Risk,7802
773,63,9,111179.83,1,93091.02,Spain,Male,1,1,0,0.9956981,High Risk,7803
619,52,8,124099.13,1,23904.52,Germany,Female,0,0,0,0.75101656,High Risk,7804
684,59,9,122471.09,1,15807.07,Germany,Male,1,0,0,0.6797588,Medium Risk,7805
635,34,3,134692.4,2,83773.02,France,Male,1,1,0,0.80930644,High Risk,7806
680,25,4,123816.5,1,90162.35,France,Female,1,1,0,0.67136395,Medium Risk,7807
608,34,3,106288.54,1,36639.25,Germany,Male,1,1,0,0.9798269,High Risk,7808
603,55,7,127723.25,2,139469.11,Germany,Female,0,1,1,0.29072845,Low Risk,7809
579,43,2,145843.82,1,198402.37,Spain,Male,1,1,1,0.98596025,High Risk,7810
756,34,2,148200.72,1,194584.48,Germany,Female,0,0,0,0.97911686,High Risk,7811
611,30,2,104145.65,1,159629.64,France,Male,0,0,0,0.9934915,High Risk,7812
532,24,8,142755.25,1,34231.48,Germany,Male,0,0,0,0.9906583,High Risk,7813
684,63,3,81245.79,1,69643.31,Germany,Female,0,1,1,0.99512595,High Risk,7814
647,33,3,168560.46,2,90270.16,Germany,Female,0,0,0,0.99598926,High Risk,7815
583,38,8,0.0,1,47848.56,France,Male,0,1,0,0.2942497,Low Risk,7816
774,42,2,132193.94,2,162865.52,Germany,Male,1,1,0,0.5692201,Medium Risk,7817
677,58,9,0.0,1,168650.4,France,Male,1,0,0,0.9934915,High Risk,7818
542,25,8,139330.1,1,54372.37,Germany,Male,0,0,0,0.64782757,Medium Risk,7819
613,29,0,0.0,2,133897.32,Spain,Male,1,0,0,0.9885787,High Risk,7820
666,40,5,0.0,2,147878.05,France,Male,0,1,0,0.7034939,High Risk,7821
777,28,2,134571.5,1,118313.38,France,Female,1,0,0,0.9322883,High Risk,7822
581,50,2,143829.2,2,181224.24,Germany,Male,0,1,1,0.9926664,High Risk,7823
705,32,7,0.0,2,7921.57,France,Male,0,1,0,0.778486,High Risk,7824
673,44,8,133444.97,1,5708.19,France,Female,1,0,0,0.9922633,High Risk,7825
594,23,4,104753.84,2,56756.52,Germany,Female,0,1,1,0.9894258,High Risk,7826
648,51,2,116574.84,1,4121.04,Germany,Female,0,1,1,0.6735987,Medium Risk,7827
605,41,10,0.0,2,97213.09,France,Male,1,0,0,0.7387854,High Risk,7828
734,40,9,176914.8,1,12799.23,France,Female,1,1,0,0.8433964,High Risk,7829
572,36,8,68348.18,2,50400.32,France,Female,1,0,0,0.81989306,High Risk,7830
595,33,9,0.0,2,41447.86,France,Female,1,1,0,0.3900592,Low Risk,7831
749,42,2,56726.83,2,185543.35,France,Male,1,0,0,0.4366757,Medium Risk,7832
573,46,3,65269.23,1,189988.65,Spain,Male,1,0,1,0.54814494,Medium Risk,7833
624,33,6,66220.17,1,170819.01,Spain,Male,1,0,0,0.997682,High Risk,7834
703,56,9,0.0,1,85547.33,France,Male,0,0,1,0.9805135,High Risk,7835
665,41,8,96147.55,1,137037.97,France,Female,0,1,0,0.99483573,High Risk,7836
648,42,4,0.0,2,19283.14,France,Male,0,1,0,0.9886706,High Risk,7837
850,48,2,0.0,1,169425.3,Spain,Male,0,1,1,0.6130632,Medium Risk,7838
569,32,8,145330.43,1,132038.65,Germany,Female,1,1,0,0.90382326,High Risk,7839
566,21,3,0.0,2,3626.47,France,Female,1,1,0,0.7450699,High Risk,7840
537,47,4,124192.28,2,50881.51,Germany,Female,1,1,0,0.5697558,Medium Risk,7841
706,46,7,111288.18,1,149170.25,Germany,Female,1,1,1,0.97911686,High Risk,7842
734,43,7,107805.67,1,182505.68,France,Male,0,0,0,0.9798269,High Risk,7843
586,36,5,103700.69,1,194072.56,Germany,Female,0,1,1,0.90802205,High Risk,7844
612,38,1,0.0,2,9209.21,France,Female,1,1,0,0.85029644,High Risk,7845
648,34,0,0.0,1,167931.81,France,Male,1,1,0,0.6147775,Medium Risk,7846
557,27,3,87739.08,1,123096.56,France,Female,1,1,0,0.7463421,High Risk,7847
643,20,0,133313.34,1,3965.69,Spain,Female,1,1,0,0.8671039,High Risk,7848
433,49,10,0.0,1,87711.61,France,Female,1,1,0,0.67136395,Medium Risk,7849
643,41,7,154902.66,1,49667.28,Germany,Male,1,1,0,0.9985227,High Risk,7850
488,36,0,0.0,2,136675.22,France,Female,0,1,0,0.9853935,High Risk,7851
758,68,6,112595.85,1,35865.44,Germany,Male,0,1,1,0.75101656,High Risk,7852
743,39,3,119695.75,1,26136.13,Germany,Male,1,0,0,0.99878305,High Risk,7853
730,47,7,0.0,1,33373.26,France,Female,0,1,1,0.40349913,Medium Risk,7854
746,49,7,0.0,2,10096.25,Spain,Male,1,0,0,0.5697558,Medium Risk,7855
666,59,8,152614.51,2,188782.3,Germany,Female,1,1,0,0.9959229,High Risk,7856
580,33,7,131647.01,2,79775.19,Germany,Female,0,0,0,0.99327314,High Risk,7857
850,27,6,96654.72,2,152740.16,France,Male,0,0,0,0.71147746,High Risk,7858
563,22,3,137583.04,1,5791.85,France,Male,1,0,0,0.72636217,High Risk,7859
766,28,3,62717.84,2,13182.43,Germany,Female,1,1,0,0.6294476,Medium Risk,7860
659,32,9,95377.13,1,187551.24,France,Male,1,0,0,0.46366137,Medium Risk,7861
607,28,1,135936.1,2,110560.14,Spain,Male,1,1,0,0.7255311,High Risk,7862
644,35,5,161591.11,3,63795.62,Germany,Male,1,1,0,0.7317037,High Risk,7863
746,47,8,142382.03,1,62086.62,France,Male,1,1,0,0.18624507,Low Risk,7864
588,33,2,0.0,2,12483.56,Spain,Male,1,1,0,0.3221762,Low Risk,7865
691,30,9,0.0,2,10963.04,Spain,Male,1,0,0,0.7027262,High Risk,7866
666,38,6,127043.09,1,8247.0,France,Female,1,1,0,0.4505659,Medium Risk,7867
640,46,3,0.0,1,156260.08,Spain,Female,1,1,0,0.72636217,High Risk,7868
611,29,4,78885.88,2,26927.69,Germany,Female,1,1,0,0.97172,High Risk,7869
651,45,8,95922.9,1,84782.42,Spain,Female,0,1,1,0.9982835,High Risk,7870
529,29,8,0.0,2,19842.11,France,Female,0,1,0,0.75304174,High Risk,7871
676,36,3,91711.59,1,95393.43,France,Female,1,1,0,0.5697558,Medium Risk,7872
639,46,10,110031.09,2,133995.59,Germany,Female,1,1,0,0.7889046,High Risk,7873
782,36,5,81210.72,2,108003.38,France,Male,1,0,0,0.6729253,Medium Risk,7874
641,32,5,122947.92,1,99154.86,Germany,Male,1,1,0,0.9921774,High Risk,7875
697,38,1,182065.85,1,49503.5,France,Female,0,1,0,0.9971373,High Risk,7876
623,45,0,0.0,1,196533.72,France,Male,0,1,1,0.9393093,High Risk,7877
494,41,2,69974.66,2,188426.13,Spain,Female,0,1,1,0.98366064,High Risk,7878
731,38,10,123711.73,2,171340.68,France,Female,0,1,1,0.98901844,High Risk,7879
657,44,6,76495.04,1,79071.89,France,Male,0,1,0,0.9990134,High Risk,7880
744,38,9,0.0,2,20940.76,France,Female,0,0,0,0.33265364,Low Risk,7881
774,46,9,0.0,2,34774.26,Spain,Male,1,1,0,0.99744225,High Risk,7882
850,45,1,121874.89,1,6865.41,Germany,Female,0,0,1,0.8662853,High Risk,7883
551,45,6,0.0,2,51143.43,France,Female,1,1,0,0.99042845,High Risk,7884
638,36,6,188455.19,1,47031.4,France,Male,0,0,1,0.99518716,High Risk,7885
792,42,0,99045.93,2,47160.01,France,Female,0,1,0,0.78221333,High Risk,7886
666,36,8,0.0,1,158666.99,France,Female,1,0,0,0.99357104,High Risk,7887
716,30,2,205770.78,2,65464.66,Germany,Female,0,0,0,0.99296606,High Risk,7888
594,31,0,79340.95,1,78255.86,France,Female,0,1,0,0.6729253,Medium Risk,7889
600,57,9,138456.03,2,103548.25,Germany,Male,1,1,0,0.6277947,Medium Risk,7890
565,49,7,0.0,2,89609.26,France,Male,1,1,0,0.44086578,Medium Risk,7891
678,48,2,101099.9,2,193476.04,Germany,Male,1,0,0,0.6460302,Medium Risk,7892
648,31,5,0.0,2,5199.02,Spain,Female,1,1,0,0.98901844,High Risk,7893
642,40,8,109219.83,1,52827.51,France,Male,0,1,0,0.7919671,High Risk,7894
706,67,1,123276.69,2,86507.88,Germany,Male,1,1,1,0.39078698,Low Risk,7895
668,43,10,113034.31,1,100423.88,Spain,Male,1,1,0,0.9915633,High Risk,7896
635,41,1,0.0,2,175611.5,Spain,Male,0,1,0,0.58604234,Medium Risk,7897
603,30,6,129548.5,2,19282.85,Spain,Male,1,1,0,0.8001341,High Risk,7898
635,72,4,74812.84,1,27448.33,France,Female,1,0,0,0.9973182,High Risk,7899
642,40,7,0.0,2,183963.34,France,Female,0,1,0,0.99903417,High Risk,7900
785,54,1,0.0,2,45113.92,Spain,Female,0,1,1,0.9908222,High Risk,7901
628,28,3,153538.13,2,110776.01,Germany,Female,0,1,0,0.78221333,High Risk,7902
499,38,9,0.0,2,183042.2,France,Female,1,0,0,0.17598248,Low Risk,7903
567,34,10,0.0,2,161571.79,Spain,Male,1,0,0,0.62754667,Medium Risk,7904
449,32,0,155619.36,1,166692.03,Spain,Male,1,1,0,0.45180386,Medium Risk,7905
701,35,10,159693.9,2,71173.64,Spain,Male,1,1,0,0.63597995,Medium Risk,7906
613,37,3,171653.17,1,5353.12,Spain,Male,1,0,0,0.6300975,Medium Risk,7907
683,39,2,47685.47,2,86019.48,Germany,Female,1,1,0,0.7459995,High Risk,7908
581,35,4,0.0,2,86383.82,France,Male,1,0,0,0.99700266,High Risk,7909
620,61,5,0.0,1,31641.52,France,Male,0,0,1,0.4097997,Medium Risk,7910
561,28,6,123692.0,1,70548.96,Spain,Male,1,1,0,0.7200286,High Risk,7911
558,26,1,148853.29,2,24411.02,Germany,Male,1,1,0,0.5204896,Medium Risk,7912
642,35,2,133161.95,1,122254.86,France,Male,1,0,0,0.98971915,High Risk,7913
805,24,6,143221.35,2,186035.72,Germany,Male,0,1,0,0.7261403,High Risk,7914
687,35,9,0.0,2,73133.82,France,Male,1,0,0,0.9915633,High Risk,7915
695,56,1,0.0,3,187734.49,Spain,Male,0,1,1,0.99119097,High Risk,7916
562,33,6,0.0,2,111590.35,France,Male,0,1,0,0.9942947,High Risk,7917
613,38,9,126265.88,2,15859.95,Germany,Male,0,0,0,0.99597067,High Risk,7918
589,37,5,0.0,1,61324.87,France,Male,0,1,0,0.39078698,Low Risk,7919
593,31,8,112713.34,1,176868.89,Spain,Male,1,1,0,0.7593675,High Risk,7920
714,34,5,141173.03,1,98896.06,France,Male,1,0,0,0.515984,Medium Risk,7921
588,35,7,0.0,2,108739.15,Spain,Female,1,1,0,0.981616,High Risk,7922
679,39,6,0.0,2,12266.06,Spain,Male,0,1,0,0.34901834,Low Risk,7923
730,38,5,118866.36,1,163317.5,Spain,Male,1,1,0,0.54061526,Medium Risk,7924
833,47,2,0.0,2,182247.77,France,Male,1,1,0,0.36557052,Low Risk,7925
586,33,7,0.0,2,168261.4,Spain,Female,1,1,0,0.97172,High Risk,7926
567,54,5,92316.31,2,158590.66,Spain,Female,0,1,1,0.99052995,High Risk,7927
637,30,1,122185.53,1,102566.46,Germany,Male,0,1,1,0.9692657,High Risk,7928
711,38,4,123345.85,1,141827.83,France,Male,0,1,0,0.9919624,High Risk,7929
828,30,4,73070.18,2,161671.15,France,Male,0,0,0,0.97662234,High Risk,7930
500,38,7,0.0,2,192013.23,Spain,Male,0,0,0,0.98959446,High Risk,7931
807,47,1,95120.59,1,127875.1,France,Male,0,0,0,0.9957995,High Risk,7932
850,40,8,102800.65,1,60811.56,France,Male,0,1,0,0.8619796,High Risk,7933
782,70,7,97072.42,1,131177.22,France,Female,1,0,0,0.39078698,Low Risk,7934
629,31,6,132876.55,1,130862.11,Spain,Male,1,1,0,0.3367162,Low Risk,7935
582,33,6,0.0,2,72970.93,Spain,Male,1,0,0,0.9932114,High Risk,7936
468,22,2,0.0,2,28123.99,France,Male,0,1,0,0.9885787,High Risk,7937
670,36,3,0.0,1,140754.19,France,Male,0,1,1,0.99748564,High Risk,7938
805,39,2,0.0,1,166650.32,France,Male,0,0,0,0.9881341,High Risk,7939
720,26,10,51962.91,2,45507.24,France,Male,0,1,0,0.9951373,High Risk,7940
781,29,6,98759.89,1,112202.64,Spain,Female,0,0,0,0.6096566,Medium Risk,7941
592,33,2,156570.86,1,37140.2,Germany,Male,1,1,0,0.8160334,High Risk,7942
542,42,1,0.0,1,178256.58,France,Female,1,1,1,0.9897314,High Risk,7943
532,42,1,159024.71,1,100982.93,France,Male,0,1,1,0.6996476,Medium Risk,7944
520,39,1,73493.17,1,109626.13,France,Female,1,0,1,0.8671039,High Risk,7945
759,45,8,0.0,2,99251.24,France,Female,1,1,0,0.9805135,High Risk,7946
473,35,6,69617.36,1,143345.69,France,Female,0,1,0,0.98991185,High Risk,7947
639,35,5,136526.26,2,59653.03,Spain,Female,0,1,0,0.5886625,Medium Risk,7948
705,25,3,113736.27,1,196864.61,France,Male,1,0,0,0.9847254,High Risk,7949
530,52,1,106723.28,1,109960.4,France,Male,0,0,1,0.6130632,Medium Risk,7950
516,33,10,138847.9,1,127256.7,Germany,Female,1,1,0,0.9996805,High Risk,7951
850,40,0,0.0,2,1099.95,France,Female,0,1,0,0.3736232,Low Risk,7952
746,33,2,107868.14,2,146192.4,Germany,Female,1,1,0,0.9853935,High Risk,7953
622,33,3,96926.12,2,48553.77,Germany,Male,0,1,0,0.98248553,High Risk,7954
743,30,7,77599.23,1,144407.1,France,Male,0,0,0,0.48069128,Medium Risk,7955
732,38,5,178787.54,1,195760.53,Germany,Male,1,1,0,0.8673001,High Risk,7956
850,81,5,0.0,2,44827.47,France,Male,1,1,0,0.908714,High Risk,7957
850,34,3,129668.43,2,88743.99,Germany,Female,1,1,0,0.6797588,Medium Risk,7958
686,34,6,146178.13,2,88837.11,France,Male,1,1,0,0.99905926,High Risk,7959
556,40,8,0.0,2,62112.7,France,Female,0,1,0,0.9934088,High Risk,7960
673,37,4,0.0,2,163563.07,France,Male,0,0,0,0.6192726,Medium Risk,7961
809,38,2,154763.21,2,174800.31,France,Female,1,1,0,0.80863744,High Risk,7962
634,56,3,116251.24,1,42429.88,Germany,Female,1,0,1,0.6277947,Medium Risk,7963
630,37,6,0.0,2,82647.65,France,Male,1,1,0,0.9903812,High Risk,7964
564,30,0,100954.88,2,134175.15,Germany,Female,0,0,0,0.98844004,High Risk,7965
625,51,4,124620.01,2,92243.94,France,Female,0,1,1,0.6460302,Medium Risk,7966
677,34,4,0.0,2,6175.53,Spain,Female,1,1,0,0.99198747,High Risk,7967
583,40,9,112701.04,1,29213.63,France,Male,0,0,0,0.7432952,High Risk,7968
592,45,8,84692.5,1,67214.02,Spain,Male,1,0,0,0.9589658,High Risk,7969
637,49,2,108204.52,1,169037.84,Germany,Male,0,1,1,0.75047266,High Risk,7970
850,30,6,86449.39,1,188809.23,France,Male,1,1,0,0.3367162,Low Risk,7971
633,42,10,0.0,1,79408.17,Spain,Male,1,0,0,0.7255311,High Risk,7972
751,36,5,73194.99,1,89222.66,Germany,Male,1,1,0,0.9878477,High Risk,7973
592,31,7,124593.23,1,86079.67,Germany,Male,0,1,0,0.54942954,Medium Risk,7974
716,50,2,119655.77,1,12944.17,Germany,Male,1,1,1,0.41440976,Medium Risk,7975
641,42,3,121765.37,2,166516.84,Germany,Male,1,1,0,0.9919624,High Risk,7976
849,35,4,110837.73,1,126419.8,France,Male,0,0,0,0.50345665,Medium Risk,7977
647,47,10,99835.17,1,89103.05,Spain,Male,1,0,0,0.9662343,High Risk,7978
608,30,2,91057.37,2,132973.17,Germany,Female,0,1,0,0.99828124,High Risk,7979
555,26,7,0.0,2,93122.41,France,Female,0,1,0,0.9797055,High Risk,7980
497,27,7,149400.27,1,167522.19,Spain,Male,0,0,0,0.98574764,High Risk,7981
599,38,9,89111.63,1,157239.6,Germany,Male,0,0,0,0.9317577,High Risk,7982
545,33,1,132527.9,2,107429.71,Germany,Male,1,0,0,0.99421704,High Risk,7983
774,36,9,114997.42,1,75304.09,France,Female,0,1,0,0.9692657,High Risk,7984
464,46,6,161798.53,1,182944.47,France,Male,0,1,0,0.6099675,Medium Risk,7985
696,27,2,96129.32,2,5983.7,Germany,Female,1,1,0,0.97662234,High Risk,7986
667,45,3,0.0,2,163655.01,Spain,Male,0,0,0,0.9957995,High Risk,7987
812,32,5,133050.97,2,89385.92,France,Male,0,1,0,0.5867379,Medium Risk,7988
516,51,8,120124.35,2,168773.54,France,Male,1,0,0,0.99702376,High Risk,7989
645,39,8,0.0,2,96864.36,France,Male,0,0,0,0.9758152,High Risk,7990
664,32,5,133705.74,1,134455.84,Spain,Male,0,0,0,0.9972236,High Risk,7991
427,39,9,0.0,2,28368.37,Spain,Female,0,1,0,0.9973182,High Risk,7992
685,40,7,0.0,2,103898.59,France,Female,0,1,0,0.9930889,High Risk,7993
585,33,4,152805.05,1,63239.65,France,Female,0,1,0,0.6970925,Medium Risk,7994
519,21,1,151701.45,3,170138.68,Germany,Female,1,1,1,0.97236854,High Risk,7995
708,67,1,0.0,2,3837.08,France,Female,1,0,0,0.80930644,High Risk,7996
717,22,5,112465.06,1,92977.75,France,Female,1,1,0,0.9733847,High Risk,7997
465,24,6,156007.09,1,191368.37,Germany,Male,0,1,0,0.9926674,High Risk,7998
829,28,3,132405.52,3,104889.2,Germany,Male,0,1,1,0.9976342,High Risk,7999
826,26,5,142662.68,1,60285.3,France,Male,0,0,0,0.5254974,Medium Risk,8000
747,36,8,102603.3,2,180693.61,Germany,Male,1,1,0,0.9440024,High Risk,8001
707,32,9,0.0,2,126475.79,Spain,Male,0,1,0,0.9951374,High Risk,8002
590,37,1,0.0,2,133535.99,Spain,Male,0,0,0,0.34901834,Low Risk,8003
603,57,6,105000.85,2,87412.24,Spain,Male,1,1,1,0.43144652,Medium Risk,8004
615,45,5,0.0,2,164886.64,France,Male,1,1,0,0.98289686,High Risk,8005
634,36,1,69518.95,1,116238.39,France,Female,0,1,0,0.48069128,Medium Risk,8006
716,41,8,126145.54,2,138051.19,Germany,Male,1,1,0,0.6797588,Medium Risk,8007
647,41,4,138937.35,1,101617.64,France,Male,1,1,1,0.9939177,High Risk,8008
591,44,10,113581.98,1,1985.41,Germany,Female,0,1,0,0.9847254,High Risk,8009
574,34,1,112572.39,1,165626.6,France,Male,0,0,0,0.968322,High Risk,8010
467,51,10,114514.71,2,177784.68,Germany,Male,0,1,1,0.8316187,High Risk,8011
701,35,2,0.0,2,65765.22,France,Female,1,1,0,0.81989306,High Risk,8012
747,34,10,0.0,2,50759.8,France,Female,1,1,0,0.9692657,High Risk,8013
650,32,2,84906.45,1,163216.48,France,Male,0,1,0,0.43299523,Medium Risk,8014
731,39,2,126816.18,1,74850.93,Spain,Female,1,1,0,0.75196683,High Risk,8015
638,26,1,105249.76,2,23491.09,Germany,Female,1,1,0,0.9339267,High Risk,8016
569,41,2,0.0,2,134272.57,Spain,Male,0,1,0,0.968322,High Risk,8017
459,50,5,109387.9,1,155721.15,Germany,Male,0,1,0,0.9733847,High Risk,8018
632,23,3,122478.51,1,147230.77,Germany,Male,0,1,1,0.6147775,Medium Risk,8019
683,73,8,137732.23,2,133210.44,France,Female,1,1,0,0.8263046,High Risk,8020
850,46,2,157866.77,1,18986.12,France,Female,1,1,0,0.8671039,High Risk,8021
512,41,6,0.0,1,100507.81,France,Female,1,1,0,0.9930889,High Risk,8022
616,31,3,136789.14,1,59346.4,France,Female,0,1,1,0.9495825,High Risk,8023
664,36,1,0.0,2,95372.64,France,Male,1,1,0,0.71604556,High Risk,8024
694,30,10,144684.03,1,31805.49,France,Male,1,1,0,0.7332601,High Risk,8025
655,24,9,107065.31,1,51959.82,France,Male,1,1,0,0.7093204,High Risk,8026
607,33,8,91301.72,1,130824.57,France,Female,1,0,0,0.9758152,High Risk,8027
684,39,4,207034.96,2,157694.76,Spain,Male,0,0,1,0.36044207,Low Risk,8028
763,37,8,0.0,2,933.38,Spain,Male,1,1,0,0.40349913,Medium Risk,8029
671,50,8,0.0,1,2560.11,Spain,Male,1,0,0,0.27978507,Low Risk,8030
592,38,3,0.0,1,12905.89,Spain,Male,1,1,1,0.9920753,High Risk,8031
666,36,6,0.0,2,176692.87,Spain,Female,0,1,0,0.43144652,Medium Risk,8032
667,34,5,0.0,2,102908.63,France,Male,1,1,0,0.75945175,High Risk,8033
850,36,6,0.0,2,41291.05,Spain,Male,1,0,0,0.9599864,High Risk,8034
622,42,9,0.0,2,119127.06,Spain,Male,0,1,0,0.7093204,High Risk,8035
577,30,8,92472.1,2,126434.61,France,Female,1,0,0,0.9956547,High Risk,8036
555,21,1,0.0,2,103901.35,Spain,Male,0,0,0,0.64135605,Medium Risk,8037
547,62,10,127738.75,2,85153.0,France,Male,1,1,0,0.9918955,High Risk,8038
613,50,5,101242.98,2,12493.61,Germany,Female,0,1,0,0.5783935,Medium Risk,8039
672,43,4,92599.55,2,167336.78,France,Female,1,1,0,0.5008387,Medium Risk,8040
624,36,10,0.0,2,186180.42,Spain,Female,1,0,0,0.9959025,High Risk,8041
698,50,1,0.0,4,88566.9,Spain,Female,0,1,1,0.97911686,High Risk,8042
606,37,6,82373.94,1,172526.9,France,Male,0,0,1,0.9758152,High Risk,8043
720,31,4,141356.47,1,137985.69,Spain,Male,0,0,0,0.99670225,High Risk,8044
835,23,9,0.0,1,19793.73,France,Male,0,1,1,0.3727911,Low Risk,8045
771,47,3,72664.0,2,107874.39,Spain,Female,1,1,0,0.9934012,High Risk,8046
811,47,3,123365.34,2,171995.34,France,Female,0,0,0,0.9886742,High Risk,8047
734,33,5,121898.58,1,61829.89,Germany,Male,0,1,0,0.33368382,Low Risk,8048
548,33,6,0.0,1,31728.35,Spain,Male,1,1,0,0.9778137,High Risk,8049
652,31,3,103696.97,3,155221.05,France,Female,0,0,1,0.9888636,High Risk,8050
707,33,2,0.0,2,130866.95,France,Male,0,0,0,0.81200343,High Risk,8051
605,56,1,74129.18,2,62199.78,Germany,Female,1,1,1,0.9982835,High Risk,8052
623,34,9,0.0,1,24255.21,France,Female,0,1,0,0.9886742,High Risk,8053
686,29,3,185379.02,1,64679.07,Germany,Male,0,1,0,0.9919551,High Risk,8054
525,47,1,118087.68,1,88120.78,Germany,Female,0,1,1,0.6049139,Medium Risk,8055
657,41,8,109402.13,1,66463.62,Spain,Male,1,1,0,0.99321705,High Risk,8056
730,33,7,130367.87,1,15142.1,Germany,Female,0,1,1,0.99395615,High Risk,8057
816,34,2,108410.87,2,102908.91,Germany,Female,0,1,0,0.9867313,High Risk,8058
484,50,2,90408.16,2,48170.57,France,Female,0,0,0,0.7027262,High Risk,8059
728,34,6,90425.15,2,11597.69,France,Female,1,1,0,0.97172,High Risk,8060
730,39,6,140094.59,1,172450.04,Spain,Female,0,1,1,0.17598248,Low Risk,8061
477,31,9,0.0,2,184061.17,Spain,Male,1,0,0,0.6952937,Medium Risk,8062
663,46,6,95439.4,1,21038.58,Germany,Female,1,1,1,0.9854952,High Risk,8063
549,34,6,204017.4,2,109538.35,Germany,Male,0,1,0,0.9440024,High Risk,8064
714,29,9,0.0,2,129192.55,Spain,Male,0,1,0,0.9589658,High Risk,8065
430,49,3,137115.16,1,146516.86,Germany,Male,0,1,1,0.968322,High Risk,8066
504,43,5,134740.19,2,181430.91,Germany,Male,0,1,0,0.9978071,High Risk,8067
530,29,5,0.0,2,121451.21,France,Female,0,0,0,0.595922,Medium Risk,8068
619,29,4,98955.87,1,131712.51,Germany,Male,1,0,0,0.9853935,High Risk,8069
617,44,9,49157.09,2,53294.17,Germany,Male,0,1,0,0.9973398,High Risk,8070
791,31,1,130240.33,1,96546.55,Germany,Male,0,0,0,0.74957263,High Risk,8071
609,48,1,108019.27,3,184524.65,France,Male,1,1,1,0.9589658,High Risk,8072
780,51,4,126725.25,1,195259.31,Germany,Male,0,1,1,0.5697558,Medium Risk,8073
777,34,5,96693.66,1,172618.52,Germany,Female,1,1,0,0.91458404,High Risk,8074
817,27,7,129810.6,1,59259.44,Germany,Female,1,1,0,0.996342,High Risk,8075
850,58,8,156652.13,1,25899.21,France,Male,0,0,1,0.9990134,High Risk,8076
732,36,9,0.0,1,3749.0,France,Female,0,0,1,0.6797588,Medium Risk,8077
693,40,4,130661.96,1,101918.96,France,Male,1,1,0,0.89342475,High Risk,8078
576,50,8,0.0,2,57802.62,France,Female,1,1,0,0.9934088,High Risk,8079
643,37,6,0.0,2,142454.77,France,Male,0,0,0,0.9601767,High Risk,8080
757,47,3,130747.1,1,143829.54,France,Male,0,1,0,0.8221373,High Risk,8081
569,30,6,106629.49,1,44114.88,Germany,Male,1,0,0,0.34901834,Low Risk,8082
772,36,3,112029.83,1,186948.35,Spain,Male,1,1,0,0.6382677,Medium Risk,8083
576,29,7,130575.26,1,173629.78,Germany,Male,1,0,0,0.6324989,Medium Risk,8084
608,28,4,96679.71,1,49133.45,Germany,Male,1,1,0,0.9988115,High Risk,8085
794,33,0,0.0,2,178122.71,France,Male,0,0,0,0.9916066,High Risk,8086
593,50,6,171740.69,1,20893.61,France,Male,0,0,0,0.9970294,High Risk,8087
597,38,1,0.0,2,41303.29,Spain,Male,0,1,0,0.6130632,Medium Risk,8088
541,39,9,100116.67,1,199808.1,Germany,Female,1,1,1,0.595922,Medium Risk,8089
692,24,2,120596.93,1,180490.53,Germany,Male,1,0,0,0.92683375,High Risk,8090
697,48,1,0.0,2,87400.53,France,Female,1,1,0,0.5751287,Medium Risk,8091
768,29,2,95984.69,2,73686.75,France,Male,1,1,0,0.8153439,High Risk,8092
802,38,1,142557.11,1,172497.73,France,Male,1,1,0,0.994829,High Risk,8093
584,47,5,0.0,2,89286.29,France,Male,0,1,0,0.20978531,Low Risk,8094
614,66,2,0.0,2,180082.7,Spain,Male,1,0,0,0.9969055,High Risk,8095
850,36,6,143644.16,1,22102.25,Germany,Female,0,1,1,0.85346913,High Risk,8096
671,38,6,132129.72,1,76068.95,France,Female,1,0,0,0.999405,High Risk,8097
626,52,0,0.0,2,32159.46,France,Female,0,1,1,0.98281556,High Risk,8098
770,68,2,183555.24,1,159557.28,France,Female,0,0,1,0.3007739,Low Risk,8099
633,38,2,91902.56,2,107673.35,France,Male,1,1,0,0.75807047,High Risk,8100
663,40,6,156218.19,1,33607.72,France,Male,1,0,0,0.9798269,High Risk,8101
581,43,5,93259.57,3,141035.65,Germany,Female,0,1,1,0.71487874,High Risk,8102
561,45,2,168085.38,2,115719.08,Germany,Female,1,0,0,0.9894092,High Risk,8103
479,51,1,107714.74,3,86128.21,Germany,Male,0,1,1,0.98366064,High Risk,8104
769,31,6,117852.26,2,147668.64,France,Female,0,1,0,0.9599864,High Risk,8105
659,60,2,0.0,1,177480.45,Spain,Male,0,1,1,0.43738797,Medium Risk,8106
590,51,10,84474.62,2,190937.09,Spain,Female,1,1,0,0.994829,High Risk,8107
560,50,3,0.0,2,84531.79,France,Male,0,1,0,0.48069128,Medium Risk,8108
437,35,6,126803.34,2,161133.4,Germany,Male,1,1,0,0.9985227,High Risk,8109
661,34,0,0.0,2,185555.63,France,Female,0,1,0,0.9922633,High Risk,8110
677,36,10,68806.84,1,33075.24,Germany,Female,0,1,0,0.9910755,High Risk,8111
560,31,3,115141.18,1,39806.75,France,Female,0,1,0,0.8692177,High Risk,8112
578,35,2,0.0,2,26389.92,France,Female,1,0,0,0.4802039,Medium Risk,8113
421,34,6,90723.36,1,12162.76,Spain,Male,1,1,0,0.3736232,Low Risk,8114
492,49,2,151249.45,2,167237.94,Germany,Female,1,1,0,0.9159503,High Risk,8115
545,32,6,0.0,2,52067.37,France,Female,1,1,0,0.9798269,High Risk,8116
640,43,9,94752.49,1,184006.36,Germany,Female,0,1,1,0.99679416,High Risk,8117
624,34,6,0.0,1,582.59,Spain,Female,0,1,1,0.9440024,High Risk,8118
577,28,7,0.0,1,143274.41,Spain,Male,0,1,0,0.7317037,High Risk,8119
704,31,5,132084.66,3,54474.48,France,Male,1,1,1,0.43144652,Medium Risk,8120
523,45,5,0.0,2,121428.2,France,Male,1,1,0,0.77068084,High Risk,8121
793,35,2,0.0,2,79704.12,France,Male,1,1,0,0.69832283,Medium Risk,8122
564,53,2,45472.28,1,41055.71,France,Female,1,1,1,0.9994522,High Risk,8123
711,33,1,0.0,1,41590.4,France,Male,0,0,0,0.99843615,High Risk,8124
791,33,10,130229.71,2,54019.93,Germany,Female,0,0,1,0.99401045,High Risk,8125
629,38,9,123948.85,1,76053.07,Germany,Female,0,1,0,0.48069128,Medium Risk,8126
729,39,6,127415.85,1,184977.2,Germany,Male,1,1,1,0.9733847,High Risk,8127
651,35,8,110067.71,1,127678.95,Germany,Male,0,1,1,0.5076279,Medium Risk,8128
695,39,4,65521.2,1,1243.97,Spain,Male,1,1,0,0.44925913,Medium Risk,8129
847,31,5,0.0,2,76326.67,Spain,Male,1,1,0,0.43144652,Medium Risk,8130
704,47,5,0.0,2,145338.61,France,Male,1,1,0,0.67136395,Medium Risk,8131
613,33,3,155736.42,2,57751.21,Germany,Male,1,1,0,0.9954335,High Risk,8132
692,29,4,0.0,2,138880.24,Spain,Female,0,0,0,0.5783935,Medium Risk,8133
720,34,3,118307.57,2,136120.29,France,Female,1,1,0,0.43144652,Medium Risk,8134
577,41,6,0.0,1,167621.18,France,Male,1,1,0,0.9830831,High Risk,8135
710,24,7,103099.17,2,173276.62,Germany,Female,0,1,0,0.90791345,High Risk,8136
716,38,1,0.0,2,99661.46,France,Female,1,1,0,0.99204355,High Risk,8137
410,33,6,125789.69,1,66333.56,France,Male,0,0,1,0.79087275,High Risk,8138
584,36,4,109646.83,1,70240.79,Germany,Female,1,1,0,0.83175313,High Risk,8139
792,30,1,127187.86,1,113553.42,France,Male,1,1,0,0.9269836,High Risk,8140
605,36,6,0.0,1,690.84,France,Female,1,0,0,0.99245787,High Risk,8141
486,24,1,0.0,1,98802.76,Spain,Male,0,1,0,0.5867379,Medium Risk,8142
615,41,4,130385.82,1,130661.95,France,Male,1,0,0,0.7496475,High Risk,8143
676,23,1,107787.47,1,116378.82,France,Male,1,0,0,0.8165111,High Risk,8144
571,34,1,99325.04,2,186052.15,France,Male,1,0,0,0.99970764,High Risk,8145
850,37,9,0.0,1,100101.06,France,Female,0,0,0,0.48848805,Medium Risk,8146
717,48,7,123764.95,1,169952.82,France,Male,1,1,0,0.9928422,High Risk,8147
642,39,8,128264.03,1,61792.76,Germany,Female,0,1,1,0.6049139,Medium Risk,8148
780,47,7,86006.21,1,37973.13,Spain,Male,1,1,0,0.9830831,High Risk,8149
492,38,8,57068.43,2,188974.81,Germany,Female,0,1,0,0.83440757,High Risk,8150
760,29,5,103607.24,2,86334.64,Germany,Male,1,0,0,0.6269217,Medium Risk,8151
500,40,1,99004.24,1,152845.99,Spain,Male,1,1,0,0.32575414,Low Risk,8152
654,36,2,0.0,2,146652.11,Spain,Female,1,1,0,0.98574847,High Risk,8153
606,25,3,147386.72,3,45482.04,Spain,Female,0,1,1,0.95522803,High Risk,8154
367,42,6,93608.28,1,168816.73,Spain,Male,0,1,1,0.51649076,Medium Risk,8155
799,38,2,0.0,2,59297.34,Spain,Male,1,1,0,0.968322,High Risk,8156
434,71,9,119496.87,1,125848.88,Germany,Male,0,1,0,0.9949444,High Risk,8157
719,32,7,0.0,1,76264.27,Spain,Female,0,0,0,0.9979534,High Risk,8158
641,37,2,0.0,2,3939.87,France,Female,0,1,0,0.72416,High Risk,8159
461,25,6,0.0,2,15306.29,Spain,Female,1,1,0,0.99704665,High Risk,8160
790,25,5,152885.77,1,58214.79,Germany,Female,0,1,0,0.75807047,High Risk,8161
588,31,4,99607.37,2,35877.03,France,Male,1,0,0,0.98959154,High Risk,8162
621,27,4,137003.68,1,21254.06,France,Male,0,1,0,0.54942954,Medium Risk,8163
768,48,3,122831.58,1,24533.89,Germany,Male,1,1,1,0.9549739,High Risk,8164
681,38,2,99811.44,2,23531.5,Spain,Male,0,1,0,0.9623019,High Risk,8165
606,37,8,154712.58,2,89099.18,Spain,Male,0,1,0,0.36044207,Low Risk,8166
542,37,8,0.0,1,807.06,Spain,Male,1,1,0,0.64827466,Medium Risk,8167
713,24,7,147687.24,1,121592.5,Germany,Female,1,1,0,0.5181338,Medium Risk,8168
597,33,2,0.0,2,4700.66,Spain,Female,1,1,0,0.9692657,High Risk,8169
635,27,3,127009.83,1,161909.95,France,Male,0,1,0,0.84856457,High Risk,8170
599,61,1,124737.96,1,90389.61,Germany,Male,1,0,1,0.99093246,High Risk,8171
496,44,0,179356.28,2,2919.21,Spain,Female,0,1,1,0.109249584,Low Risk,8172
759,31,8,0.0,2,99086.74,Spain,Male,1,1,0,0.979192,High Risk,8173
757,31,1,127320.36,3,163170.32,Germany,Male,0,1,0,0.68402404,Medium Risk,8174
564,31,0,125175.58,1,72757.33,Spain,Male,1,1,0,0.9925822,High Risk,8175
561,22,6,186788.96,2,73286.8,France,Female,0,1,0,0.5867379,Medium Risk,8176
702,40,3,148556.74,1,146056.29,France,Male,1,0,0,0.9892306,High Risk,8177
678,40,8,128644.46,1,167673.37,Germany,Female,0,0,0,0.5783935,Medium Risk,8178
707,46,7,127476.73,2,146011.55,France,Female,1,1,0,0.7394945,High Risk,8179
610,27,9,159561.93,1,103381.47,France,Female,1,0,0,0.89526373,High Risk,8180
744,42,1,112419.92,1,83022.92,France,Male,1,1,0,0.7595242,High Risk,8181
598,28,8,129991.76,2,46041.08,France,Male,1,0,0,0.2330935,Low Risk,8182
562,36,5,0.0,1,182843.24,Spain,Male,1,0,0,0.32575414,Low Risk,8183
621,59,2,0.0,2,171364.18,Spain,Female,1,1,0,0.9973182,High Risk,8184
659,50,3,0.0,1,183399.12,France,Female,0,1,1,0.7146422,High Risk,8185
722,40,6,89175.06,2,152883.95,Germany,Female,1,0,0,0.99878305,High Risk,8186
606,39,3,0.0,2,50560.45,France,Female,0,1,1,0.98991185,High Risk,8187
603,39,5,162390.52,2,54702.66,Spain,Female,0,1,0,0.9880294,High Risk,8188
506,59,3,190353.08,1,78365.75,Germany,Female,0,1,0,0.99325836,High Risk,8189
715,21,8,0.0,2,68666.63,France,Male,0,1,0,0.98076725,High Risk,8190
690,47,2,0.0,2,151375.73,France,Male,0,1,0,0.7387854,High Risk,8191
644,40,10,139180.97,1,19959.67,France,Female,1,1,0,0.9881341,High Risk,8192
589,36,8,114435.47,1,26955.72,France,Male,0,1,0,0.7770031,High Risk,8193
592,66,5,149950.19,1,76267.59,France,Female,1,1,0,0.9859346,High Risk,8194
632,42,4,126115.6,1,100998.5,France,Male,0,1,0,0.7146422,High Risk,8195
577,59,7,111396.97,1,191070.01,Germany,Female,1,0,0,0.97911686,High Risk,8196
588,30,3,115007.08,1,176858.5,France,Male,0,0,0,0.67821443,Medium Risk,8197
617,54,6,102141.9,1,45325.26,France,Male,1,1,0,0.97172,High Risk,8198
668,36,3,133686.52,1,190958.48,Spain,Female,0,1,1,0.9273735,High Risk,8199
810,32,9,120879.73,2,78896.59,France,Male,1,0,0,0.9599864,High Risk,8200
767,47,5,0.0,1,121964.46,Spain,Male,0,1,1,0.716983,High Risk,8201
718,49,10,82321.88,1,11144.4,Spain,Female,1,0,0,0.9938929,High Risk,8202
589,27,4,0.0,2,144181.48,Spain,Female,0,1,0,0.54197025,Medium Risk,8203
778,33,5,116474.28,2,32757.55,Spain,Male,1,1,0,0.9930889,High Risk,8204
724,34,3,132352.69,1,80320.3,France,Female,0,1,0,0.9798269,High Risk,8205
477,39,4,182491.57,1,185830.72,Germany,Female,0,1,0,0.43144652,Medium Risk,8206
580,34,6,0.0,2,160095.31,France,Male,1,1,0,0.3674934,Low Risk,8207
566,63,2,120787.18,2,52198.84,Spain,Male,1,1,0,0.9910755,High Risk,8208
711,29,3,130181.47,2,31811.44,France,Female,0,1,0,0.6729253,Medium Risk,8209
706,32,5,88348.43,2,104181.78,Germany,Male,1,1,0,0.25939992,Low Risk,8210
703,31,6,0.0,2,67667.19,Spain,Male,1,1,0,0.2942497,Low Risk,8211
679,39,2,146186.28,2,193974.47,Germany,Male,1,1,0,0.9838238,High Risk,8212
603,32,7,0.0,1,198055.94,France,Male,0,1,1,0.91108406,High Risk,8213
598,34,0,104488.17,1,43249.67,Spain,Male,1,0,0,0.99646854,High Risk,8214
836,32,4,109196.67,2,55218.02,Germany,Female,0,1,0,0.9805135,High Risk,8215
687,61,7,80538.56,1,131305.37,France,Female,0,1,1,0.67136395,Medium Risk,8216
704,41,4,109026.8,2,43117.1,Germany,Male,1,1,0,0.52996653,Medium Risk,8217
605,75,2,61319.63,1,186655.11,Germany,Male,1,0,0,0.9361638,High Risk,8218
516,40,9,0.0,2,33266.29,France,Female,1,0,0,0.8111596,High Risk,8219
572,39,2,0.0,2,555.28,France,Female,1,1,0,0.9692657,High Risk,8220
557,42,6,177822.03,1,150944.31,France,Male,0,1,1,0.9811122,High Risk,8221
443,59,4,110939.3,1,72846.58,Germany,Male,0,1,1,0.67311406,Medium Risk,8222
604,25,7,165413.43,1,35279.74,Germany,Male,1,1,0,0.7475449,High Risk,8223
483,27,1,77805.66,1,2101.89,France,Male,1,1,0,0.99702376,High Risk,8224
702,50,3,0.0,2,94949.84,France,Male,0,0,0,0.96332955,High Risk,8225
670,57,3,175575.95,2,99061.75,Spain,Female,0,1,1,0.9914681,High Risk,8226
804,38,3,124197.22,1,74692.06,Spain,Female,0,1,0,0.9989794,High Risk,8227
850,30,3,0.0,2,116692.8,France,Female,0,1,0,0.9925298,High Risk,8228
554,39,10,160132.75,1,32824.15,France,Female,0,1,0,0.9798269,High Risk,8229
588,37,7,70258.88,2,139607.61,Germany,Female,0,1,0,0.6729253,Medium Risk,8230
758,32,4,162657.64,2,115525.13,Germany,Male,1,1,0,0.9915911,High Risk,8231
787,43,0,132217.45,1,20955.03,Germany,Male,0,1,1,0.9864677,High Risk,8232
582,25,9,148042.97,2,52341.15,Spain,Male,0,1,0,0.43738797,Medium Risk,8233
633,33,4,92855.02,1,159813.18,Spain,Female,1,1,0,0.968322,High Risk,8234
766,47,9,129289.98,1,169935.46,Germany,Male,0,1,1,0.39078698,Low Risk,8235
564,37,9,100252.18,1,146033.52,Spain,Male,1,1,0,0.50345665,Medium Risk,8236
602,37,3,107592.89,2,153122.73,Spain,Male,1,0,0,0.7317037,High Risk,8237
649,39,3,113096.41,1,60335.24,France,Male,1,1,0,0.4505659,Medium Risk,8238
679,40,7,0.0,2,163757.29,Spain,Female,1,1,0,0.9797055,High Risk,8239
639,34,7,149940.04,2,156648.81,Spain,Male,0,0,0,0.7090069,High Risk,8240
790,50,8,121438.58,1,176471.78,Germany,Male,1,1,1,0.9926664,High Risk,8241
565,32,9,0.0,2,5388.3,France,Male,0,1,0,0.9191023,High Risk,8242
478,50,2,0.0,1,93332.64,France,Female,1,0,1,0.89991367,High Risk,8243
825,29,3,148874.01,2,71192.82,France,Male,1,0,0,0.5658882,Medium Risk,8244
528,32,0,68138.37,1,170309.19,Spain,Female,1,1,0,0.34901834,Low Risk,8245
577,35,5,110080.3,1,109794.31,Spain,Male,1,1,0,0.44150388,Medium Risk,8246
663,24,7,0.0,2,166310.82,France,Male,1,1,0,0.64827466,Medium Risk,8247
505,25,5,114268.85,2,126728.27,Germany,Female,1,1,0,0.9934915,High Risk,8248
633,29,6,117412.35,1,30338.94,Germany,Male,0,0,0,0.8662853,High Risk,8249
586,38,6,0.0,2,37935.83,France,Female,1,1,0,0.99962175,High Risk,8250
850,35,9,0.0,2,25329.48,France,Female,0,0,0,0.99569964,High Risk,8251
629,37,1,35549.81,2,49676.33,Germany,Female,0,0,0,0.43144652,Medium Risk,8252
744,56,9,0.0,2,169498.61,France,Male,1,1,0,0.67821443,Medium Risk,8253
750,36,7,136492.92,3,26500.29,France,Male,1,1,1,0.438148,Medium Risk,8254
637,28,3,123675.69,1,166458.41,Germany,Male,1,1,0,0.98289686,High Risk,8255
575,40,1,139532.34,1,181294.39,France,Female,0,1,0,0.78762484,High Risk,8256
671,58,1,178713.98,1,21768.21,Spain,Male,1,1,0,0.997682,High Risk,8257
571,40,5,0.0,2,72849.29,France,Male,0,0,0,0.98965913,High Risk,8258
590,41,1,89086.31,1,24499.97,France,Male,0,1,0,0.9758152,High Risk,8259
619,38,3,96143.47,1,98994.92,Spain,Male,0,0,0,0.7497707,High Risk,8260
640,30,5,32197.64,1,141446.01,Germany,Female,1,0,0,0.68425333,Medium Risk,8261
670,38,7,0.0,2,77864.41,France,Male,1,1,0,0.9973182,High Risk,8262
737,33,4,0.0,2,115115.32,France,Female,0,1,0,0.17598248,Low Risk,8263
555,32,10,0.0,2,168605.96,Spain,Male,1,0,0,0.9976928,High Risk,8264
742,33,6,0.0,2,38550.4,France,Male,0,0,0,0.981964,High Risk,8265
618,40,0,140306.38,1,160618.61,Germany,Female,0,1,1,0.9992011,High Risk,8266
560,35,1,0.0,2,3701.63,France,Female,0,1,0,0.9960175,High Risk,8267
654,38,8,0.0,2,88659.44,France,Male,0,1,0,0.8676056,High Risk,8268
787,42,2,74483.97,2,44273.91,Germany,Female,1,0,0,0.83637416,High Risk,8269
611,53,7,0.0,2,156495.39,France,Female,1,0,1,0.98974854,High Risk,8270
559,34,0,0.0,1,182988.94,Spain,Male,0,1,0,0.53327465,Medium Risk,8271
481,37,8,152303.66,2,175082.2,France,Male,1,1,0,0.968322,High Risk,8272
753,32,5,159904.79,1,148811.14,Germany,Male,0,1,0,0.999263,High Risk,8273
675,32,1,0.0,3,85901.09,France,Male,0,1,0,0.98229283,High Risk,8274
748,31,1,99557.94,1,199255.32,Germany,Female,0,1,0,0.98484415,High Risk,8275
610,46,5,116886.59,1,107973.44,Spain,Female,0,0,0,0.54814494,Medium Risk,8276
580,32,9,142188.2,2,128028.6,Spain,Male,1,0,0,0.9908222,High Risk,8277
624,40,3,149961.99,2,104610.86,Germany,Female,0,1,0,0.85487115,High Risk,8278
709,36,8,0.0,2,69676.55,France,Female,1,1,0,0.9993007,High Risk,8279
605,34,2,0.0,1,35982.42,France,Female,0,0,0,0.2330935,Low Risk,8280
706,53,7,0.0,2,117939.17,Spain,Male,1,0,0,0.98366064,High Risk,8281
567,40,8,28649.64,1,95140.62,Spain,Male,1,1,0,0.96031564,High Risk,8282
747,21,4,81025.6,2,167682.57,France,Female,0,1,0,0.9930889,High Risk,8283
664,57,1,0.0,2,56562.57,France,Male,1,1,0,0.5792172,Medium Risk,8284
711,39,3,152462.79,1,90305.97,France,Female,0,1,0,0.9862601,High Risk,8285
609,25,10,0.0,1,109895.16,France,Male,1,0,0,0.7769166,High Risk,8286
632,28,7,155519.59,1,1843.24,Spain,Male,0,1,0,0.9977951,High Risk,8287
725,36,1,118851.05,1,102747.02,France,Female,1,1,0,0.5692201,Medium Risk,8288
850,34,9,92899.27,2,97465.89,France,Female,0,1,0,0.9957995,High Risk,8289
682,40,4,0.0,1,105352.55,France,Male,1,0,0,0.68344605,Medium Risk,8290
797,37,4,75263.7,1,85801.77,France,Male,0,1,0,0.9922391,High Risk,8291
668,38,1,147904.31,1,69370.05,Spain,Male,1,1,0,0.83388656,High Risk,8292
783,41,5,106640.5,1,176945.96,Germany,Female,0,1,0,0.9393093,High Risk,8293
766,28,4,90696.78,1,21597.2,Germany,Female,1,0,0,0.43144652,Medium Risk,8294
704,36,2,175509.8,2,152039.67,Spain,Female,0,1,0,0.9961876,High Risk,8295
722,40,6,0.0,2,111893.09,France,Male,1,1,0,0.988359,High Risk,8296
692,34,7,0.0,2,195074.62,France,Female,0,1,0,0.99503845,High Risk,8297
584,35,2,114321.28,2,15959.01,France,Female,0,0,0,0.8773291,High Risk,8298
644,51,4,95560.04,1,72628.84,Germany,Female,0,0,1,0.61463976,Medium Risk,8299
598,50,5,88379.81,3,64157.24,Germany,Female,1,0,1,0.6113413,Medium Risk,8300
733,48,7,85915.52,1,23860.5,Germany,Male,1,1,0,0.99826896,High Risk,8301
615,58,3,72309.3,1,85687.09,Germany,Male,1,1,1,0.6277947,Medium Risk,8302
850,39,2,0.0,2,179451.42,France,Female,0,1,0,0.9976471,High Risk,8303
521,43,8,0.0,1,93180.09,France,Male,1,1,0,0.560778,Medium Risk,8304
675,69,1,0.0,2,157097.09,France,Male,0,1,0,0.99878305,High Risk,8305
746,58,3,0.0,3,80344.96,France,Male,1,1,1,0.67821443,Medium Risk,8306
770,33,4,0.0,1,26080.54,France,Female,0,1,1,0.67821443,Medium Risk,8307
618,30,3,133844.22,1,31406.93,France,Male,1,1,0,0.9961876,High Risk,8308
556,36,7,154872.08,2,32044.64,France,Male,1,1,0,0.9838524,High Risk,8309
749,27,9,0.0,2,132734.87,France,Female,0,1,0,0.67136395,Medium Risk,8310
702,43,6,116121.67,1,61602.42,Spain,Male,0,1,0,0.98901844,High Risk,8311
555,42,6,107104.5,1,41304.44,Germany,Male,1,1,1,0.9947924,High Risk,8312
587,47,6,71026.77,1,57962.41,France,Male,0,1,0,0.43144652,Medium Risk,8313
639,38,3,0.0,1,42862.82,France,Male,0,1,0,0.90791345,High Risk,8314
643,33,4,0.0,2,152992.04,France,Male,1,1,0,0.43144652,Medium Risk,8315
600,41,1,0.0,2,91193.65,France,Female,1,1,0,0.9994659,High Risk,8316
651,53,7,0.0,2,130132.41,France,Male,1,1,0,0.98680854,High Risk,8317
666,27,4,0.0,2,88751.45,France,Female,0,0,0,0.9946402,High Risk,8318
520,39,6,145644.05,1,104118.93,France,Female,0,0,0,0.9854952,High Risk,8319
650,50,7,129667.77,1,42028.16,Spain,Female,0,0,0,0.9513789,High Risk,8320
564,33,3,109341.87,1,75632.78,Germany,Male,0,1,0,0.9191989,High Risk,8321
586,64,1,0.0,2,53710.23,France,Male,1,1,0,0.98875964,High Risk,8322
617,35,5,0.0,2,13066.3,France,Female,1,0,0,0.5571451,Medium Risk,8323
712,30,6,0.0,2,152417.97,Spain,Female,0,1,0,0.9838238,High Risk,8324
654,55,3,87485.67,1,3299.01,France,Male,1,1,0,0.6969986,Medium Risk,8325
605,27,9,0.0,2,198091.81,France,Male,0,1,0,0.85487115,High Risk,8326
491,36,0,53369.13,1,103934.12,France,Female,1,1,0,0.95522803,High Risk,8327
707,35,9,0.0,2,70403.65,France,Female,1,1,0,0.9690887,High Risk,8328
638,34,5,146679.77,1,102179.86,Spain,Male,0,1,0,0.9911628,High Risk,8329
683,43,2,112499.42,2,30375.18,France,Male,0,1,0,0.7606446,High Risk,8330
815,38,2,48387.0,1,184796.84,Spain,Female,0,1,0,0.7484076,High Risk,8331
645,38,1,68079.8,1,166264.89,Spain,Male,1,0,0,0.48848805,Medium Risk,8332
645,49,4,160133.88,1,88391.97,Germany,Male,1,0,0,0.82112795,High Risk,8333
683,30,4,66190.33,1,115186.97,France,Male,1,1,0,0.9859346,High Risk,8334
705,37,10,0.0,2,13935.53,France,Female,1,1,1,0.9973578,High Risk,8335
647,35,4,123761.68,1,83910.4,France,Male,0,1,0,0.9960226,High Risk,8336
786,33,0,122325.58,1,34712.34,Germany,Female,0,0,1,0.47031412,Medium Risk,8337
534,41,9,0.0,2,13871.34,France,Male,0,1,0,0.88345766,High Risk,8338
602,42,1,138912.17,1,139494.75,Spain,Female,1,1,0,0.99321705,High Risk,8339
695,42,0,0.0,2,140724.64,France,Female,1,0,0,0.9920753,High Risk,8340
553,25,7,128524.19,2,20682.46,Germany,Female,0,1,0,0.9973182,High Risk,8341
516,31,3,0.0,2,124202.26,Spain,Female,0,1,0,0.9922391,High Risk,8342
655,34,3,0.0,2,159638.77,France,Female,0,1,0,0.5760263,Medium Risk,8343
849,49,9,132934.89,1,171056.65,Germany,Female,0,1,1,0.6441104,Medium Risk,8344
520,43,3,150805.17,3,25333.03,Germany,Male,1,0,1,0.37884155,Low Risk,8345
568,46,3,0.0,2,29372.62,Spain,Female,1,1,0,0.99084365,High Risk,8346
695,32,9,0.0,3,38533.79,Spain,Male,1,0,0,0.5683027,Medium Risk,8347
807,28,7,165969.26,3,156122.13,Spain,Female,0,1,1,0.86491776,High Risk,8348
642,36,2,124495.98,3,57904.22,Germany,Female,1,1,1,0.9601767,High Risk,8349
703,39,1,141559.5,1,31257.1,Germany,Male,1,1,1,0.6734849,Medium Risk,8350
556,38,2,114756.14,1,193214.05,France,Male,0,1,0,0.9918955,High Risk,8351
585,30,6,0.0,2,137757.69,France,Female,1,1,0,0.515984,Medium Risk,8352
587,49,7,155393.98,2,13308.2,Germany,Female,0,1,1,0.98229283,High Risk,8353
524,32,6,0.0,1,132861.9,Spain,Female,1,1,1,0.4802039,Medium Risk,8354
556,31,1,128663.81,2,125083.29,Germany,Female,0,1,0,0.9972107,High Risk,8355
504,44,4,113522.64,1,12405.2,Spain,Male,1,1,0,0.43144652,Medium Risk,8356
731,26,3,0.0,2,37697.29,Spain,Female,0,1,0,0.97172,High Risk,8357
651,34,3,0.0,2,105599.65,France,Male,1,1,0,0.67256165,Medium Risk,8358
675,40,8,79035.95,1,142783.98,Spain,Female,0,1,1,0.67683434,Medium Risk,8359
657,22,6,0.0,3,168412.07,Spain,Female,1,0,1,0.99496305,High Risk,8360
686,33,9,141918.09,2,184036.47,Germany,Male,1,0,0,0.74624574,High Risk,8361
690,35,9,107944.33,2,48478.47,France,Female,0,0,0,0.97676086,High Risk,8362
567,36,7,0.0,2,3896.08,France,Male,1,0,0,0.43738797,Medium Risk,8363
557,57,1,120043.13,1,132370.75,Germany,Male,0,1,1,0.9892497,High Risk,8364
446,45,10,125191.69,1,128260.86,Spain,Female,1,1,1,0.633746,Medium Risk,8365
850,31,1,96399.31,2,106534.15,France,Male,0,1,0,0.64135605,Medium Risk,8366
637,41,2,0.0,2,102515.42,France,Male,1,0,0,0.9830831,High Risk,8367
499,60,7,76961.6,2,83643.87,France,Male,1,1,0,0.86491776,High Risk,8368
622,34,7,98675.74,1,138906.85,Germany,Female,0,1,1,0.9692657,High Risk,8369
684,37,1,126817.13,2,29995.83,Germany,Male,1,1,1,0.9965551,High Risk,8370
612,32,3,121394.42,1,164081.42,France,Male,0,1,0,0.98561966,High Risk,8371
813,29,5,106059.4,1,187976.88,Germany,Female,0,0,1,0.9934621,High Risk,8372
850,44,2,112755.34,2,158171.36,Germany,Male,0,0,0,0.9920753,High Risk,8373
795,29,4,0.0,2,155711.64,Spain,Male,0,0,0,0.7464134,High Risk,8374
628,55,7,0.0,3,85890.75,Spain,Female,0,1,1,0.985836,High Risk,8375
565,38,7,145400.69,2,83844.79,Germany,Female,1,1,0,0.44925913,Medium Risk,8376
601,39,3,72647.64,1,41777.9,France,Male,0,1,1,0.5697558,Medium Risk,8377
802,40,4,0.0,2,81908.09,Spain,Male,1,1,0,0.2330935,Low Risk,8378
614,37,6,96340.81,2,139377.24,Germany,Female,1,1,1,0.5254974,Medium Risk,8379
434,55,6,0.0,1,73562.05,Spain,Male,1,0,1,0.9322883,High Risk,8380
522,32,8,124450.36,2,165786.1,Germany,Male,1,1,0,0.25172538,Low Risk,8381
550,36,2,113877.23,2,174921.91,Germany,Male,0,1,0,0.9930889,High Risk,8382
599,25,3,0.0,2,120790.02,Spain,Male,1,1,0,0.43144652,Medium Risk,8383
493,36,5,148667.81,2,56092.51,France,Female,0,1,0,0.64462596,Medium Risk,8384
755,34,3,0.0,2,158816.03,France,Male,1,1,0,0.9971373,High Risk,8385
605,62,4,111065.93,2,125660.99,France,Female,1,0,0,0.9692657,High Risk,8386
708,41,0,0.0,1,128400.62,France,Male,0,1,0,0.99905926,High Risk,8387
699,44,8,158697.61,1,107181.22,France,Male,0,1,0,0.9440024,High Risk,8388
763,53,4,0.0,1,77203.72,France,Female,0,1,1,0.77374816,High Risk,8389
743,25,6,0.0,2,129740.11,Spain,Male,0,1,0,0.5254974,Medium Risk,8390
660,48,0,90044.32,2,187604.97,France,Female,1,0,1,0.9886742,High Risk,8391
619,38,10,84651.79,1,184754.26,Germany,Male,1,1,0,0.968322,High Risk,8392
739,32,3,102128.27,1,63981.37,Germany,Male,0,1,1,0.6967513,Medium Risk,8393
769,60,9,148846.39,1,192831.67,Germany,Male,0,1,1,0.99291635,High Risk,8394
692,69,10,154953.94,1,70849.47,France,Male,1,1,0,0.9805135,High Risk,8395
560,30,0,108883.29,1,27914.95,France,Female,0,1,0,0.7524989,High Risk,8396
607,48,4,112070.86,3,173568.3,France,Female,0,1,1,0.9918955,High Risk,8397
630,29,6,131354.39,1,9324.31,Germany,Male,1,0,1,0.78221333,High Risk,8398
767,45,7,132746.2,2,26628.88,Germany,Female,0,1,1,0.9692657,High Risk,8399
543,34,8,0.0,2,145601.8,France,Female,1,0,0,0.8126603,High Risk,8400
776,39,8,125211.55,2,144496.07,France,Male,0,1,0,0.99227726,High Risk,8401
535,58,1,0.0,2,11779.98,Spain,Male,1,1,1,0.96496594,High Risk,8402
549,36,6,139422.37,1,83983.39,Germany,Male,0,0,1,0.79087275,High Risk,8403
844,28,4,0.0,2,123318.37,France,Female,1,0,0,0.9947924,High Risk,8404
586,47,5,157099.47,2,65481.86,Germany,Female,1,1,0,0.74480784,High Risk,8405
583,40,3,0.0,2,47728.0,France,Male,0,1,0,0.99702376,High Risk,8406
701,26,5,83600.24,1,59195.05,Spain,Male,1,0,0,0.99566686,High Risk,8407
726,28,2,0.0,1,98060.51,France,Male,0,0,0,0.5250105,Medium Risk,8408
829,36,4,81795.74,2,90106.94,Germany,Male,0,1,0,0.9973182,High Risk,8409
749,38,9,129378.32,1,13549.34,Spain,Male,1,1,0,0.70076746,High Risk,8410
743,46,9,0.0,1,113436.08,France,Female,0,1,0,0.98917806,High Risk,8411
619,56,7,0.0,2,42442.21,Spain,Female,1,1,0,0.98171,High Risk,8412
699,22,9,99339.0,1,68297.61,France,Male,0,1,1,0.80379474,High Risk,8413
749,36,7,0.0,2,80134.65,Spain,Male,0,0,0,0.5657292,Medium Risk,8414
600,29,6,74430.1,2,96051.1,Germany,Female,1,1,0,0.7955368,High Risk,8415
760,38,3,91241.85,1,80682.35,Spain,Male,1,0,0,0.9961876,High Risk,8416
528,32,2,99092.45,1,111149.98,Germany,Male,1,0,0,0.97984993,High Risk,8417
630,26,5,0.0,2,182612.38,France,Female,0,1,0,0.7770656,High Risk,8418
683,39,2,100062.16,2,109201.43,Germany,Female,0,1,0,0.15385811,Low Risk,8419
677,26,6,98723.67,1,151146.67,Germany,Female,1,0,0,0.985836,High Risk,8420
669,29,9,0.0,1,93901.61,Spain,Male,1,1,0,0.98484415,High Risk,8421
693,43,6,128760.32,1,36342.79,France,Male,0,1,0,0.98171,High Risk,8422
612,52,5,144772.69,1,98302.57,Spain,Female,0,0,1,0.4458471,Medium Risk,8423
719,44,4,0.0,1,84972.9,Spain,Male,0,0,1,0.6238726,Medium Risk,8424
702,26,2,71281.29,1,108747.12,France,Male,1,1,1,0.99879175,High Risk,8425
755,29,9,117035.89,1,21862.19,France,Male,1,1,0,0.9891872,High Risk,8426
514,26,1,0.0,2,121551.93,France,Male,0,0,0,0.3736232,Low Risk,8427
753,40,0,3768.69,2,177065.24,France,Female,0,1,1,0.7274501,High Risk,8428
548,36,2,108913.84,2,140460.01,Germany,Female,1,1,0,0.5783935,Medium Risk,8429
850,28,2,101100.22,2,35337.31,Germany,Male,1,1,0,0.7096556,High Risk,8430
612,38,7,110615.47,1,193502.93,France,Female,1,1,0,0.70984423,High Risk,8431
628,33,8,152143.89,1,32174.03,Germany,Male,1,1,0,0.6710051,Medium Risk,8432
479,47,6,121797.09,1,5811.9,France,Male,1,0,1,0.7943819,High Risk,8433
724,41,5,109798.25,1,149593.61,France,Female,1,0,0,0.51192033,Medium Risk,8434
512,41,7,122403.24,1,37439.9,Germany,Male,1,0,1,0.99770087,High Risk,8435
638,43,3,145860.98,1,142763.51,France,Female,1,1,1,0.99642557,High Risk,8436
834,40,7,0.0,2,45038.74,Spain,Male,0,0,0,0.5697558,Medium Risk,8437
781,29,9,0.0,2,172097.4,France,Male,0,0,0,0.67994547,Medium Risk,8438
707,48,7,105086.74,1,180344.69,Germany,Female,1,1,1,0.7264969,High Risk,8439
670,22,2,114991.45,1,37392.56,France,Male,1,1,0,0.9978071,High Risk,8440
663,33,8,96769.04,1,36864.05,Spain,Female,1,1,0,0.99945956,High Risk,8441
624,23,5,0.0,2,132418.59,France,Female,0,0,0,0.48267436,Medium Risk,8442
598,34,4,0.0,2,60894.26,France,Female,0,0,0,0.94053996,High Risk,8443
619,23,5,132725.1,1,143913.33,Germany,Male,1,1,0,0.99866176,High Risk,8444
792,70,3,0.0,2,172240.27,France,Female,1,1,0,0.9979358,High Risk,8445
683,26,7,0.0,2,86619.77,France,Female,0,1,0,0.6894544,Medium Risk,8446
691,33,6,0.0,2,164074.89,France,Female,0,1,0,0.74957263,High Risk,8447
765,33,5,84557.82,1,69039.43,Spain,Female,1,1,0,0.87450856,High Risk,8448
508,49,1,93817.41,2,132468.76,France,Male,1,1,1,0.8467937,High Risk,8449
637,33,9,113913.53,1,65316.5,France,Female,1,0,0,0.66949886,Medium Risk,8450
667,44,5,140406.68,2,57164.19,Germany,Female,1,0,0,0.5534067,Medium Risk,8451
575,22,8,105229.34,1,34397.08,Spain,Female,1,1,0,0.98366064,High Risk,8452
744,46,1,0.0,3,177431.59,Spain,Female,1,1,1,0.8671039,High Risk,8453
567,41,9,137891.35,1,142009.46,France,Female,0,1,1,0.74590164,High Risk,8454
502,35,6,0.0,2,80618.47,France,Female,1,1,0,0.9908049,High Risk,8455
609,53,6,0.0,2,124218.27,France,Female,1,1,0,0.9957398,High Risk,8456
715,37,9,165252.52,1,85286.3,France,Male,0,1,0,0.95310295,High Risk,8457
541,32,8,0.0,2,40889.14,France,Male,0,0,0,0.15385811,Low Risk,8458
850,71,4,0.0,2,107236.87,France,Female,1,1,0,0.7770656,High Risk,8459
595,23,7,0.0,2,168085.97,Spain,Male,1,1,0,0.99879324,High Risk,8460
650,28,5,122034.4,3,146663.43,Germany,Female,1,0,1,0.8153439,High Risk,8461
625,44,7,0.0,1,4791.8,France,Female,0,1,0,0.9599864,High Risk,8462
817,59,1,118962.58,1,120819.58,France,Male,1,1,0,0.78313357,High Risk,8463
526,49,2,0.0,1,114539.67,Spain,Male,0,1,1,0.974664,High Risk,8464
850,34,4,71379.53,2,154000.99,France,Female,1,1,0,0.99204355,High Risk,8465
598,40,2,171178.25,1,137980.58,France,Female,0,1,1,0.24952383,Low Risk,8466
613,36,9,131307.11,1,83343.73,France,Male,0,0,0,0.976253,High Risk,8467
709,62,3,0.0,2,82195.15,Spain,Male,1,1,0,0.38084665,Low Risk,8468
678,27,5,87099.85,2,149550.95,Spain,Female,0,1,0,0.96257067,High Risk,8469
720,71,5,183135.39,2,197688.5,France,Male,1,1,0,0.9885787,High Risk,8470
662,26,0,0.0,2,72929.96,France,Male,1,0,0,0.7446548,High Risk,8471
525,51,10,0.0,3,171045.35,France,Male,0,1,1,0.7923607,High Risk,8472
662,31,3,0.0,2,27731.05,France,Male,1,0,0,0.43738797,Medium Risk,8473
770,33,6,0.0,2,126131.9,France,Female,1,1,0,0.9322883,High Risk,8474
721,33,4,72535.45,1,103931.49,Spain,Female,1,1,0,0.997682,High Risk,8475
633,58,2,128137.42,2,147635.33,Germany,Male,0,1,1,0.8461832,High Risk,8476
701,51,9,0.0,2,61961.57,France,Male,0,0,0,0.9520951,High Risk,8477
556,42,0,115915.53,2,125435.47,Germany,Male,1,0,1,0.99607193,High Risk,8478
639,66,0,0.0,2,42240.54,France,Male,1,0,0,0.49047288,Medium Risk,8479
632,50,2,0.0,2,57942.88,France,Male,0,0,0,0.98875964,High Risk,8480
456,29,5,107000.49,1,153419.62,France,Male,1,1,0,0.9973857,High Risk,8481
729,38,10,0.0,2,189727.12,Spain,Female,0,1,0,0.9825593,High Risk,8482
632,34,2,0.0,2,165385.55,France,Female,0,0,0,0.99554527,High Risk,8483
433,34,9,152806.74,1,19687.99,Spain,Male,0,1,0,0.44150388,Medium Risk,8484
802,60,3,92887.06,1,39473.63,France,Female,0,1,1,0.5697558,Medium Risk,8485
670,25,7,0.0,2,144723.38,France,Male,1,1,0,0.9034224,High Risk,8486
738,40,6,114940.67,2,194895.57,Germany,Female,1,1,1,0.9880294,High Risk,8487
706,34,0,140641.26,2,77271.91,Germany,Male,1,1,0,0.83637416,High Risk,8488
592,70,5,71816.74,2,105096.82,Germany,Female,0,1,1,0.9692657,High Risk,8489
522,41,7,0.0,2,176780.39,France,Female,1,0,0,0.96484315,High Risk,8490
746,48,5,165282.42,1,153786.46,France,Male,0,1,1,0.760816,High Risk,8491
651,42,2,143145.87,2,43612.06,Spain,Male,0,1,0,0.9928422,High Risk,8492
494,28,9,114731.76,2,79479.74,France,Male,1,0,0,0.9778741,High Risk,8493
753,46,9,113909.69,3,92320.37,Germany,Female,0,1,1,0.9934088,High Risk,8494
671,36,2,116695.27,1,193201.86,Germany,Male,0,0,0,0.14860974,Low Risk,8495
696,42,4,0.0,1,126353.13,France,Male,0,0,1,0.970448,High Risk,8496
577,43,3,0.0,2,135008.92,Spain,Male,1,1,0,0.9886742,High Risk,8497
587,36,1,0.0,2,17135.6,France,Male,1,0,0,0.44086578,Medium Risk,8498
712,37,7,93978.96,2,60651.77,Germany,Male,0,1,0,0.9838067,High Risk,8499
498,35,2,121968.11,2,188343.05,Germany,Male,1,0,0,0.97965086,High Risk,8500
660,37,2,97324.91,1,23291.83,France,Male,0,1,0,0.7101575,High Risk,8501
678,29,6,0.0,2,64443.75,Spain,Male,0,1,0,0.7507143,High Risk,8502
530,37,8,0.0,2,287.99,France,Male,1,1,0,0.98568475,High Risk,8503
559,48,2,0.0,2,137961.41,France,Female,1,0,0,0.99198747,High Risk,8504
624,42,3,145155.37,1,72169.95,France,Male,0,1,1,0.5692201,Medium Risk,8505
592,28,5,137222.77,1,39608.58,France,Male,0,0,0,0.7464134,High Risk,8506
767,48,9,0.0,2,175458.21,France,Male,1,0,0,0.25335035,Low Risk,8507
653,38,5,114268.22,2,89524.83,Germany,Female,1,1,0,0.9920753,High Risk,8508
678,27,2,0.0,2,13221.25,Spain,Male,1,1,0,0.98680854,High Risk,8509
586,42,2,0.0,1,102889.34,Spain,Female,0,1,0,0.98926497,High Risk,8510
550,40,8,150490.32,1,166468.21,France,Female,0,0,1,0.6049139,Medium Risk,8511
643,28,9,160858.13,2,27149.27,Germany,Male,0,1,0,0.85726756,High Risk,8512
612,39,5,170288.38,1,59601.15,Spain,Male,1,1,0,0.9623019,High Risk,8513
674,27,4,111568.01,1,22026.18,Germany,Female,1,0,0,0.80766404,High Risk,8514
657,29,7,83889.03,1,153059.62,Spain,Male,0,1,0,0.99879324,High Risk,8515
724,35,0,171982.95,2,167313.07,Germany,Female,1,0,0,0.44950613,Medium Risk,8516
500,34,4,0.0,2,12833.96,France,Female,0,1,0,0.9890498,High Risk,8517
688,20,8,137624.4,2,197582.79,France,Male,1,1,0,0.5792172,Medium Risk,8518
599,50,3,121159.65,1,4033.39,France,Male,0,0,1,0.6609142,Medium Risk,8519
631,29,7,0.0,2,125877.22,France,Male,1,0,0,0.9692657,High Risk,8520
634,52,1,0.0,2,176913.42,Spain,Male,1,1,0,0.97609806,High Risk,8521
545,37,3,91184.01,1,105476.65,France,Male,0,1,0,0.770734,High Risk,8522
644,18,8,0.0,2,59172.42,Spain,Male,0,1,0,0.74590164,High Risk,8523
690,54,1,144027.8,1,108731.02,Germany,Female,1,1,1,0.80821055,High Risk,8524
711,34,6,0.0,2,175310.38,France,Female,1,1,0,0.60627705,Medium Risk,8525
712,29,8,140170.61,1,38170.04,France,Female,1,1,0,0.14860974,Low Risk,8526
627,27,1,62092.9,1,105887.04,France,Male,1,1,0,0.989359,High Risk,8527
694,39,3,0.0,1,95625.03,Spain,Male,1,1,0,0.9934088,High Risk,8528
534,35,4,0.0,2,9541.15,Spain,Male,0,0,0,0.99022114,High Risk,8529
603,45,9,0.0,1,148516.79,France,Male,0,0,0,0.99245787,High Risk,8530
808,33,2,103516.87,1,113907.8,France,Female,0,1,0,0.99795073,High Risk,8531
723,30,1,0.0,3,164647.72,Spain,Male,0,1,1,0.5406104,Medium Risk,8532
585,35,2,0.0,2,98621.04,France,Female,0,1,1,0.82112795,High Risk,8533
706,34,8,0.0,2,37479.97,France,Male,1,1,0,0.5718655,Medium Risk,8534
671,31,6,0.0,2,15846.42,France,Female,1,1,0,0.9930889,High Risk,8535
597,43,2,85162.26,1,5104.08,Spain,Male,1,0,1,0.7489232,High Risk,8536
646,43,8,143061.88,1,61937.6,France,Female,0,1,0,0.97172,High Risk,8537
801,46,6,0.0,2,170008.74,Spain,Female,1,1,0,0.83401287,High Risk,8538
731,33,5,137388.01,2,165000.68,Spain,Female,0,1,0,0.99227726,High Risk,8539
620,25,1,137712.01,1,76197.05,Germany,Female,1,1,0,0.34901834,Low Risk,8540
484,40,7,106901.42,2,118045.98,Germany,Male,0,0,0,0.7146422,High Risk,8541
647,47,5,105603.21,2,157360.9,Spain,Male,1,1,0,0.7943819,High Risk,8542
688,40,8,150679.71,2,196226.38,Germany,Female,1,0,0,0.7966556,High Risk,8543
680,30,4,108300.27,2,44384.57,Germany,Male,1,0,1,0.98574764,High Risk,8544
689,46,7,52016.08,2,72993.65,France,Female,1,1,0,0.9681397,High Risk,8545
513,34,7,60515.13,1,124571.09,Germany,Male,0,0,0,0.98289615,High Risk,8546
553,35,2,158584.28,2,43640.16,Germany,Male,0,1,0,0.9814641,High Risk,8547
689,47,2,118812.5,2,31121.42,Germany,Male,0,0,0,0.4965977,Medium Risk,8548
517,46,4,0.0,1,22372.78,Spain,Male,0,1,0,0.990558,High Risk,8549
731,37,8,0.0,2,170338.35,France,Male,1,1,0,0.97400564,High Risk,8550
687,47,1,91219.29,1,158845.49,Germany,Female,0,0,1,0.70449954,High Risk,8551
507,32,7,0.0,2,67926.18,Spain,Male,0,1,0,0.9920753,High Risk,8552
468,22,1,76318.64,1,194783.12,France,Female,1,1,0,0.8085209,High Risk,8553
682,58,4,0.0,1,176036.01,Spain,Female,0,1,0,0.5988012,Medium Risk,8554
603,24,3,0.0,1,198826.03,France,Female,1,1,1,0.991846,High Risk,8555
522,25,1,111432.13,1,168683.57,Germany,Male,1,1,0,0.7093204,High Risk,8556
629,41,10,150148.51,1,6936.27,Spain,Male,0,0,0,0.9805135,High Risk,8557
729,32,7,38550.06,1,179230.23,France,Female,1,0,0,0.6894864,Medium Risk,8558
574,39,5,119013.86,1,103421.91,France,Female,0,1,0,0.48267436,Medium Risk,8559
677,39,0,111213.64,2,147578.26,Germany,Female,1,1,0,0.7442097,High Risk,8560
627,28,5,71097.23,1,130504.49,Germany,Male,1,1,0,0.97911686,High Risk,8561
788,36,10,109632.85,1,16149.13,Spain,Male,1,1,0,0.977459,High Risk,8562
697,63,7,148368.02,1,118862.08,France,Male,0,0,1,0.9692657,High Risk,8563
578,45,1,148600.91,1,143397.14,France,Male,0,1,1,0.9925822,High Risk,8564
519,48,10,71083.98,1,137959.0,France,Male,0,1,0,0.99845815,High Risk,8565
632,40,9,139625.34,1,93702.96,France,Female,0,1,1,0.34777498,Low Risk,8566
679,39,4,0.0,1,172939.3,France,Female,0,0,1,0.8359331,High Risk,8567
699,30,9,0.0,1,108162.13,France,Male,1,1,0,0.109249584,Low Risk,8568
615,64,0,81564.1,2,35896.09,France,Male,1,0,0,0.7394945,High Risk,8569
622,36,9,0.0,2,104852.6,Spain,Male,1,1,0,0.98835886,High Risk,8570
755,28,7,124540.28,1,188850.89,France,Female,1,0,0,0.9830831,High Risk,8571
767,42,2,133616.39,1,28615.8,France,Female,0,1,0,0.84502864,High Risk,8572
752,38,10,101648.5,2,172001.44,Germany,Female,0,1,0,0.74590164,High Risk,8573
633,26,8,124281.84,1,60116.57,France,Female,1,1,0,0.99408686,High Risk,8574
717,59,4,0.0,2,170528.63,France,Female,1,1,0,0.99496305,High Risk,8575
585,45,0,0.0,2,189683.7,Spain,Male,0,0,0,0.57138014,Medium Risk,8576
751,37,9,183613.66,2,49734.94,France,Female,0,0,0,0.9859346,High Risk,8577
754,65,1,136186.44,1,121529.59,Germany,Male,1,1,1,0.5867379,Medium Risk,8578
495,47,10,137682.68,1,71071.47,France,Male,0,1,0,0.993451,High Risk,8579
650,34,4,106005.54,1,142995.32,France,Male,1,0,0,0.99795073,High Risk,8580
529,31,6,152310.55,1,13054.25,France,Female,0,1,0,0.7806066,High Risk,8581
585,43,2,0.0,2,89402.54,France,Female,0,1,0,0.6092695,Medium Risk,8582
668,32,1,134446.04,1,111241.37,Spain,Male,1,0,0,0.40140504,Medium Risk,8583
591,38,2,142289.28,1,119638.85,France,Female,1,0,0,0.99905926,High Risk,8584
731,19,6,0.0,2,151581.79,France,Male,1,1,0,0.9798269,High Risk,8585
754,45,6,0.0,1,73881.68,France,Female,0,1,1,0.5760263,Medium Risk,8586
650,46,9,149003.76,2,176902.83,Germany,Female,0,1,0,0.976253,High Risk,8587
588,41,2,131341.46,2,7034.94,Germany,Male,1,0,0,0.78221333,High Risk,8588
712,29,7,77919.78,1,122547.58,Spain,Female,0,1,0,0.62140924,Medium Risk,8589
691,34,7,0.0,2,161559.12,France,Female,1,0,0,0.5881292,Medium Risk,8590
771,41,10,108309.0,4,137510.41,France,Female,1,1,1,0.9938929,High Risk,8591
678,39,6,0.0,1,185366.56,Spain,Female,1,0,0,0.7943819,High Risk,8592
719,40,9,0.0,2,182224.14,Spain,Female,0,1,0,0.97382563,High Risk,8593
610,36,7,115462.02,1,42581.04,Germany,Male,1,0,0,0.99231756,High Risk,8594
722,37,9,0.0,2,31921.95,Spain,Male,0,1,0,0.9973857,High Risk,8595
758,23,5,122739.1,1,102460.84,Germany,Female,0,1,1,0.6923401,Medium Risk,8596
709,32,2,0.0,2,109681.29,France,Female,0,0,0,0.5534067,Medium Risk,8597
634,53,3,113781.5,2,106345.05,Germany,Female,1,1,1,0.6261376,Medium Risk,8598
678,49,1,0.0,2,102472.9,Spain,Female,1,1,0,0.985836,High Risk,8599
633,35,3,0.0,2,36249.76,France,Male,1,1,0,0.98299545,High Risk,8600
710,43,9,128284.45,1,32996.89,France,Male,0,1,1,0.84835833,High Risk,8601
640,45,8,120591.19,1,195123.94,Germany,Male,0,0,0,0.974664,High Risk,8602
656,63,8,0.0,2,57014.43,France,Male,1,0,0,0.9990194,High Risk,8603
551,59,2,166968.28,1,159483.76,France,Female,0,1,1,0.86725354,High Risk,8604
786,39,7,0.0,2,100929.59,Spain,Female,0,0,0,0.44925913,Medium Risk,8605
561,49,8,0.0,2,12513.07,France,Female,1,1,0,0.9630153,High Risk,8606
807,42,5,0.0,2,74900.9,Spain,Male,1,1,0,0.99075764,High Risk,8607
602,38,2,71667.97,2,137111.89,Germany,Male,0,0,0,0.8944445,High Risk,8608
727,31,3,82729.47,2,60212.51,Germany,Female,0,1,0,0.9838238,High Risk,8609
678,40,1,0.0,2,187343.4,France,Male,1,1,0,0.99763036,High Risk,8610
730,23,8,0.0,2,183284.53,France,Male,0,1,0,0.6729253,Medium Risk,8611
596,30,1,0.0,2,8125.39,Spain,Female,0,1,0,0.99512595,High Risk,8612
686,39,3,129626.19,2,103220.56,Germany,Male,1,1,0,0.9943157,High Risk,8613
684,26,2,114035.39,1,96885.19,Germany,Female,0,0,0,0.74590164,High Risk,8614
797,32,1,151922.94,1,8877.06,Germany,Male,0,1,0,0.70484406,High Risk,8615
658,39,4,0.0,1,147530.06,France,Female,1,1,0,0.9947924,High Risk,8616
653,27,6,107751.68,2,33389.42,Spain,Female,1,1,0,0.6894544,Medium Risk,8617
641,37,6,0.0,2,45309.24,France,Male,0,1,0,0.70076746,High Risk,8618
656,41,6,101179.23,2,35230.61,Spain,Female,1,1,0,0.9358861,High Risk,8619
750,36,6,0.0,2,59816.41,Spain,Female,1,1,0,0.9838238,High Risk,8620
768,40,8,0.0,2,69080.46,France,Female,1,0,0,0.98776245,High Risk,8621
568,33,7,0.0,2,143450.61,France,Male,0,1,0,0.99231756,High Risk,8622
706,36,9,58571.18,2,40774.01,Germany,Male,0,1,0,0.968322,High Risk,8623
430,38,8,153058.64,1,99377.27,Germany,Female,0,1,0,0.9081794,High Risk,8624
745,35,4,98270.34,1,133617.43,Germany,Male,0,1,0,0.7955368,High Risk,8625
747,43,1,130788.71,1,101495.0,France,Male,1,0,1,0.99845815,High Risk,8626
657,40,7,99165.84,1,119333.95,Germany,Male,1,0,1,0.5692201,Medium Risk,8627
639,42,4,0.0,2,167682.37,France,Female,0,0,0,0.97041166,High Risk,8628
704,44,3,0.0,2,152884.85,France,Male,1,0,0,0.9842465,High Risk,8629
651,23,4,115636.05,2,70400.86,Spain,Male,0,1,0,0.50771004,Medium Risk,8630
706,44,2,185932.18,2,65413.41,Germany,Female,0,1,0,0.68425333,Medium Risk,8631
632,30,2,72549.0,2,182728.8,Germany,Male,1,0,0,0.9973857,High Risk,8632
751,42,4,0.0,2,81442.6,France,Male,1,1,0,0.7446548,High Risk,8633
767,35,2,0.0,2,144251.38,France,Female,0,0,0,0.9853935,High Risk,8634
741,39,5,0.0,1,40207.06,France,Male,1,0,0,0.61705965,Medium Risk,8635
651,29,3,121890.06,1,54530.51,Germany,Male,0,1,1,0.43144652,Medium Risk,8636
601,46,2,99786.07,1,32683.88,France,Male,1,1,1,0.7524989,High Risk,8637
520,34,3,0.0,2,104703.96,France,Male,1,1,0,0.5839489,Medium Risk,8638
626,27,4,115084.53,2,26907.43,Germany,Male,1,0,0,0.9961028,High Risk,8639
811,30,6,0.0,2,180591.32,France,Male,1,1,0,0.8467937,High Risk,8640
730,32,9,127661.69,1,60905.51,France,Female,0,0,0,0.9908222,High Risk,8641
604,47,4,118907.6,1,47777.15,Germany,Female,1,0,1,0.5718655,Medium Risk,8642
499,44,6,77627.33,2,108222.68,Germany,Female,0,1,0,0.9949444,High Risk,8643
754,40,2,160625.17,1,3554.63,Spain,Male,1,0,0,0.99410903,High Risk,8644
716,29,8,0.0,2,78616.92,Spain,Female,0,0,0,0.6562869,Medium Risk,8645
636,20,10,124266.86,1,100566.81,France,Female,0,0,0,0.43144652,Medium Risk,8646
470,25,8,127974.06,2,183259.35,France,Female,1,1,0,0.99780875,High Risk,8647
444,43,3,0.0,2,159131.21,France,Male,1,1,0,0.8849667,High Risk,8648
809,48,2,0.0,1,160976.85,Spain,Female,0,1,1,0.9990532,High Risk,8649
850,30,3,104911.35,2,42933.26,Germany,Female,1,1,0,0.96031564,High Risk,8650
637,27,1,0.0,2,91291.2,France,Male,0,1,0,0.986705,High Risk,8651
512,43,1,0.0,2,52471.36,France,Male,1,1,0,0.43144652,Medium Risk,8652
774,43,1,110646.54,1,108804.28,Spain,Female,0,0,0,0.9853935,High Risk,8653
641,57,5,0.0,2,122449.18,France,Male,1,1,0,0.34777498,Low Risk,8654
586,42,6,126704.49,2,41682.3,Germany,Male,0,1,0,0.6529477,Medium Risk,8655
611,30,9,0.0,2,148887.69,France,Male,1,1,0,0.9934088,High Risk,8656
660,31,1,84560.04,1,137784.25,Spain,Male,1,1,0,0.9936342,High Risk,8657
532,43,9,0.0,2,190573.91,France,Male,0,0,1,0.6068107,Medium Risk,8658
557,38,2,129893.56,1,102076.03,Germany,Female,0,0,0,0.941952,High Risk,8659
730,25,5,167385.81,1,56307.51,Spain,Male,1,1,0,0.81186426,High Risk,8660
535,27,6,0.0,2,49775.58,France,Female,1,0,0,0.9918955,High Risk,8661
773,36,4,105858.71,1,4395.45,Germany,Female,1,0,0,0.9492423,High Risk,8662
510,44,4,123070.89,1,28461.29,Germany,Female,0,1,1,0.5181338,Medium Risk,8663
539,39,1,0.0,1,28184.7,France,Male,1,1,0,0.9987173,High Risk,8664
690,48,2,0.0,2,3149.1,Spain,Female,1,1,0,0.7436671,High Risk,8665
821,40,1,0.0,2,194273.12,France,Female,0,1,0,0.5783935,Medium Risk,8666
687,35,1,125141.24,2,148537.07,Germany,Male,1,1,0,0.7606518,High Risk,8667
557,46,4,96173.17,2,116378.31,France,Female,1,1,0,0.9339267,High Risk,8668
532,37,5,0.0,2,6761.84,Spain,Female,1,0,0,0.86725354,High Risk,8669
540,39,2,0.0,2,81995.92,Spain,Male,0,1,0,0.9939177,High Risk,8670
705,55,8,0.0,2,14392.68,France,Female,1,1,0,0.9976471,High Risk,8671
542,35,9,127543.11,2,468.94,Germany,Female,0,1,1,0.9992011,High Risk,8672
706,38,1,0.0,2,122379.54,France,Male,0,1,0,0.4458471,Medium Risk,8673
765,56,1,0.0,1,13228.93,France,Female,0,1,1,0.9692657,High Risk,8674
529,67,8,103101.56,2,154002.02,France,Male,1,1,1,0.977459,High Risk,8675
714,54,7,126113.28,1,112777.38,France,Male,0,1,0,0.9830831,High Risk,8676
582,41,1,40488.76,1,128528.83,France,Male,0,1,0,0.9960425,High Risk,8677
609,40,10,137389.77,2,170122.22,Germany,Female,0,1,0,0.7090069,High Risk,8678
518,28,9,85146.36,1,2803.89,France,Female,0,0,0,0.9692657,High Risk,8679
791,35,5,129828.58,1,181918.26,Germany,Male,1,1,1,0.6336259,Medium Risk,8680
747,42,4,80214.36,1,115241.96,France,Male,0,1,1,0.98965913,High Risk,8681
565,40,2,0.0,2,129956.13,France,Female,1,1,0,0.6710051,Medium Risk,8682
735,34,1,141796.43,1,45858.49,France,Male,0,1,0,0.9953153,High Risk,8683
697,49,7,195238.29,4,131083.56,France,Female,1,0,1,0.68425333,Medium Risk,8684
813,27,6,111348.15,1,46422.46,Germany,Male,0,1,0,0.85733265,High Risk,8685
772,43,6,0.0,2,57675.88,France,Male,1,1,0,0.9964018,High Risk,8686
606,71,8,0.0,2,169741.96,France,Female,1,1,0,0.5254974,Medium Risk,8687
667,42,10,64404.26,2,26022.37,Germany,Female,0,0,0,0.6733154,Medium Risk,8688
637,40,9,154309.67,1,125334.16,Germany,Male,1,1,1,0.43738797,Medium Risk,8689
542,67,10,129431.36,1,21343.74,France,Male,1,0,0,0.9185739,High Risk,8690
762,43,5,134204.67,1,139971.01,Spain,Female,1,1,0,0.9394126,High Risk,8691
698,39,4,0.0,2,47455.82,France,Female,1,0,0,0.9973182,High Risk,8692
850,32,8,0.0,2,55593.8,France,Female,1,1,0,0.9962023,High Risk,8693
621,50,5,0.0,2,191756.54,France,Female,0,1,1,0.9838238,High Risk,8694
671,48,9,116711.06,2,76373.38,Germany,Female,0,0,0,0.62754667,Medium Risk,8695
775,31,9,0.0,2,169278.51,France,Male,0,1,0,0.98991185,High Risk,8696
504,34,0,54980.81,1,136909.88,Spain,Male,1,1,0,0.98574764,High Risk,8697
751,37,3,99773.85,2,54865.92,Spain,Female,0,1,0,0.9944396,High Risk,8698
691,30,7,101231.77,2,156529.44,Germany,Male,0,0,0,0.9905161,High Risk,8699
841,32,2,117070.21,1,113482.2,Germany,Male,0,1,0,0.62809825,Medium Risk,8700
709,23,8,73314.04,2,63446.47,Germany,Male,0,1,0,0.6294476,Medium Risk,8701
673,37,2,0.0,1,13624.02,France,Male,1,1,0,0.9930889,High Risk,8702
541,37,9,212314.03,1,148814.54,France,Male,1,0,0,0.99035245,High Risk,8703
661,31,3,136067.82,2,65567.91,France,Female,0,1,0,0.51192033,Medium Risk,8704
784,42,2,109052.04,2,6409.55,Spain,Female,0,1,0,0.9987404,High Risk,8705
742,35,2,79126.17,1,126997.53,France,Female,1,1,0,0.98366064,High Risk,8706
850,55,7,0.0,1,171762.87,Spain,Female,0,0,1,0.9737768,High Risk,8707
443,35,9,108308.0,1,129031.19,France,Female,0,1,1,0.9875723,High Risk,8708
778,48,3,102290.56,2,182691.31,Germany,Female,0,1,0,0.5030908,Medium Risk,8709
529,39,6,102025.08,2,12351.01,France,Male,0,1,0,0.97172,High Risk,8710
678,37,2,113383.07,1,135123.96,Germany,Female,1,1,0,0.9599864,High Risk,8711
516,65,9,102541.1,1,181490.42,Spain,Female,0,1,0,0.99770087,High Risk,8712
469,35,5,0.0,2,186490.37,Spain,Male,0,1,0,0.9805135,High Risk,8713
786,40,6,0.0,2,41248.8,Spain,Male,0,0,0,0.9143402,High Risk,8714
703,41,6,109941.51,1,116267.28,France,Female,0,1,0,0.7459995,High Risk,8715
579,41,0,141749.68,1,9201.53,Germany,Male,1,0,0,0.9885787,High Risk,8716
565,38,5,0.0,2,80630.32,France,Male,1,0,0,0.9859346,High Risk,8717
443,44,2,0.0,1,159165.7,France,Male,0,1,0,0.5783935,Medium Risk,8718
589,37,7,85146.48,2,86490.09,France,Male,0,1,1,0.9978071,High Risk,8719
691,44,6,134066.1,2,197572.41,France,Female,1,1,0,0.4899783,Medium Risk,8720
711,28,8,0.0,2,105159.89,France,Female,0,0,0,0.9906632,High Risk,8721
775,27,4,0.0,1,40807.26,Spain,Male,1,1,0,0.43144652,Medium Risk,8722
621,35,7,87619.29,1,143.34,France,Male,0,1,0,0.98875964,High Risk,8723
350,51,10,0.0,1,125823.79,France,Male,1,1,1,0.9856145,High Risk,8724
668,30,8,0.0,2,138465.7,Spain,Female,0,1,0,0.9886742,High Risk,8725
633,27,3,0.0,2,44008.91,Spain,Male,0,1,0,0.81899387,High Risk,8726
697,43,8,103409.16,1,66893.28,Germany,Male,0,1,1,0.7593675,High Risk,8727
734,30,7,123040.38,1,76503.06,Germany,Female,1,1,0,0.48069128,Medium Risk,8728
434,41,4,108128.52,1,56784.11,France,Male,1,0,0,0.6320479,Medium Risk,8729
646,48,8,169023.33,2,175657.55,Germany,Male,1,1,0,0.74129194,High Risk,8730
764,30,5,0.0,2,105155.66,France,Male,1,0,0,0.95453966,High Risk,8731
727,41,10,0.0,2,47468.56,Spain,Female,1,0,0,0.9758152,High Risk,8732
724,29,6,0.0,2,64729.51,France,Female,1,0,0,0.9798269,High Risk,8733
749,42,9,222267.63,1,101108.85,Spain,Male,0,0,1,0.78942806,High Risk,8734
706,47,10,144090.42,1,140938.95,Germany,Female,0,1,1,0.9949588,High Risk,8735
728,30,10,114835.43,1,37662.49,France,Male,1,0,0,0.67821443,Medium Risk,8736
636,44,2,0.0,2,86414.41,France,Male,0,0,0,0.5867379,Medium Risk,8737
634,34,3,145030.92,1,41820.65,France,Male,1,1,0,0.5204896,Medium Risk,8738
627,43,8,71240.3,1,127734.16,France,Male,1,0,0,0.6717305,Medium Risk,8739
518,59,5,138772.15,1,123872.0,France,Male,1,0,0,0.54119945,Medium Risk,8740
687,29,7,93617.07,1,113050.92,Spain,Female,1,0,0,0.6441104,Medium Risk,8741
622,23,8,0.0,2,131389.39,Spain,Female,1,1,0,0.5054422,Medium Risk,8742
693,45,4,0.0,2,26589.56,Spain,Female,1,1,0,0.9908222,High Risk,8743
450,25,9,74237.2,2,195463.35,Spain,Male,1,0,0,0.976253,High Risk,8744
664,49,5,127421.78,2,108876.75,Germany,Female,0,1,1,0.6294476,Medium Risk,8745
663,28,8,61274.7,2,136054.45,Spain,Female,0,1,0,0.6562869,Medium Risk,8746
660,34,8,106486.66,2,182262.66,France,Male,1,0,0,0.9928422,High Risk,8747
579,29,10,73194.52,2,129209.09,France,Female,1,1,0,0.9976471,High Risk,8748
655,44,6,146498.76,1,64853.51,Germany,Female,0,1,1,0.89342475,High Risk,8749
683,47,1,0.0,2,148989.15,France,Male,0,1,0,0.98875964,High Risk,8750
655,32,2,0.0,1,71047.51,France,Female,1,1,0,0.9623019,High Risk,8751
575,30,8,0.0,2,185341.63,Spain,Female,0,1,0,0.7154053,High Risk,8752
574,30,5,120355.0,1,137793.35,Spain,Male,0,1,0,0.83637416,High Risk,8753
795,32,2,117265.21,1,198317.23,France,Male,1,1,0,0.9920753,High Risk,8754
776,43,4,0.0,2,162137.5,France,Female,1,0,0,0.7450699,High Risk,8755
707,52,7,0.0,1,109688.82,Spain,Female,0,1,1,0.7134324,High Risk,8756
705,37,3,109974.22,1,36320.87,Germany,Female,1,1,1,0.34777498,Low Risk,8757
678,44,2,98009.13,2,31384.86,Germany,Female,1,0,0,0.5294213,Medium Risk,8758
663,34,10,0.0,1,114083.73,France,Male,1,1,0,0.7264969,High Risk,8759
748,66,8,0.0,1,163331.65,France,Male,1,1,0,0.9814641,High Risk,8760
677,34,10,171671.9,1,50777.77,Spain,Female,1,1,0,0.99845815,High Risk,8761
634,63,10,0.0,2,30772.86,Spain,Male,0,1,1,0.57965904,Medium Risk,8762
350,60,3,0.0,1,113796.15,France,Female,0,0,1,0.7255311,High Risk,8763
727,61,0,128213.96,2,188729.08,France,Male,1,1,1,0.9976471,High Risk,8764
773,51,8,116197.65,2,86701.4,Germany,Male,1,1,0,0.9930754,High Risk,8765
675,39,1,0.0,2,153129.22,France,Male,0,1,0,0.9926664,High Risk,8766
649,36,6,86607.39,1,19825.09,Spain,Female,0,0,0,0.99213916,High Risk,8767
552,29,10,0.0,2,12186.83,France,Male,0,1,0,0.9926051,High Risk,8768
761,62,5,98854.34,1,86920.97,Germany,Male,0,0,1,0.43144652,Medium Risk,8769
622,31,7,0.0,1,35408.77,France,Male,0,1,0,0.99222285,High Risk,8770
615,59,8,0.0,2,165576.55,France,Male,1,1,0,0.34777498,Low Risk,8771
681,31,4,97338.19,2,48226.76,Germany,Male,0,0,0,0.9440024,High Risk,8772
768,30,6,0.0,2,199454.37,France,Male,1,1,0,0.98366064,High Risk,8773
617,34,9,0.0,2,118749.58,Spain,Male,0,1,0,0.84645987,High Risk,8774
452,33,6,131698.57,2,151623.91,France,Female,0,1,0,0.9599864,High Risk,8775
807,37,10,130110.45,2,172097.95,Germany,Male,1,0,0,0.9895634,High Risk,8776
567,44,9,0.0,2,87677.15,Spain,Male,0,1,0,0.976253,High Risk,8777
603,24,1,165149.13,2,21858.28,Spain,Male,0,1,0,0.85346913,High Risk,8778
617,37,9,101707.8,1,123866.28,Spain,Female,0,1,0,0.99589443,High Risk,8779
701,34,3,105588.66,1,74694.41,France,Female,1,0,0,0.7252633,High Risk,8780
820,39,9,111336.89,1,16770.31,Germany,Male,0,1,1,0.54119945,Medium Risk,8781
438,60,7,78391.17,1,49424.6,France,Male,1,0,0,0.99379236,High Risk,8782
600,27,6,0.0,2,172031.22,Spain,Female,1,1,0,0.99401045,High Risk,8783
782,34,9,0.0,1,183021.06,France,Male,0,1,1,0.7913999,High Risk,8784
638,41,9,144326.09,1,73979.85,Germany,Female,0,1,1,0.99201363,High Risk,8785
850,27,1,101278.25,2,26265.18,Germany,Male,1,1,0,0.5935316,Medium Risk,8786
741,19,8,108711.57,2,24857.25,Germany,Female,0,1,0,0.98229283,High Risk,8787
689,73,1,108555.07,1,167969.15,Spain,Male,1,0,0,0.87002105,High Risk,8788
743,35,1,146781.24,1,189307.7,Germany,Female,0,1,0,0.96705574,High Risk,8789
493,36,2,0.0,2,99770.3,France,Female,1,0,0,0.8085209,High Risk,8790
416,35,8,0.0,1,119712.78,Spain,Male,0,0,0,0.49842498,Medium Risk,8791
725,25,9,0.0,2,168607.74,France,Female,1,1,0,0.438148,Medium Risk,8792
497,34,2,0.0,2,83087.13,France,Male,1,1,0,0.50809276,Medium Risk,8793
537,66,8,103291.25,2,130664.79,Germany,Male,1,1,0,0.9758252,High Risk,8794
706,29,1,209490.21,1,133267.69,Spain,Female,1,1,1,0.43772563,Medium Risk,8795
651,38,2,0.0,3,67029.82,Spain,Male,0,1,1,0.99748564,High Risk,8796
720,33,2,0.0,2,141031.08,France,Male,1,0,0,0.9440024,High Risk,8797
797,45,8,0.0,1,125110.02,France,Male,0,0,0,0.9885787,High Risk,8798
543,23,5,0.0,2,117832.39,Spain,Male,0,1,0,0.53327465,Medium Risk,8799
454,34,4,0.0,2,198817.72,France,Male,0,1,0,0.5783935,Medium Risk,8800
691,37,9,149405.18,1,146411.6,France,Male,1,1,0,0.99780875,High Risk,8801
510,52,6,191665.21,1,131312.56,France,Female,1,1,1,0.7317037,High Risk,8802
792,40,7,0.0,1,141652.2,Spain,Female,0,1,0,0.43772563,Medium Risk,8803
721,41,6,135071.12,1,64477.25,France,Male,1,1,0,0.64452404,Medium Risk,8804
765,41,2,0.0,2,191215.61,France,Male,1,0,0,0.67136395,Medium Risk,8805
850,39,8,0.0,2,37090.44,Spain,Male,1,1,0,0.8381923,High Risk,8806
681,38,6,181804.34,2,57517.71,Germany,Male,1,1,0,0.75172174,High Risk,8807
586,60,3,47020.65,2,63241.21,France,Female,1,0,1,0.7146422,High Risk,8808
753,36,7,128518.98,1,44567.83,France,Female,1,1,1,0.78140473,High Risk,8809
593,38,5,142658.04,2,135337.11,Germany,Female,1,0,0,0.824172,High Risk,8810
674,21,9,120150.39,2,33964.03,France,Female,1,1,0,0.54465264,Medium Risk,8811
610,35,7,81905.95,1,61623.19,France,Female,1,1,0,0.99771607,High Risk,8812
652,26,3,137998.2,2,168989.77,France,Male,1,0,0,0.74590164,High Risk,8813
850,26,8,123126.29,1,74425.41,Germany,Female,0,1,0,0.9242133,High Risk,8814
740,51,4,0.0,2,178929.84,France,Female,1,1,0,0.39078698,Low Risk,8815
637,43,1,135645.29,2,101382.86,Germany,Male,1,0,1,0.9758152,High Risk,8816
685,31,7,122449.31,2,180769.55,Spain,Male,1,1,0,0.8662853,High Risk,8817
558,40,4,161766.87,1,92378.54,Spain,Male,0,0,0,0.67683434,Medium Risk,8818
677,37,3,0.0,2,38252.25,France,Female,1,1,0,0.9949626,High Risk,8819
592,36,10,123187.51,1,146111.35,Germany,Male,1,0,0,0.98991185,High Risk,8820
652,36,9,150956.71,1,72350.17,Germany,Male,0,0,0,0.5294213,Medium Risk,8821
662,42,6,105021.28,1,48242.38,Spain,Female,0,1,0,0.74315494,High Risk,8822
543,64,4,0.0,2,148305.82,France,Male,1,1,0,0.70076746,High Risk,8823
675,50,1,133204.91,1,8270.06,Spain,Female,1,0,0,0.5697558,Medium Risk,8824
643,35,6,0.0,2,41549.64,Spain,Female,1,1,0,0.99577516,High Risk,8825
611,49,9,115488.52,2,138656.81,Germany,Female,1,1,1,0.9856145,High Risk,8826
412,29,5,0.0,2,12510.53,France,Male,0,0,0,0.99780875,High Risk,8827
638,41,7,0.0,2,43889.41,Spain,Male,0,1,0,0.99964225,High Risk,8828
824,38,3,0.0,2,192800.25,Spain,Female,0,1,0,0.9918955,High Risk,8829
683,40,1,0.0,2,75762.0,France,Female,0,0,0,0.974664,High Risk,8830
562,39,6,130565.02,1,9854.72,Germany,Female,0,1,1,0.43144652,Medium Risk,8831
599,41,2,91328.71,1,115724.78,France,Female,0,1,0,0.48848805,Medium Risk,8832
753,35,4,0.0,2,106303.4,France,Male,1,1,0,0.9692657,High Risk,8833
594,50,7,81310.34,1,183868.01,France,Male,1,1,0,0.25939992,Low Risk,8834
657,34,3,107136.6,1,153895.46,France,Male,0,1,0,0.6663867,Medium Risk,8835
716,34,9,0.0,1,66695.71,Spain,Male,1,1,0,0.43144652,Medium Risk,8836
850,43,7,0.0,2,173851.11,France,Male,1,1,0,0.75007397,High Risk,8837
664,46,2,0.0,1,177423.02,France,Male,1,1,1,0.7436671,High Risk,8838
558,33,0,108477.49,1,109096.71,France,Male,1,1,1,0.09324729,Low Risk,8839
606,40,1,144757.97,2,166656.18,Germany,Male,1,1,0,0.96703625,High Risk,8840
776,33,2,0.0,2,176921.0,Spain,Male,1,1,0,0.9961028,High Risk,8841
557,36,1,113110.26,1,98413.1,Spain,Male,0,1,0,0.50345665,Medium Risk,8842
614,27,9,106414.57,2,77500.81,France,Female,0,0,0,0.96893287,High Risk,8843
620,42,4,106920.91,1,119747.08,Spain,Male,1,0,0,0.6019847,Medium Risk,8844
695,35,7,0.0,2,160387.98,Spain,Male,0,1,0,0.99793625,High Risk,8845
729,39,1,131513.26,1,193715.0,Germany,Female,1,1,0,0.97418165,High Risk,8846
571,53,2,0.0,2,28045.77,France,Female,0,1,0,0.9911379,High Risk,8847
457,40,10,134320.23,2,150757.35,France,Male,0,1,0,0.9805135,High Risk,8848
559,29,3,79715.36,1,82252.28,France,Female,0,1,0,0.4505659,Medium Risk,8849
664,38,4,74306.19,2,154395.56,France,Female,0,1,0,0.9944002,High Risk,8850
500,50,5,0.0,4,83866.35,Spain,Female,1,1,1,0.98469096,High Risk,8851
782,42,7,126428.38,1,39830.1,Germany,Male,0,1,0,0.5571451,Medium Risk,8852
708,38,8,99640.89,1,12429.22,Spain,Male,0,1,0,0.6460302,Medium Risk,8853
681,43,3,66338.68,1,18772.5,France,Male,1,1,1,0.9797055,High Risk,8854
674,39,6,0.0,2,9574.83,Spain,Female,1,1,0,0.9234214,High Risk,8855
697,43,10,128226.37,1,188486.94,Spain,Male,0,0,0,0.99702376,High Risk,8856
774,26,5,0.0,2,64716.08,France,Female,1,1,0,0.772414,High Risk,8857
624,36,6,0.0,2,84749.96,France,Male,0,0,0,0.99866176,High Risk,8858
747,37,1,0.0,2,180551.76,Spain,Male,1,0,0,0.99003196,High Risk,8859
715,32,10,0.0,2,60907.49,France,Female,0,1,0,0.98680854,High Risk,8860
808,24,4,122168.65,1,174107.04,France,Male,0,1,0,0.98400396,High Risk,8861
678,43,7,178074.33,1,110405.9,France,Female,0,0,0,0.64687574,Medium Risk,8862
813,59,2,135078.41,1,187636.06,Germany,Male,0,1,1,0.9985482,High Risk,8863
687,38,8,69434.4,2,66580.13,Spain,Male,1,1,1,0.65432227,Medium Risk,8864
832,29,5,0.0,2,178779.52,France,Female,0,1,0,0.67136395,Medium Risk,8865
668,72,2,0.0,2,70783.61,France,Male,1,1,0,0.5783935,Medium Risk,8866
526,34,3,122726.56,1,46772.36,Germany,Male,1,1,0,0.9938929,High Risk,8867
457,38,7,164496.99,1,163327.27,France,Female,1,1,0,0.98821485,High Risk,8868
649,38,8,0.0,1,103760.53,Spain,Female,0,1,0,0.67821443,Medium Risk,8869
669,41,0,150219.41,2,107839.03,France,Female,0,0,0,0.9973182,High Risk,8870
668,42,8,187534.79,1,32900.41,France,Male,1,1,1,0.30895284,Low Risk,8871
466,30,3,0.0,1,193984.6,France,Female,0,1,0,0.977382,High Risk,8872
685,30,2,0.0,2,140889.32,France,Male,1,1,0,0.6952937,Medium Risk,8873
610,34,0,103108.17,1,125646.82,France,Male,0,0,0,0.9733847,High Risk,8874
582,50,6,96486.57,2,20344.02,Germany,Female,1,1,0,0.29072845,Low Risk,8875
702,36,9,90560.48,2,174268.87,Germany,Male,0,1,0,0.9945943,High Risk,8876
556,46,3,131764.96,1,108500.66,Spain,Male,1,1,1,0.968322,High Risk,8877
812,24,1,92476.88,1,83247.14,Spain,Female,0,0,0,0.54061526,Medium Risk,8878
645,47,9,152076.93,1,121840.2,Germany,Male,0,1,1,0.6277947,Medium Risk,8879
809,43,2,0.0,2,132908.07,France,Male,1,1,0,0.60627705,Medium Risk,8880
560,49,4,0.0,1,100075.1,France,Male,1,1,1,0.9866231,High Risk,8881
744,29,1,43504.42,1,119327.75,France,Male,1,1,0,0.72248197,High Risk,8882
731,39,2,0.0,2,136737.13,Spain,Female,0,1,0,0.9904991,High Risk,8883
471,28,5,0.0,2,22356.97,Spain,Female,1,1,0,0.34901834,Low Risk,8884
686,38,2,93569.86,3,10137.34,Germany,Female,0,0,1,0.97041076,High Risk,8885
668,45,4,102486.21,2,158379.25,Spain,Male,1,1,0,0.8010919,High Risk,8886
575,36,1,0.0,1,94570.56,France,Male,1,0,0,0.9908049,High Risk,8887
435,37,8,114346.3,1,980.93,Germany,Male,1,0,1,0.9925822,High Risk,8888
743,23,3,110203.77,1,95583.45,France,Male,0,1,0,0.5697558,Medium Risk,8889
580,39,9,128362.59,1,86044.98,France,Female,0,1,0,0.63597995,Medium Risk,8890
599,49,10,143888.22,2,166236.38,Germany,Female,1,1,1,0.74590164,High Risk,8891
534,34,5,170600.78,1,5240.53,Spain,Male,1,0,0,0.4505659,Medium Risk,8892
680,32,5,0.0,1,150684.23,France,Female,1,1,0,0.6998134,Medium Risk,8893
631,46,10,0.0,2,129508.96,Spain,Female,1,1,0,0.9911379,High Risk,8894
485,39,2,75339.64,1,70665.16,France,Female,1,1,0,0.8944445,High Risk,8895
699,40,8,122038.34,1,102085.35,France,Female,0,1,0,0.9859346,High Risk,8896
712,34,1,0.0,2,195052.12,France,Male,1,1,0,0.9957995,High Risk,8897
603,51,8,186825.57,1,93739.71,France,Male,0,1,1,0.74590164,High Risk,8898
850,40,6,124788.18,1,65612.12,France,Male,0,1,0,0.88654006,High Risk,8899
584,41,3,0.0,2,160095.48,France,Female,1,1,0,0.61873245,Medium Risk,8900
604,71,2,0.0,2,49506.82,France,Female,1,1,0,0.27978507,Low Risk,8901
586,51,2,138553.57,1,92406.22,France,Male,1,1,0,0.71604556,High Risk,8902
467,39,5,0.0,2,7415.96,Spain,Male,1,1,0,0.34901834,Low Risk,8903
520,35,9,105387.89,1,25059.06,France,Male,1,1,0,0.5692201,Medium Risk,8904
683,40,4,95053.1,1,116816.54,Spain,Male,1,1,1,0.6792513,Medium Risk,8905
557,36,3,0.0,1,144078.02,France,Male,1,0,0,0.9919624,High Risk,8906
613,32,0,0.0,2,126675.62,Spain,Female,1,0,0,0.9623019,High Risk,8907
786,34,3,137361.96,1,183682.09,France,Male,0,0,0,0.9948755,High Risk,8908
593,32,10,158537.42,1,166850.57,Spain,Male,0,1,0,0.99512595,High Risk,8909
670,29,9,0.0,2,27359.19,Spain,Female,0,1,0,0.6561557,Medium Risk,8910
657,48,5,143595.87,1,101314.65,Germany,Female,0,0,1,0.6562869,Medium Risk,8911
718,32,9,169947.41,2,27979.16,Germany,Male,1,1,0,0.994829,High Risk,8912
623,24,7,148167.83,2,109470.34,France,Female,1,1,0,0.9911379,High Risk,8913
496,31,5,0.0,2,93713.13,France,Male,0,1,0,0.74957263,High Risk,8914
429,39,6,48023.83,1,74870.99,France,Female,0,1,0,0.99879164,High Risk,8915
606,36,1,155655.46,1,192387.51,France,Male,1,1,1,0.76263154,High Risk,8916
499,46,6,0.0,2,73457.55,France,Female,0,1,0,0.99879164,High Risk,8917
642,62,7,0.0,2,61120.75,France,Male,1,1,0,0.97418165,High Risk,8918
641,52,4,0.0,1,90964.54,France,Female,0,1,1,0.99879164,High Risk,8919
673,32,8,121240.76,1,116969.73,France,Male,0,1,0,0.9073193,High Risk,8920
570,36,3,0.0,2,92118.75,France,Female,0,1,0,0.9733847,High Risk,8921
472,37,1,0.0,2,48357.9,France,Female,1,1,0,0.9892306,High Risk,8922
550,35,9,129847.75,2,197325.4,Germany,Male,0,1,0,0.30895284,Low Risk,8923
625,55,8,118772.71,4,135853.62,Germany,Female,0,0,1,0.35289434,Low Risk,8924
516,46,2,0.0,2,169122.54,France,Male,1,1,0,0.44150388,Medium Risk,8925
682,32,2,105163.88,2,164170.46,Germany,Male,1,1,0,0.9159386,High Risk,8926
620,28,8,0.0,2,199909.32,France,Male,1,1,0,0.9995372,High Risk,8927
626,39,0,0.0,2,83295.09,France,Female,1,1,0,0.9805135,High Risk,8928
623,29,1,0.0,2,39382.06,France,Female,0,0,0,0.7770031,High Risk,8929
569,35,4,93934.63,1,184748.23,France,Female,0,1,0,0.83637416,High Risk,8930
724,69,5,117866.92,1,62280.91,France,Female,1,1,0,0.976253,High Risk,8931
678,55,5,0.0,1,196794.11,France,Female,1,0,1,0.48145545,Medium Risk,8932
713,26,4,122857.46,2,144682.17,Spain,Female,0,1,1,0.88851434,High Risk,8933
631,32,10,0.0,2,196342.66,France,Male,1,0,0,0.88537264,High Risk,8934
846,37,6,127103.97,1,41516.44,France,Female,1,1,0,0.9925868,High Risk,8935
660,43,1,0.0,1,112026.1,France,Female,1,0,1,0.7701789,High Risk,8936
567,54,9,96402.96,1,52035.29,France,Male,0,0,1,0.40787992,Medium Risk,8937
731,31,1,132512.26,1,185466.85,France,Male,1,1,0,0.9838238,High Risk,8938
693,47,8,107604.66,1,80149.27,Spain,Male,1,1,0,0.9885787,High Risk,8939
772,34,9,0.0,2,170980.86,France,Male,0,1,0,0.7955368,High Risk,8940
657,38,7,0.0,2,185827.74,France,Male,0,1,0,0.824172,High Risk,8941
774,34,4,120875.23,2,113407.26,Germany,Male,1,0,0,0.99558544,High Risk,8942
667,37,9,71786.9,2,67734.79,France,Female,1,1,0,0.6269217,Medium Risk,8943
516,37,8,113143.12,1,3363.36,France,Female,0,0,0,0.47496727,Medium Risk,8944
551,49,1,150777.72,2,135757.27,Spain,Male,1,1,0,0.99064577,High Risk,8945
542,35,2,174894.53,1,22314.55,Spain,Male,1,1,0,0.7748454,High Risk,8946
623,28,7,0.0,1,129526.57,France,Male,0,0,0,0.98568475,High Risk,8947
701,43,2,160416.56,1,37266.43,France,Female,1,0,0,0.9599864,High Risk,8948
583,48,3,91246.53,1,60017.46,France,Male,0,1,1,0.89342475,High Risk,8949
731,46,10,0.0,2,153015.42,Spain,Male,0,1,0,0.99231756,High Risk,8950
461,35,5,0.0,1,54209.02,France,Female,1,1,0,0.9798269,High Risk,8951
702,23,7,98775.23,1,114603.96,Germany,Female,0,1,0,0.44038457,Medium Risk,8952
565,47,10,139756.12,1,165849.49,Germany,Female,0,1,1,0.43144652,Medium Risk,8953
711,42,3,177626.77,3,16392.72,Spain,Male,1,0,1,0.97662234,High Risk,8954
664,54,8,0.0,1,162719.69,France,Male,1,1,1,0.46466255,Medium Risk,8955
518,50,4,0.0,1,107112.25,Spain,Male,0,0,1,0.6729253,Medium Risk,8956
728,42,8,0.0,2,41823.22,Spain,Male,1,0,0,0.5692201,Medium Risk,8957
585,37,6,152496.82,1,99907.29,Germany,Male,1,1,0,0.99163705,High Risk,8958
573,52,8,0.0,2,178229.04,France,Male,1,0,0,0.9830831,High Risk,8959
568,26,1,112930.28,2,22095.73,Germany,Male,0,1,0,0.9885787,High Risk,8960
602,26,8,113674.2,1,197861.16,Germany,Female,0,1,1,0.81691116,High Risk,8961
603,44,9,0.0,1,138328.24,France,Male,0,1,0,0.9938817,High Risk,8962
687,38,0,144450.58,1,137276.83,France,Male,1,0,0,0.39078698,Low Risk,8963
741,52,1,171236.3,2,21834.4,France,Male,0,0,1,0.6952937,Medium Risk,8964
469,37,9,96776.49,1,119890.86,Spain,Male,1,1,0,0.9931815,High Risk,8965
477,58,8,145984.92,1,24564.7,Germany,Female,1,1,0,0.8559582,High Risk,8966
737,43,8,96353.8,1,10209.8,Germany,Male,0,0,0,0.8771564,High Risk,8967
835,25,7,0.0,2,83449.65,France,Male,1,1,0,0.99397945,High Risk,8968
717,33,0,115777.23,1,81508.1,Germany,Female,1,1,0,0.30332756,Low Risk,8969
562,51,7,122822.0,2,32626.21,France,Female,0,0,0,0.9934088,High Risk,8970
758,61,2,0.0,2,43982.41,Spain,Male,1,1,0,0.43738797,Medium Risk,8971
408,40,3,0.0,2,124874.23,France,Male,0,0,0,0.54942954,Medium Risk,8972
650,32,4,79450.09,1,118324.75,Spain,Female,1,1,0,0.99761057,High Risk,8973
582,33,2,122394.0,1,22113.93,Germany,Male,1,1,0,0.8792369,High Risk,8974
706,43,1,0.0,2,31962.77,Spain,Female,0,1,0,0.9911929,High Risk,8975
567,41,0,134378.89,1,105746.94,Germany,Male,1,1,0,0.95292735,High Risk,8976
720,29,2,0.0,2,39925.52,France,Male,0,1,0,0.97297275,High Risk,8977
631,31,2,88161.85,2,127630.88,Spain,Female,0,1,0,0.9875723,High Risk,8978
623,41,2,142412.13,1,28778.98,Spain,Male,0,1,0,0.6952937,Medium Risk,8979
514,35,3,121030.9,1,10008.68,France,Male,0,1,0,0.9920753,High Risk,8980
650,35,3,165982.43,2,24482.16,Germany,Female,1,1,0,0.99558544,High Risk,8981
673,35,6,0.0,2,98618.79,Spain,Female,0,1,0,0.968322,High Risk,8982
504,32,8,206663.75,1,16281.94,France,Female,0,0,0,0.98634535,High Risk,8983
723,37,3,94661.53,2,121239.65,Germany,Male,0,1,0,0.34901834,Low Risk,8984
645,25,0,174400.36,1,42669.37,France,Male,0,1,0,0.34901834,Low Risk,8985
664,41,7,123428.69,1,164924.11,Spain,Male,1,1,0,0.50345665,Medium Risk,8986
760,43,6,175735.5,1,157337.29,Spain,Male,1,1,0,0.97911686,High Risk,8987
766,36,5,78381.13,1,153831.6,Spain,Male,1,0,0,0.9830831,High Risk,8988
634,37,5,115345.86,2,168781.8,France,Male,0,0,0,0.54737985,Medium Risk,8989
640,31,10,118613.34,1,168469.65,Germany,Female,0,1,0,0.9919551,High Risk,8990
784,28,2,109960.06,2,170829.87,Germany,Male,1,1,0,0.9962023,High Risk,8991
547,42,1,142703.4,1,86207.49,Germany,Female,0,1,1,0.74590164,High Risk,8992
608,40,8,121729.42,1,61164.45,Germany,Female,0,0,0,0.7966556,High Risk,8993
547,35,4,0.0,1,133287.73,France,Female,1,1,0,0.96705574,High Risk,8994
612,43,4,139496.35,2,77128.23,France,Female,1,1,0,0.6049139,Medium Risk,8995
573,28,8,0.0,2,77660.03,Spain,Male,0,0,0,0.9984043,High Risk,8996
615,32,5,138521.83,1,56897.1,Spain,Male,1,1,0,0.9922633,High Risk,8997
710,33,2,0.0,2,72945.32,France,Female,0,1,0,0.36557052,Low Risk,8998
674,38,10,83727.68,1,45418.12,Germany,Female,0,1,0,0.9838238,High Risk,8999
702,38,9,0.0,2,158527.45,Spain,Female,1,1,0,0.39078698,Low Risk,9000
616,37,9,0.0,1,111312.96,France,Male,0,1,0,0.9692657,High Risk,9001
688,32,6,124179.3,1,138759.15,Spain,Male,1,1,0,0.99379647,High Risk,9002
605,36,7,128829.25,1,190588.59,France,Male,0,1,0,0.9599864,High Risk,9003
676,33,6,171490.78,1,79099.64,France,Male,0,0,0,0.4505659,Medium Risk,9004
708,33,3,0.0,2,138613.21,Spain,Male,0,1,0,0.93464094,High Risk,9005
745,38,7,0.0,2,194230.82,Spain,Female,1,1,0,0.34777498,Low Risk,9006
661,20,8,0.0,1,110252.53,Spain,Male,0,1,0,0.5867379,Medium Risk,9007
726,31,9,0.0,2,106117.3,France,Male,1,1,0,0.7955368,High Risk,9008
475,40,7,160818.08,1,169642.13,France,Male,1,0,1,0.99578685,High Risk,9009
751,54,9,156367.6,2,116179.92,Germany,Male,1,0,0,0.5867379,Medium Risk,9010
645,59,8,121669.93,2,91.75,Germany,Female,0,0,1,0.9885787,High Risk,9011
775,42,6,133970.22,2,187839.9,France,Male,1,0,0,0.99397945,High Risk,9012
540,41,3,0.0,2,121098.65,France,Male,0,1,0,0.6534077,Medium Risk,9013
591,34,3,96127.27,1,30972.06,France,Female,0,0,0,0.40349913,Medium Risk,9014
596,60,7,121907.97,1,30314.04,Spain,Male,1,0,0,0.109249584,Low Risk,9015
573,41,5,0.0,2,14479.29,Spain,Male,1,0,0,0.9190872,High Risk,9016
577,31,6,0.0,1,196395.25,Spain,Male,1,1,0,0.76263154,High Risk,9017
830,40,8,77701.64,1,19512.38,Germany,Female,1,0,0,0.49842498,Medium Risk,9018
663,67,9,0.0,3,72318.77,France,Male,1,1,0,0.9792044,High Risk,9019
421,34,2,0.0,2,96615.23,France,Male,1,1,0,0.40964165,Medium Risk,9020
718,34,5,113922.44,2,30772.22,Spain,Male,0,1,0,0.7672262,High Risk,9021
655,61,2,183997.7,2,161217.18,Germany,Female,1,1,0,0.5294213,Medium Risk,9022
712,23,2,0.0,2,66795.78,France,Male,1,0,0,0.778486,High Risk,9023
663,28,4,0.0,2,123969.64,France,Male,1,1,0,0.20558052,Low Risk,9024
640,47,6,89799.46,2,13783.77,France,Female,1,0,1,0.98484415,High Risk,9025
577,29,2,0.0,1,168924.41,Spain,Male,1,1,0,0.9245488,High Risk,9026
546,36,7,85660.96,1,134778.01,Spain,Female,0,0,0,0.9909797,High Risk,9027
802,37,9,115569.21,1,119782.89,Germany,Male,1,0,0,0.9866029,High Risk,9028
590,45,2,81828.22,1,52167.97,France,Female,0,1,0,0.96860045,High Risk,9029
594,18,1,132694.73,1,167689.56,Germany,Male,0,1,0,0.99483573,High Risk,9030
577,51,2,108867.0,1,140800.66,Spain,Male,0,0,1,0.99970764,High Risk,9031
541,39,7,0.0,2,19823.02,France,Male,0,1,0,0.9731487,High Risk,9032
781,27,5,0.0,2,72969.9,France,Female,0,0,0,0.6894864,Medium Risk,9033
806,34,2,96152.68,2,143711.02,Germany,Male,0,1,0,0.98076725,High Risk,9034
723,49,0,153855.52,1,180862.26,Germany,Female,1,1,1,0.6710051,Medium Risk,9035
535,45,2,0.0,2,125658.28,France,Male,0,1,0,0.9906461,High Risk,9036
768,36,3,141334.95,1,125870.5,France,Female,1,0,0,0.9983613,High Risk,9037
653,41,1,104584.11,1,15126.32,Germany,Male,0,1,1,0.5534067,Medium Risk,9038
803,50,8,98173.02,1,22457.25,Germany,Female,0,0,1,0.7450699,High Risk,9039
545,44,1,0.0,2,82614.89,Spain,Female,1,1,0,0.9798269,High Risk,9040
581,38,3,135157.05,1,32919.42,Germany,Female,1,1,0,0.98248553,High Risk,9041
513,49,5,171601.27,1,126223.84,Germany,Female,0,1,0,0.98299545,High Risk,9042
731,29,5,179539.2,1,112010.02,France,Male,0,0,0,0.9951374,High Risk,9043
727,39,5,80615.46,2,180962.32,Germany,Male,0,0,0,0.9733847,High Risk,9044
560,47,1,0.0,1,128882.66,Spain,Male,0,0,1,0.7770656,High Risk,9045
766,27,5,126285.73,1,177614.17,Germany,Male,0,1,1,0.9733847,High Risk,9046
630,23,4,137964.51,1,174570.55,Germany,Female,1,0,0,0.9854952,High Risk,9047
652,41,9,159434.03,1,178373.93,Germany,Male,0,1,0,0.9159503,High Risk,9048
729,40,5,113574.61,2,103396.08,Germany,Male,0,1,0,0.99488467,High Risk,9049
629,33,6,0.0,2,59129.72,France,Female,1,1,0,0.9830831,High Risk,9050
667,33,9,124573.33,2,683.37,Germany,Male,0,0,0,0.99075764,High Risk,9051
671,31,6,105864.6,2,145567.34,Germany,Female,0,1,0,0.99905926,High Risk,9052
768,47,5,104552.61,1,48137.08,Germany,Female,0,1,1,0.8691923,High Risk,9053
732,35,3,0.0,2,90876.95,France,Female,0,1,0,0.43144652,Medium Risk,9054
546,30,5,0.0,2,198543.09,France,Female,1,0,0,0.7146422,High Risk,9055
630,55,2,0.0,1,106202.07,France,Male,1,1,1,0.88091254,High Risk,9056
765,46,8,119492.88,2,166896.01,Germany,Female,1,0,1,0.43738797,Medium Risk,9057
704,33,0,130499.09,2,74804.36,France,Female,1,1,0,0.7497707,High Risk,9058
470,48,6,140576.11,1,116971.05,Spain,Female,1,1,0,0.9566305,High Risk,9059
688,34,9,91025.58,2,163783.0,Germany,Female,1,0,0,0.6104177,Medium Risk,9060
685,33,1,0.0,3,70221.13,France,Female,1,0,1,0.9544574,High Risk,9061
567,38,1,125877.65,2,107841.77,France,Female,1,1,0,0.48848805,Medium Risk,9062
720,64,3,45752.78,2,79623.28,Spain,Male,0,1,1,0.5030908,Medium Risk,9063
609,39,3,121778.71,1,138399.67,France,Male,1,1,0,0.6734849,Medium Risk,9064
521,49,2,127948.57,1,182765.14,Germany,Female,1,1,0,0.5254974,Medium Risk,9065
556,30,7,0.0,2,186648.19,France,Female,1,1,0,0.9733847,High Risk,9066
662,30,5,115286.68,2,149587.92,Germany,Male,1,1,0,0.9991943,High Risk,9067
704,41,9,62078.21,2,129050.67,Germany,Male,0,1,0,0.43738797,Medium Risk,9068
750,38,1,0.0,2,47764.99,France,Female,0,1,0,0.98648745,High Risk,9069
619,32,4,175406.13,2,172792.43,Spain,Female,1,1,1,0.9589658,High Risk,9070
468,26,1,131643.25,1,64436.16,Spain,Male,0,1,0,0.99049544,High Risk,9071
435,44,3,151739.65,1,167461.5,Germany,Male,0,1,0,0.72217065,High Risk,9072
529,43,6,93616.35,2,98348.66,France,Male,0,0,0,0.89342475,High Risk,9073
702,60,5,138597.54,2,41536.59,Germany,Female,1,1,1,0.99119097,High Risk,9074
608,41,5,0.0,2,72462.25,France,Female,1,1,0,0.8855648,High Risk,9075
576,40,9,0.0,2,112465.19,France,Male,0,1,1,0.99421704,High Risk,9076
666,27,1,85225.21,1,64511.44,France,Female,1,0,0,0.48069128,Medium Risk,9077
730,36,8,148749.29,2,91830.75,France,Female,0,1,0,0.8154026,High Risk,9078
647,52,7,130013.12,1,190806.36,Germany,Male,1,1,1,0.9449375,High Risk,9079
516,27,1,0.0,1,112311.15,Spain,Female,1,0,0,0.8021578,High Risk,9080
711,81,6,0.0,2,72276.24,France,Female,1,1,0,0.99217457,High Risk,9081
736,54,7,111729.47,2,84920.49,France,Male,1,0,0,0.14860974,Low Risk,9082
768,36,5,180169.44,2,17348.56,France,Female,0,1,0,0.99639374,High Risk,9083
427,40,8,0.0,2,82870.75,Spain,Male,1,1,0,0.83637416,High Risk,9084
686,47,6,0.0,1,32080.69,Spain,Female,0,1,1,0.9866231,High Risk,9085
690,42,5,0.0,2,120512.08,France,Female,1,0,0,0.6277947,Medium Risk,9086
647,29,2,0.0,2,179032.68,Spain,Female,0,1,0,0.7788411,High Risk,9087
714,35,3,0.0,2,95623.28,France,Male,1,1,0,0.5783935,Medium Risk,9088
736,36,8,103914.17,1,110035.88,Germany,Female,1,1,1,0.9996424,High Risk,9089
608,34,4,88772.87,1,168822.01,France,Female,1,1,0,0.75172174,High Risk,9090
809,39,5,0.0,1,77705.75,France,Female,0,1,0,0.8908237,High Risk,9091
745,40,6,131184.67,1,49815.62,France,Female,1,1,0,0.9885787,High Risk,9092
781,38,2,117810.79,1,65632.33,France,Male,1,0,1,0.99356836,High Risk,9093
527,31,4,0.0,1,169361.89,France,Male,0,1,0,0.8365049,High Risk,9094
595,32,0,92466.21,1,4721.3,Germany,Female,0,1,0,0.97418165,High Risk,9095
850,38,2,102741.15,2,23974.85,Germany,Female,1,0,0,0.9947924,High Risk,9096
569,37,9,178755.84,1,199929.17,France,Male,0,1,0,0.7464134,High Risk,9097
728,43,7,0.0,2,40023.7,France,Male,0,1,0,0.39861327,Low Risk,9098
473,32,5,146602.25,2,72946.95,Germany,Female,1,1,0,0.68425333,Medium Risk,9099
738,29,2,0.0,2,170421.13,France,Male,1,1,0,0.54197025,Medium Risk,9100
659,35,6,0.0,2,58879.11,France,Male,1,1,0,0.8309588,High Risk,9101
597,38,6,115702.67,2,25059.05,Spain,Male,1,1,0,0.9973182,High Risk,9102
445,61,2,137655.31,1,29909.84,Germany,Female,1,0,0,0.98858196,High Risk,9103
671,29,3,0.0,2,158043.11,France,Female,0,1,0,0.75807047,High Risk,9104
656,34,6,59877.33,1,14032.62,Spain,Female,0,1,1,0.9853935,High Risk,9105
658,31,5,100082.14,1,49809.88,France,Male,1,0,0,0.17598248,Low Risk,9106
698,52,10,107304.39,3,28806.32,Germany,Male,0,1,1,0.45180386,Medium Risk,9107
655,38,9,0.0,1,90490.33,Spain,Male,1,0,0,0.96705574,High Risk,9108
772,41,10,96032.22,1,75825.57,Spain,Male,1,1,0,0.9733847,High Risk,9109
681,33,10,0.0,1,158336.36,Spain,Male,0,0,0,0.6729253,Medium Risk,9110
688,29,9,144553.5,2,143454.95,Germany,Male,0,1,0,0.5294213,Medium Risk,9111
633,40,5,86172.81,2,117279.49,Germany,Male,1,1,0,0.7476246,High Risk,9112
735,73,9,0.0,1,114283.33,France,Male,1,1,0,0.9885787,High Risk,9113
521,29,2,87212.8,1,994.86,Germany,Female,1,1,0,0.99160755,High Risk,9114
541,36,5,0.0,2,124795.84,France,Male,0,1,0,0.9885787,High Risk,9115
612,36,2,130700.92,2,77592.8,Germany,Female,0,0,0,0.99946207,High Risk,9116
562,62,3,0.0,2,105986.01,France,Male,0,1,0,0.15385811,Low Risk,9117
703,32,6,0.0,2,33606.52,France,Female,0,0,0,0.43738797,Medium Risk,9118
710,23,6,0.0,2,134188.11,Spain,Male,1,1,0,0.4989889,Medium Risk,9119
731,40,5,171325.98,1,159718.27,Spain,Female,1,1,1,0.9985227,High Risk,9120
703,58,4,92930.92,1,85148.78,Spain,Male,1,0,0,0.64573085,Medium Risk,9121
618,40,0,0.0,1,119059.13,France,Female,0,1,0,0.98248553,High Risk,9122
689,29,1,77556.79,2,122998.26,France,Female,1,1,0,0.97911686,High Risk,9123
718,33,7,102874.28,1,117841.06,France,Male,0,0,0,0.97662234,High Risk,9124
608,37,5,146093.39,2,160593.41,France,Male,0,0,0,0.6888342,Medium Risk,9125
749,34,2,0.0,1,174189.04,Spain,Male,0,0,1,0.99279845,High Risk,9126
753,51,4,79811.72,2,68260.27,Spain,Male,1,0,1,0.9937273,High Risk,9127
630,39,10,105473.74,1,58854.88,Spain,Male,0,0,1,0.794661,High Risk,9128
693,43,1,121927.92,1,87994.95,Germany,Female,0,1,1,0.7464134,High Risk,9129
838,40,6,61671.19,1,150659.35,Spain,Female,1,0,1,0.98366064,High Risk,9130
756,39,5,149363.12,2,109098.39,Germany,Female,1,1,0,0.9973182,High Risk,9131
775,27,4,152309.37,1,104112.0,France,Female,0,1,0,0.78762484,High Risk,9132
635,33,5,0.0,2,122949.71,France,Female,0,1,0,0.6261376,Medium Risk,9133
705,36,1,111629.29,1,21807.16,Spain,Male,1,1,0,0.97172,High Risk,9134
481,40,3,0.0,1,32319.93,France,Male,1,1,0,0.97418165,High Risk,9135
727,49,7,96296.78,1,190457.87,Spain,Female,0,1,1,0.99296606,High Risk,9136
595,20,4,95830.43,1,177738.98,France,Male,0,1,0,0.9916066,High Risk,9137
535,38,0,135919.33,1,80425.65,France,Female,0,1,0,0.8085209,High Risk,9138
578,59,10,185966.64,1,9445.42,France,Male,0,0,1,0.9974158,High Risk,9139
597,29,5,0.0,2,174825.57,France,Female,1,1,0,0.99646854,High Risk,9140
449,21,7,0.0,2,175743.92,France,Female,0,0,0,0.98366064,High Risk,9141
850,43,8,92244.83,2,54949.73,Germany,Female,0,1,0,0.99496305,High Risk,9142
494,35,9,112727.06,2,183752.91,France,Female,0,1,0,0.8927608,High Risk,9143
676,34,8,100359.54,1,46038.28,France,Female,0,0,0,0.9758152,High Risk,9144
818,43,10,105301.5,1,78941.59,Germany,Male,1,1,0,0.968322,High Risk,9145
712,45,6,112994.65,1,198398.68,Spain,Male,0,0,0,0.98248553,High Risk,9146
672,40,4,89025.88,2,188892.19,Germany,Male,0,1,0,0.994922,High Risk,9147
636,35,9,95478.17,1,169286.74,France,Male,0,0,0,0.99075764,High Risk,9148
698,37,8,0.0,2,145004.39,France,Male,0,0,0,0.6967513,Medium Risk,9149
597,43,7,119127.46,2,55809.92,Germany,Female,0,1,0,0.9976471,High Risk,9150
717,28,4,128206.79,1,54272.12,France,Male,1,1,0,0.99231756,High Risk,9151
614,49,1,0.0,2,192440.54,France,Male,0,1,0,0.9878477,High Risk,9152
708,23,4,71433.08,1,103697.57,Germany,Female,0,1,0,0.98366064,High Risk,9153
507,36,9,118214.32,3,119110.03,Germany,Male,0,1,1,0.9393093,High Risk,9154
581,27,5,102258.11,2,194681.6,France,Female,0,1,0,0.3727911,Low Risk,9155
579,39,2,151963.26,2,158948.63,Spain,Female,0,1,0,0.7093204,High Risk,9156
504,46,2,163764.84,1,165122.55,Spain,Female,1,1,1,0.48190334,Medium Risk,9157
737,32,7,128551.36,2,189402.71,France,Female,1,0,0,0.992975,High Risk,9158
540,31,10,118158.74,1,158027.57,Spain,Female,1,1,0,0.44150388,Medium Risk,9159
609,32,7,118520.41,1,3815.48,France,Male,0,0,0,0.99204355,High Risk,9160
778,24,4,0.0,2,162809.2,France,Male,1,1,0,0.5733297,Medium Risk,9161
621,40,10,163823.37,1,89519.47,France,Male,0,0,0,0.74590164,High Risk,9162
665,63,7,104469.58,1,25165.36,Germany,Male,1,1,1,0.9814641,High Risk,9163
608,47,6,0.0,1,126012.57,France,Female,1,1,0,0.69082886,Medium Risk,9164
680,36,7,0.0,2,20109.21,Spain,Male,0,1,0,0.5030908,Medium Risk,9165
663,46,2,141726.88,1,58257.23,Germany,Female,1,1,0,0.9990465,High Risk,9166
627,35,2,137852.96,1,172269.21,Germany,Female,1,1,1,0.98680854,High Risk,9167
607,26,1,0.0,1,29818.2,France,Male,0,1,0,0.99845815,High Risk,9168
681,43,8,154100.3,1,114659.81,France,Female,0,0,0,0.6340477,Medium Risk,9169
766,45,6,0.0,2,147184.74,France,Female,0,0,0,0.9191023,High Risk,9170
694,30,2,0.0,3,15039.41,France,Male,1,0,0,0.7317037,High Risk,9171
411,54,9,0.0,1,76621.49,France,Female,1,0,0,0.63597995,Medium Risk,9172
742,39,8,140004.96,1,92985.78,France,Male,1,1,0,0.8726411,High Risk,9173
673,43,8,127132.96,1,6009.27,Spain,Male,1,0,1,0.9805135,High Risk,9174
529,61,1,0.0,2,191370.97,France,Male,1,1,0,0.9926664,High Risk,9175
519,38,7,125328.56,1,188225.67,France,Female,0,1,0,0.9798269,High Risk,9176
573,35,9,0.0,2,11743.89,France,Male,0,1,0,0.77707374,High Risk,9177
453,28,3,139986.65,1,136846.75,Germany,Female,0,1,0,0.987301,High Risk,9178
798,39,6,119787.76,1,164248.33,Germany,Female,1,1,0,0.99545646,High Risk,9179
693,34,10,107556.06,2,154631.35,Spain,Female,0,0,0,0.99939096,High Risk,9180
637,44,2,0.0,2,149665.65,France,Female,0,1,0,0.9825791,High Risk,9181
672,47,1,0.0,1,91574.92,France,Male,0,0,0,0.68425333,Medium Risk,9182
597,28,0,142705.95,1,127233.39,France,Female,0,1,0,0.99382126,High Risk,9183
543,42,7,0.0,1,56650.47,France,Male,1,1,0,0.48848805,Medium Risk,9184
695,56,4,0.0,2,84644.76,Spain,Female,0,1,0,0.6569083,Medium Risk,9185
584,35,6,161613.94,2,148238.16,France,Male,1,1,0,0.67821443,Medium Risk,9186
652,58,3,116353.2,2,193502.9,Germany,Female,1,0,0,0.20558052,Low Risk,9187
601,38,4,60013.81,1,38020.05,France,Male,1,1,0,0.9733847,High Risk,9188
628,28,4,0.0,2,176750.81,Spain,Male,1,1,0,0.9973182,High Risk,9189
607,32,9,144272.07,2,176580.63,Germany,Male,0,1,0,0.9882168,High Risk,9190
646,46,8,0.0,2,133059.15,France,Female,0,1,0,0.8454627,High Risk,9191
572,30,6,117696.67,1,100843.82,France,Male,0,1,0,0.9925298,High Risk,9192
801,58,1,79954.61,2,30484.19,Spain,Male,1,1,0,0.97911686,High Risk,9193
597,26,8,149989.39,1,42330.58,France,Female,0,1,0,0.99227726,High Risk,9194
613,40,7,124339.9,1,193309.58,France,Male,0,0,0,0.99890673,High Risk,9195
529,29,4,135759.4,1,112813.79,Germany,Male,0,0,1,0.9692657,High Risk,9196
794,37,9,0.0,2,68008.85,Spain,Female,0,1,0,0.7333274,High Risk,9197
557,34,3,83074.0,1,132673.22,France,Male,0,1,0,0.99828124,High Risk,9198
499,28,4,141792.61,1,22001.91,France,Female,1,1,0,0.9978071,High Risk,9199
544,26,6,0.0,1,100200.4,France,Female,0,1,1,0.9919551,High Risk,9200
739,30,6,0.0,1,122604.44,France,Female,0,0,0,0.98959154,High Risk,9201
458,43,1,106870.12,2,100564.37,Germany,Female,0,1,0,0.97662234,High Risk,9202
528,31,9,120962.59,1,5419.31,France,Male,0,1,0,0.99907136,High Risk,9203
773,51,4,0.0,2,123587.83,Spain,Male,0,0,1,0.88251245,High Risk,9204
646,30,5,0.0,2,13935.32,France,Female,0,1,0,0.9965887,High Risk,9205
564,31,0,110527.17,1,87060.77,France,Male,1,1,0,0.99217457,High Risk,9206
624,52,0,133723.43,1,4859.59,Germany,Female,0,0,1,0.79239744,High Risk,9207
682,52,5,112670.48,1,21085.17,France,Female,0,1,1,0.9929651,High Risk,9208
726,44,2,0.0,2,26733.86,France,Female,1,1,0,0.5664381,Medium Risk,9209
560,24,1,116084.32,1,89734.7,France,Male,0,1,0,0.9920753,High Risk,9210
382,36,0,0.0,1,179540.73,Spain,Male,1,1,1,0.81989306,High Risk,9211
457,38,6,0.0,2,173219.09,Spain,Female,0,1,0,0.9940217,High Risk,9212
673,37,10,0.0,2,37411.35,France,Female,1,1,0,0.81989306,High Risk,9213
584,40,4,82441.75,1,80852.11,France,Female,0,0,0,0.81899387,High Risk,9214
629,39,10,0.0,2,43174.49,France,Female,1,1,1,0.60360426,Medium Risk,9215
584,37,10,134171.8,4,70927.11,Germany,Female,1,1,1,0.6261376,Medium Risk,9216
724,30,10,0.0,2,54265.55,France,Male,1,1,0,0.9894258,High Risk,9217
644,31,5,0.0,2,41872.17,France,Male,1,1,0,0.9947924,High Risk,9218
676,48,2,124442.38,1,15068.53,Germany,Female,0,1,1,0.9885787,High Risk,9219
499,31,4,0.0,1,25950.49,France,Male,0,1,0,0.9928422,High Risk,9220
598,60,4,0.0,1,197727.14,France,Male,0,1,1,0.58094805,Medium Risk,9221
655,37,4,108862.76,1,79555.08,Germany,Female,0,1,1,0.7279613,High Risk,9222
559,28,3,141099.43,1,15607.27,France,Male,1,1,0,0.81691116,High Risk,9223
543,67,0,128843.67,1,134612.48,France,Female,1,1,0,0.5697558,Medium Risk,9224
679,39,0,86843.61,1,159830.58,France,Male,1,0,0,0.49047288,Medium Risk,9225
594,32,4,120074.97,2,162961.79,Germany,Female,1,1,0,0.99905926,High Risk,9226
586,27,5,130231.8,2,192427.16,France,Male,1,1,0,0.42200515,Medium Risk,9227
776,31,5,0.0,2,92647.94,France,Female,0,1,0,0.77707374,High Risk,9228
699,39,2,109724.38,1,180022.39,France,Male,1,1,0,0.7096556,High Risk,9229
847,35,5,111743.43,1,183584.14,Germany,Female,1,1,0,0.9908049,High Risk,9230
582,35,8,121309.17,2,28750.67,Germany,Male,1,1,0,0.75304174,High Risk,9231
648,38,10,82697.28,1,74846.67,France,Male,0,1,0,0.9953408,High Risk,9232
618,49,9,44301.43,3,89729.3,France,Female,1,1,1,0.9833017,High Risk,9233
543,31,4,138317.94,1,61843.73,France,Female,0,0,0,0.9882168,High Risk,9234
642,49,4,120688.61,1,24770.22,Germany,Male,0,1,1,0.95522803,High Risk,9235
462,27,4,176913.52,1,80587.27,France,Male,0,1,0,0.968322,High Risk,9236
640,47,6,89047.14,1,116286.25,Spain,Male,0,1,0,0.9973182,High Risk,9237
740,40,4,114318.78,2,129333.69,Germany,Male,0,1,1,0.7319105,High Risk,9238
773,50,4,0.0,2,129372.94,France,Female,0,1,0,0.5881292,Medium Risk,9239
583,32,7,94753.55,2,18149.03,Germany,Female,1,1,0,0.6735987,Medium Risk,9240
589,46,10,0.0,2,168369.37,Spain,Female,1,0,0,0.9733847,High Risk,9241
509,35,8,0.0,2,67431.28,France,Male,1,0,0,0.62754667,Medium Risk,9242
612,32,9,106520.73,2,177092.16,Germany,Male,0,1,0,0.9830831,High Risk,9243
505,37,0,134006.39,1,93736.69,Spain,Male,1,1,0,0.9825791,High Risk,9244
546,25,3,132837.7,1,131647.31,Germany,Female,0,1,0,0.8518923,High Risk,9245
681,41,0,120549.29,2,175722.31,France,Female,0,1,0,0.9948155,High Risk,9246
762,20,1,139432.55,1,85606.83,France,Male,1,1,0,0.9599864,High Risk,9247
786,29,7,80895.44,2,64945.57,Spain,Male,0,1,0,0.83255905,High Risk,9248
629,34,6,0.0,2,190347.72,Spain,Male,0,1,0,0.76113087,High Risk,9249
787,39,7,171646.76,1,100791.36,Spain,Female,1,0,0,0.9910755,High Risk,9250
713,42,0,109121.71,1,167873.49,Spain,Male,1,0,0,0.8078681,High Risk,9251
541,39,6,109844.81,1,25289.23,France,Female,0,1,0,0.14860974,Low Risk,9252
451,31,7,140931.82,1,20388.77,France,Female,1,0,0,0.4965977,Medium Risk,9253
644,49,10,0.0,2,145089.64,Spain,Male,1,1,0,0.99315566,High Risk,9254
686,32,6,0.0,2,179093.26,France,Male,1,1,0,0.98718333,High Risk,9255
847,41,3,101543.51,4,16025.17,Germany,Female,0,1,1,0.7319105,High Risk,9256
765,37,7,102708.77,1,9087.81,Germany,Male,0,1,0,0.57965904,Medium Risk,9257
678,37,8,149000.91,2,21472.42,Germany,Female,1,1,0,0.99250644,High Risk,9258
539,20,0,83459.86,1,146752.67,France,Male,1,1,0,0.8682848,High Risk,9259
800,40,3,75893.11,2,132562.23,France,Female,0,1,0,0.85733265,High Risk,9260
799,39,7,167395.6,2,139537.43,Germany,Female,1,0,0,0.8467937,High Risk,9261
629,61,6,0.0,2,133672.61,France,Female,1,1,0,0.74590164,High Risk,9262
734,52,6,71283.09,2,38984.37,Germany,Female,1,0,0,0.20558052,Low Risk,9263
542,31,3,0.0,2,115217.59,France,Female,1,1,0,0.99537647,High Risk,9264
414,60,3,0.0,2,93844.82,Spain,Male,1,1,0,0.9805135,High Risk,9265
675,38,1,104016.88,1,22068.83,France,Female,0,0,1,0.48848805,Medium Risk,9266
683,38,5,127616.56,1,123846.07,France,Female,0,1,0,0.2746647,Low Risk,9267
748,32,5,154737.88,2,172638.13,France,Male,1,1,0,0.6797588,Medium Risk,9268
596,29,2,0.0,2,1591.19,Spain,Male,1,1,0,0.6562869,Medium Risk,9269
642,35,4,125476.31,1,91775.51,France,Male,1,1,0,0.4997127,Medium Risk,9270
499,21,3,176511.08,1,153920.22,France,Female,1,1,0,0.9342325,High Risk,9271
649,47,8,110783.28,1,71420.16,Spain,Female,1,1,0,0.9644046,High Risk,9272
739,42,2,141642.92,2,172149.76,France,Male,0,1,0,0.5008387,Medium Risk,9273
616,31,1,0.0,2,54706.75,France,Male,1,1,0,0.83287334,High Risk,9274
560,33,9,0.0,1,183358.21,Spain,Female,1,0,0,0.9885787,High Risk,9275
427,42,1,75681.52,1,57098.0,Germany,Male,1,1,0,0.44150388,Medium Risk,9276
435,54,3,0.0,1,156910.46,France,Male,0,1,1,0.9916066,High Risk,9277
633,29,7,0.0,1,130224.73,France,Male,1,1,0,0.8121555,High Risk,9278
443,35,6,161111.45,1,13946.66,France,Male,0,0,0,0.6710051,Medium Risk,9279
727,62,5,0.0,2,38652.96,France,Male,1,0,0,0.5783935,Medium Risk,9280
674,45,6,72494.69,1,140041.78,France,Female,1,0,0,0.9915633,High Risk,9281
661,31,3,133964.3,1,166187.1,France,Female,1,1,0,0.99878305,High Risk,9282
619,34,1,0.0,1,139919.38,Spain,Male,0,1,0,0.668682,Medium Risk,9283
562,27,3,0.0,2,28137.03,France,Female,0,1,0,0.98484415,High Risk,9284
633,61,3,157201.48,1,50368.63,France,Male,1,0,0,0.8403458,High Risk,9285
551,48,5,95679.29,1,94978.1,Spain,Female,0,0,0,0.83637416,High Risk,9286
720,29,7,106230.92,1,69903.93,Germany,Female,1,1,1,0.9830831,High Risk,9287
688,32,5,0.0,2,177607.77,France,Female,1,0,0,0.81733686,High Risk,9288
635,36,9,81231.85,2,196731.08,Germany,Female,0,1,0,0.75047266,High Risk,9289
561,31,1,81480.27,2,65234.6,France,Female,1,1,0,0.48848805,Medium Risk,9290
850,33,8,73059.38,1,186281.0,France,Male,1,1,0,0.6376084,Medium Risk,9291
636,36,5,117559.05,2,111573.3,France,Male,1,1,0,0.9928422,High Risk,9292
461,74,1,186445.31,2,196767.83,Germany,Female,1,1,0,0.53327465,Medium Risk,9293
771,38,5,137657.71,2,72985.61,Germany,Female,0,1,0,0.5697558,Medium Risk,9294
713,36,8,133889.35,1,143265.65,France,Male,1,1,0,0.7450699,High Risk,9295
658,45,9,134562.8,1,159268.67,Germany,Female,1,1,0,0.99198747,High Risk,9296
586,56,9,100781.75,2,54448.41,Germany,Female,1,1,0,0.9942947,High Risk,9297
737,30,8,174356.13,1,31928.5,France,Male,0,0,0,0.99602014,High Risk,9298
742,27,5,190125.43,2,21793.59,Germany,Male,0,0,0,0.98776245,High Risk,9299
824,26,7,146266.0,1,21903.62,France,Male,0,1,1,0.98484415,High Risk,9300
701,41,9,164046.1,1,49405.93,Germany,Male,0,1,0,0.34777498,Low Risk,9301
623,43,4,123536.52,2,154908.52,Spain,Female,0,0,0,0.9939319,High Risk,9302
744,36,10,0.0,2,182867.84,France,Male,1,1,0,0.99770904,High Risk,9303
698,38,1,171848.38,1,16957.45,Spain,Female,0,0,0,0.9930889,High Risk,9304
616,40,9,0.0,2,93717.55,France,Male,0,0,0,0.633746,Medium Risk,9305
662,39,5,139562.05,2,61636.22,France,Female,0,1,0,0.3007739,Low Risk,9306
594,37,2,0.0,2,95864.5,France,Male,1,0,0,0.888855,High Risk,9307
685,40,2,168001.34,2,167400.29,France,Male,1,1,0,0.76624364,High Risk,9308
742,27,0,0.0,2,131534.96,France,Male,1,0,0,0.09324729,Low Risk,9309
678,83,6,123356.63,1,92934.41,Germany,Male,1,0,0,0.9833017,High Risk,9310
651,47,2,0.0,2,119808.64,Spain,Male,1,1,0,0.98926497,High Risk,9311
585,50,2,125845.66,1,9439.31,Germany,Male,0,1,1,0.9903812,High Risk,9312
579,40,10,45408.85,2,18732.91,Germany,Male,0,1,0,0.7450699,High Risk,9313
722,37,0,125977.81,1,160162.42,Germany,Female,0,0,0,0.985836,High Risk,9314
613,51,7,147262.11,1,53630.9,Germany,Female,1,1,1,0.9890826,High Risk,9315
694,42,8,133767.19,1,36405.21,France,Male,0,1,0,0.9692657,High Risk,9316
550,49,0,108806.96,3,61446.92,Germany,Male,0,1,1,0.74510556,High Risk,9317
741,42,6,106036.52,1,194686.78,France,Male,0,1,1,0.95247346,High Risk,9318
668,69,9,0.0,1,134483.07,Spain,Female,1,0,0,0.5697729,Medium Risk,9319
529,27,1,0.0,2,37769.98,France,Female,1,1,0,0.96703625,High Risk,9320
636,31,6,0.0,2,2382.61,France,Male,1,1,0,0.99826896,High Risk,9321
563,61,1,82182.1,1,106826.92,Spain,Male,0,1,1,0.9692657,High Risk,9322
767,35,9,0.0,2,39511.61,France,Female,0,1,0,0.438148,Medium Risk,9323
644,50,9,76817.0,4,196371.13,France,Male,0,1,1,0.6220063,Medium Risk,9324
780,71,9,142550.25,2,122506.78,Germany,Male,1,1,0,0.5723433,Medium Risk,9325
635,41,10,0.0,2,61994.2,Spain,Female,1,1,0,0.6460302,Medium Risk,9326
641,35,2,103711.56,1,192464.21,Germany,Male,1,0,1,0.9830831,High Risk,9327
593,40,2,0.0,1,5194.95,Spain,Female,1,1,0,0.33265364,Low Risk,9328
540,35,7,128369.75,2,198256.15,Germany,Female,0,1,0,0.34777498,Low Risk,9329
663,35,5,0.0,2,62634.94,Spain,Male,1,1,0,0.6375706,Medium Risk,9330
630,34,9,0.0,2,114006.35,France,Male,1,1,0,0.99075764,High Risk,9331
605,19,8,166133.28,1,107994.99,Germany,Male,1,1,0,0.7770031,High Risk,9332
710,62,9,148214.36,1,48571.14,Germany,Female,0,1,1,0.15385811,Low Risk,9333
755,78,5,121206.96,1,76016.49,France,Female,1,1,0,0.9833017,High Risk,9334
641,25,10,0.0,2,180808.39,Spain,Male,1,1,0,0.9692657,High Risk,9335
737,50,4,127552.85,2,4225.11,Germany,Male,0,1,0,0.5697558,Medium Risk,9336
695,49,9,159458.53,1,135841.35,France,Male,0,1,0,0.6113413,Medium Risk,9337
466,47,5,102085.72,1,183536.24,Germany,Female,1,1,1,0.71171504,High Risk,9338
558,58,2,142537.18,1,88791.83,Germany,Male,1,1,0,0.99537,High Risk,9339
665,29,1,182781.74,2,63732.9,Spain,Male,1,1,0,0.44150388,Medium Risk,9340
737,45,10,0.0,2,1364.54,France,Male,0,1,0,0.99905926,High Risk,9341
654,29,7,0.0,2,149184.15,France,Male,1,1,0,0.99643046,High Risk,9342
619,28,3,0.0,2,53394.12,France,Female,0,1,0,0.9911379,High Risk,9343
845,43,3,152063.59,2,97910.06,Germany,Female,0,1,0,0.42200515,Medium Risk,9344
727,28,2,110997.76,1,101433.76,France,Female,0,1,0,0.4965977,Medium Risk,9345
582,50,2,148942.0,1,116944.3,France,Male,1,1,0,0.5658882,Medium Risk,9346
716,41,9,0.0,1,113267.48,France,Male,1,1,0,0.98895055,High Risk,9347
660,36,0,84438.57,1,181449.51,Spain,Female,1,1,0,0.99717075,High Risk,9348
664,34,7,93920.47,1,179913.98,France,Female,0,0,0,0.2330935,Low Risk,9349
801,43,4,158713.08,2,98586.14,France,Male,0,0,0,0.63414425,Medium Risk,9350
615,42,4,0.0,3,120321.09,Spain,Male,1,0,0,0.9859346,High Risk,9351
718,63,7,123204.88,1,100538.8,Germany,Male,1,1,0,0.62754667,Medium Risk,9352
667,40,8,72945.29,2,98931.5,France,Male,0,1,0,0.43144652,Medium Risk,9353
670,37,0,178742.71,1,194493.57,Spain,Male,1,1,0,0.9920753,High Risk,9354
590,43,8,0.0,2,143628.31,France,Male,1,1,0,0.994829,High Risk,9355
739,40,8,0.0,1,167030.51,Spain,Female,0,1,0,0.8671039,High Risk,9356
373,42,7,0.0,1,77786.37,France,Male,0,1,1,0.96083057,High Risk,9357
418,46,9,0.0,1,81014.5,France,Female,1,1,1,0.98718333,High Risk,9358
837,29,9,0.0,2,41866.26,France,Female,1,1,0,0.5723433,Medium Risk,9359
645,43,9,140121.17,1,11302.7,Germany,Male,0,1,1,0.2942497,Low Risk,9360
552,39,2,132906.88,1,149384.43,Germany,Male,1,0,0,0.67821443,Medium Risk,9361
580,45,2,179334.83,2,169303.65,Germany,Male,1,1,0,0.2780986,Low Risk,9362
684,35,3,137179.39,1,37264.11,France,Male,1,1,0,0.9805135,High Risk,9363
634,35,3,0.0,2,19515.48,Spain,Male,1,1,0,0.71701974,High Risk,9364
607,49,9,119960.29,2,103068.22,France,Female,0,1,0,0.99905926,High Risk,9365
802,29,9,127414.55,1,134459.12,France,Male,1,1,0,0.98366064,High Risk,9366
736,36,6,0.0,1,70496.66,France,Female,0,1,0,0.9838238,High Risk,9367
629,40,9,137409.19,1,175877.7,France,Female,0,1,1,0.70076746,High Risk,9368
737,28,8,0.0,2,106390.01,France,Male,0,1,0,0.99496526,High Risk,9369
718,39,2,0.0,1,52138.49,Spain,Female,1,1,0,0.71604556,High Risk,9370
561,43,4,0.0,4,18522.91,France,Male,0,0,1,0.8328378,High Risk,9371
641,31,9,112494.99,1,32231.6,France,Male,1,1,0,0.99474156,High Risk,9372
677,30,1,78133.15,1,174225.88,France,Male,1,0,0,0.63178086,Medium Risk,9373
641,36,1,0.0,2,102021.39,Spain,Female,0,1,0,0.9886742,High Risk,9374
658,32,5,145553.07,1,31484.76,Spain,Female,1,1,0,0.99845815,High Risk,9375
659,48,4,123593.22,2,82469.06,Germany,Male,0,1,1,0.9825791,High Risk,9376
567,47,2,0.0,1,110900.43,France,Female,0,0,1,0.9899886,High Risk,9377
584,26,0,146286.22,1,105105.35,France,Female,0,1,0,0.49724662,Medium Risk,9378
709,35,1,111827.27,2,12674.68,Spain,Female,0,1,0,0.67156094,Medium Risk,9379
690,26,2,0.0,2,93255.85,Spain,Female,1,1,0,0.5392915,Medium Risk,9380
627,70,1,94416.78,1,145299.5,France,Male,1,0,0,0.5783935,Medium Risk,9381
765,45,2,91549.78,1,47139.44,Spain,Male,1,1,0,0.5829569,Medium Risk,9382
645,38,7,59568.57,1,167723.25,France,Female,1,1,0,0.99945956,High Risk,9383
716,23,2,94464.81,2,185900.88,France,Female,1,0,0,0.6402841,Medium Risk,9384
771,57,4,0.0,1,85876.67,France,Female,0,0,1,0.99321705,High Risk,9385
687,44,8,95368.14,2,1787.85,Germany,Male,1,1,0,0.98633504,High Risk,9386
717,33,10,102185.42,2,23231.93,Germany,Female,0,1,0,0.14860974,Low Risk,9387
524,32,1,144875.71,1,187740.04,France,Male,0,0,0,0.8671039,High Risk,9388
679,39,5,0.0,2,100060.54,Spain,Male,1,1,0,0.5697558,Medium Risk,9389
538,32,2,0.0,1,80130.54,France,Female,1,1,0,0.72212726,High Risk,9390
752,37,5,113291.05,2,132467.54,Germany,Female,1,1,0,0.99562436,High Risk,9391
846,61,0,0.0,2,96202.44,Spain,Male,1,1,0,0.968322,High Risk,9392
532,39,0,0.0,2,94977.3,Spain,Female,0,1,0,0.6130632,Medium Risk,9393
670,43,9,111677.88,1,178827.3,Germany,Male,0,1,1,0.845835,High Risk,9394
597,35,8,131101.04,1,192852.67,Germany,Female,1,1,0,0.9866231,High Risk,9395
627,52,1,76101.81,2,177238.35,Germany,Male,1,0,0,0.85346913,High Risk,9396
700,40,2,0.0,2,199753.97,Spain,Female,0,1,0,0.6336259,Medium Risk,9397
766,52,7,92510.9,2,66193.61,France,Female,1,0,0,0.67821443,Medium Risk,9398
488,34,2,0.0,2,181270.84,France,Female,1,1,0,0.99472284,High Risk,9399
694,39,5,77652.4,1,25407.59,France,Male,1,1,0,0.9962023,High Risk,9400
639,31,3,98360.03,1,20973.8,France,Female,0,0,0,0.9973182,High Risk,9401
705,46,4,115518.07,1,76544.9,Germany,Female,0,0,1,0.9954335,High Risk,9402
810,69,3,27288.43,1,110509.9,Germany,Male,1,1,0,0.68425333,Medium Risk,9403
638,36,6,0.0,1,164247.51,France,Female,0,1,0,0.75047266,High Risk,9404
595,43,5,0.0,2,105149.8,Spain,Female,0,0,0,0.63103765,Medium Risk,9405
575,36,7,0.0,1,55868.97,France,Male,1,1,1,0.98884946,High Risk,9406
850,31,6,131996.66,2,178747.43,France,Male,1,1,0,0.17598248,Low Risk,9407
419,27,2,121580.42,1,134720.51,Spain,Female,1,0,0,0.9798269,High Risk,9408
640,55,10,132436.34,1,978.66,France,Male,0,1,0,0.9845212,High Risk,9409
570,34,10,0.0,2,183387.12,Spain,Male,1,0,0,0.98248553,High Risk,9410
640,46,5,107978.4,2,155876.06,Germany,Female,0,1,0,0.9979358,High Risk,9411
689,40,4,78119.59,4,119259.34,Germany,Female,0,1,1,0.9920753,High Risk,9412
725,26,6,98684.15,1,133720.57,France,Male,0,0,0,0.9904991,High Risk,9413
751,44,10,0.0,2,170634.49,France,Female,0,1,0,0.9854952,High Risk,9414
544,53,9,0.0,1,125692.07,Spain,Female,0,1,1,0.9978529,High Risk,9415
768,43,2,129264.05,2,19150.14,Germany,Female,0,0,0,0.6266928,Medium Risk,9416
648,37,6,131753.41,1,86894.67,Germany,Male,0,1,0,0.8099695,High Risk,9417
577,33,6,0.0,2,57975.8,Spain,Female,0,1,0,0.94240874,High Risk,9418
639,27,2,0.0,1,82938.99,Spain,Female,1,1,0,0.985836,High Risk,9419
686,26,1,57422.62,1,79189.4,Germany,Male,1,1,0,0.97418165,High Risk,9420
657,28,7,0.0,2,5177.62,France,Female,1,0,0,0.976253,High Risk,9421
613,34,5,144094.2,1,44510.26,France,Male,0,1,0,0.8160334,High Risk,9422
701,33,9,147510.34,1,190611.92,France,Male,0,1,0,0.82741183,High Risk,9423
578,28,8,161592.76,1,177834.79,Spain,Female,0,1,0,0.986705,High Risk,9424
689,40,1,0.0,2,119446.64,France,Female,1,1,0,0.9980394,High Risk,9425
687,72,4,0.0,2,50267.69,Spain,Female,1,1,0,0.7788665,High Risk,9426
499,53,1,75225.53,2,144849.1,Spain,Female,0,0,1,0.78486615,High Risk,9427
693,39,0,0.0,2,81901.6,Spain,Female,0,0,0,0.7317037,High Risk,9428
737,70,9,87542.89,2,42576.86,France,Female,1,1,0,0.6717305,Medium Risk,9429
651,32,8,144581.96,1,87609.5,France,Female,1,1,0,0.6099675,Medium Risk,9430
753,33,5,122568.05,2,82820.85,France,Male,1,1,0,0.43144652,Medium Risk,9431
523,24,5,172231.93,1,155144.12,Spain,Female,1,0,0,0.9970752,High Risk,9432
458,28,2,171932.26,2,9578.24,Germany,Female,1,1,0,0.6729253,Medium Risk,9433
643,39,7,0.0,2,170392.59,France,Male,1,1,0,0.99597067,High Risk,9434
638,34,7,0.0,2,3946.29,Spain,Female,0,0,0,0.80821055,High Risk,9435
685,38,4,111798.06,2,102184.66,Germany,Male,1,1,0,0.9630153,High Risk,9436
684,38,4,0.0,3,75609.84,France,Male,0,1,0,0.7966556,High Risk,9437
670,27,5,79336.61,1,26170.08,France,Female,1,1,0,0.96705574,High Risk,9438
701,63,3,120916.52,3,144727.45,Germany,Male,0,0,1,0.98289686,High Risk,9439
705,31,3,142905.51,1,58134.97,France,Female,1,1,0,0.53327465,Medium Risk,9440
593,27,10,0.0,3,94620.0,Spain,Male,0,0,1,0.86574334,High Risk,9441
651,33,1,96834.78,1,108764.69,France,Female,0,1,0,0.47921234,Medium Risk,9442
741,37,9,105261.76,2,149503.54,France,Male,1,1,0,0.99043876,High Risk,9443
596,54,1,123544.0,1,120314.75,Germany,Male,1,1,1,0.5867379,Medium Risk,9444
581,41,2,127913.71,2,44205.95,Germany,Male,1,1,0,0.9445882,High Risk,9445
689,28,5,95328.6,1,6129.61,Spain,Female,0,1,1,0.98776245,High Risk,9446
544,30,4,73218.89,1,126796.69,France,Male,1,0,0,0.6746711,Medium Risk,9447
718,41,1,0.0,2,27509.52,France,Female,1,0,1,0.9852374,High Risk,9448
583,35,8,149995.72,2,42143.55,Germany,Male,0,1,0,0.9817385,High Risk,9449
663,28,8,123674.28,2,87985.2,Germany,Male,1,1,0,0.9926051,High Risk,9450
666,33,2,124125.26,1,81884.8,Germany,Male,0,1,0,0.49047288,Medium Risk,9451
524,29,3,159035.45,1,2705.31,Spain,Male,0,1,1,0.43144652,Medium Risk,9452
599,27,5,0.0,2,30546.4,France,Male,0,1,0,0.70076746,High Risk,9453
667,27,7,156811.74,1,149402.59,France,Male,1,1,0,0.985836,High Risk,9454
727,52,4,0.0,2,118429.02,France,Male,1,1,0,0.6967513,Medium Risk,9455
689,55,4,0.0,2,58442.25,Spain,Female,1,1,0,0.97418165,High Risk,9456
639,39,6,150555.83,1,30414.17,France,Male,0,1,0,0.9973182,High Risk,9457
678,28,2,109137.12,1,58814.41,France,Male,1,1,0,0.3932038,Low Risk,9458
523,36,8,158351.02,2,155304.53,France,Male,0,1,0,0.7446548,High Risk,9459
650,47,9,0.0,1,187943.6,France,Female,0,1,0,0.99780875,High Risk,9460
744,35,7,0.0,2,43036.6,Spain,Male,1,1,0,0.75235176,High Risk,9461
697,40,4,0.0,2,26543.28,France,Male,1,0,0,0.9960226,High Risk,9462
800,46,6,0.0,2,171928.04,Spain,Female,0,1,0,0.90947795,High Risk,9463
664,24,7,0.0,1,35611.35,France,Male,1,0,0,0.9885787,High Risk,9464
740,39,9,0.0,2,19047.23,France,Male,0,1,0,0.96703625,High Risk,9465
835,56,2,0.0,2,39820.13,France,Female,1,1,0,0.99075764,High Risk,9466
559,52,2,0.0,1,129013.59,France,Male,0,1,1,0.84502864,High Risk,9467
676,36,1,82729.49,1,113810.12,Spain,Male,0,1,0,0.802675,High Risk,9468
613,45,9,142765.24,2,34749.65,Germany,Female,0,1,0,0.44950613,Medium Risk,9469
713,25,4,121172.97,1,56268.98,France,Female,1,1,0,0.7209093,High Risk,9470
751,28,10,132932.14,2,46630.47,Germany,Female,1,1,0,0.9916876,High Risk,9471
523,22,8,123374.46,1,124906.59,France,Male,1,1,0,0.48848805,Medium Risk,9472
775,74,0,161371.5,1,134869.93,Germany,Female,1,1,0,0.98076725,High Risk,9473
608,45,4,0.0,2,36697.48,Spain,Male,0,0,1,0.99075764,High Risk,9474
673,51,8,79563.36,2,172200.91,France,Male,1,1,0,0.9993007,High Risk,9475
616,46,2,0.0,2,137136.46,France,Male,0,1,0,0.98792773,High Risk,9476
650,48,7,138232.24,1,57594.78,Germany,Female,0,1,0,0.99910706,High Risk,9477
655,41,5,0.0,1,36548.0,France,Female,0,0,1,0.9825791,High Risk,9478
782,53,1,81571.05,1,182960.46,Germany,Female,0,1,1,0.9623019,High Risk,9479
781,35,1,0.0,2,42117.9,Spain,Male,0,0,0,0.9989415,High Risk,9480
593,33,0,95927.04,1,199478.05,France,Female,0,1,0,0.6710051,Medium Risk,9481
505,35,8,116932.59,1,91092.84,Spain,Male,0,1,0,0.9627954,High Risk,9482
707,40,1,0.0,2,14090.4,France,Male,0,1,1,0.9863305,High Risk,9483
692,36,3,79551.12,1,178267.07,France,Female,1,0,0,0.53327465,Medium Risk,9484
813,30,1,116416.94,1,85808.22,Germany,Male,1,0,0,0.86908543,High Risk,9485
850,37,4,88141.1,1,109659.12,Spain,Male,0,1,0,0.39078698,Low Risk,9486
753,32,6,177729.13,1,161642.08,France,Male,1,1,0,0.88541204,High Risk,9487
850,32,5,0.0,1,3830.59,Spain,Female,1,1,0,0.76263154,High Risk,9488
671,32,6,123912.78,2,146636.44,Spain,Male,1,1,0,0.5783935,Medium Risk,9489
791,33,3,0.0,1,144413.92,France,Female,1,1,1,0.9798269,High Risk,9490
624,80,3,0.0,1,65801.44,France,Male,1,1,0,0.6969986,Medium Risk,9491
649,35,4,108306.44,1,192486.24,France,Female,1,1,0,0.82167685,High Risk,9492
732,48,4,102962.62,1,120852.85,Germany,Female,0,1,1,0.97418165,High Risk,9493
664,36,0,103502.22,1,146191.82,France,Female,1,1,0,0.9976471,High Risk,9494
789,43,8,119654.44,2,148412.24,Germany,Male,1,0,1,0.9405182,High Risk,9495
680,33,10,183768.47,1,164119.35,France,Male,0,1,0,0.7966556,High Risk,9496
701,37,1,0.0,2,163457.55,France,Male,0,1,0,0.99231756,High Risk,9497
684,25,1,0.0,2,144978.47,France,Female,1,0,0,0.5196995,Medium Risk,9498
586,52,6,140900.97,1,67288.89,France,Female,1,1,0,0.82239723,High Risk,9499
522,25,5,94049.92,2,103269.0,Germany,Female,0,1,0,0.54316074,Medium Risk,9500
739,27,8,98926.4,1,106969.98,Spain,Female,1,1,0,0.85346913,High Risk,9501
835,18,2,142872.36,1,117632.63,Germany,Male,1,1,0,0.9911379,High Risk,9502
790,29,3,46057.96,2,189777.66,Spain,Male,1,1,0,0.7332601,High Risk,9503
671,48,6,119769.77,1,66032.65,France,Female,1,0,0,0.66205,Medium Risk,9504
560,44,5,143244.97,1,98661.27,France,Female,0,1,0,0.96198785,High Risk,9505
651,28,10,79562.98,1,74687.37,France,Male,1,1,0,0.3508252,Low Risk,9506
682,69,6,0.0,2,149604.18,France,Male,1,0,0,0.997898,High Risk,9507
808,41,0,0.0,1,79888.78,France,Male,1,1,0,0.5829569,Medium Risk,9508
644,26,8,96659.64,2,138775.69,Spain,Male,1,1,0,0.9692657,High Risk,9509
688,29,1,0.0,2,154695.57,France,Male,0,1,0,0.67821443,Medium Risk,9510
617,26,2,165947.99,2,168834.38,France,Female,1,0,0,0.5867379,Medium Risk,9511
738,33,4,92676.3,1,105817.63,France,Male,0,1,0,0.96945715,High Risk,9512
663,45,5,83195.12,1,48682.1,France,Male,1,1,0,0.45180386,Medium Risk,9513
515,48,5,129387.94,1,147955.91,France,Male,1,0,1,0.7966556,High Risk,9514
845,28,9,0.0,2,56185.98,France,Female,1,1,0,0.7111133,High Risk,9515
639,38,9,130233.14,1,81861.1,Spain,Male,1,1,0,0.6729253,Medium Risk,9516
557,32,3,123502.53,1,69826.8,France,Female,1,1,0,0.9979534,High Risk,9517
543,37,8,140894.06,2,118059.19,Germany,Male,1,1,0,0.96671385,High Risk,9518
585,44,7,163867.86,1,112333.22,Germany,Male,1,1,0,0.99642366,High Risk,9519
610,27,2,0.0,2,14546.76,France,Female,0,1,0,0.68678033,Medium Risk,9520
727,18,2,93816.7,2,126172.11,Germany,Female,0,1,0,0.9945168,High Risk,9521
540,40,8,0.0,2,3560.0,Spain,Female,0,1,0,0.99566686,High Risk,9522
418,35,7,0.0,2,88878.15,France,Male,1,1,0,0.9805135,High Risk,9523
660,32,0,114668.89,1,84605.0,France,Female,0,1,0,0.7205982,High Risk,9524
850,38,5,146756.68,1,78268.61,Germany,Male,0,1,0,0.812048,High Risk,9525
618,46,6,150213.71,1,120668.46,France,Female,0,1,1,0.9942754,High Risk,9526
642,18,5,111183.53,2,10063.75,Germany,Male,1,0,0,0.8671039,High Risk,9527
850,40,9,99816.46,1,163989.66,France,Female,1,1,1,0.9934088,High Risk,9528
739,34,9,0.0,1,60584.33,France,Male,0,1,0,0.9298862,High Risk,9529
508,41,5,0.0,2,94170.84,France,Female,1,1,0,0.6372986,Medium Risk,9530
667,41,6,0.0,2,167181.77,France,Male,0,0,0,0.9908222,High Risk,9531
741,60,5,0.0,1,38914.51,France,Female,1,1,0,0.9758252,High Risk,9532
592,29,7,0.0,2,91196.67,France,Male,1,1,0,0.58527887,Medium Risk,9533
651,45,6,86714.06,1,85869.89,Germany,Female,0,1,1,0.99401045,High Risk,9534
773,52,2,0.0,2,57337.79,Spain,Male,0,1,0,0.99563,High Risk,9535
850,41,8,132838.07,1,175347.28,Spain,Male,1,1,0,0.98076725,High Risk,9536
550,42,10,128707.31,1,63092.65,Germany,Female,0,1,1,0.7332601,High Risk,9537
783,40,6,0.0,2,109742.55,France,Male,0,1,0,0.9322883,High Risk,9538
777,29,2,0.0,2,124489.88,France,Male,0,1,0,0.53327465,Medium Risk,9539
659,29,6,123192.12,1,56971.41,France,Male,1,1,1,0.109249584,Low Risk,9540
727,46,3,115248.11,4,130752.01,Germany,Male,0,1,1,0.6710051,Medium Risk,9541
603,38,8,59360.77,1,191457.06,France,Male,1,1,0,0.99075764,High Risk,9542
644,37,9,0.0,2,96442.86,Spain,Male,1,1,0,0.6609142,Medium Risk,9543
647,35,6,112668.7,1,122584.29,France,Female,1,0,0,0.44150388,Medium Risk,9544
648,37,7,138503.51,2,57215.85,Germany,Female,0,1,0,0.8662853,High Risk,9545
721,57,1,0.0,1,195940.96,Spain,Male,1,1,0,0.99597067,High Risk,9546
524,29,7,0.0,2,105448.74,France,Male,1,1,0,0.96703625,High Risk,9547
626,34,3,0.0,2,37870.29,France,Female,1,1,0,0.78366745,High Risk,9548
569,43,7,0.0,2,52534.81,France,Male,0,1,0,0.98718333,High Risk,9549
578,36,1,157267.95,2,141533.19,Spain,Male,0,1,0,0.74590164,High Risk,9550
769,40,9,133871.05,1,50568.02,France,Female,1,1,0,0.99537,High Risk,9551
694,31,4,141989.27,2,26116.82,Germany,Male,0,1,0,0.9673681,High Risk,9552
664,41,5,0.0,1,152054.33,France,Female,1,1,0,0.996375,High Risk,9553
646,38,7,0.0,2,1528.4,France,Male,0,1,0,0.9934915,High Risk,9554
779,29,3,46388.16,3,127939.26,France,Female,0,1,1,0.438148,Medium Risk,9555
782,72,5,148666.99,1,2605.65,Germany,Female,0,1,1,0.981616,High Risk,9556
769,34,7,115101.5,1,57841.89,Germany,Male,0,0,1,0.5725741,Medium Risk,9557
655,67,6,148363.38,1,186995.17,Germany,Male,1,1,0,0.48848805,Medium Risk,9558
623,46,4,0.0,1,5549.11,Spain,Male,0,1,1,0.9853935,High Risk,9559
705,39,8,144102.32,1,11682.36,Spain,Female,1,1,0,0.43144652,Medium Risk,9560
686,41,5,128876.71,3,106939.34,France,Male,1,1,1,0.77369946,High Risk,9561
678,36,6,118448.15,2,53172.02,Germany,Male,0,1,0,0.772414,High Risk,9562
738,39,5,0.0,2,114388.98,France,Male,1,1,0,0.78486615,High Risk,9563
703,28,9,0.0,2,2151.17,France,Male,1,0,0,0.9692657,High Risk,9564
554,42,1,0.0,2,183492.9,Spain,Male,1,0,0,0.99483573,High Risk,9565
582,38,9,135979.01,4,76582.95,France,Female,1,1,1,0.9994567,High Risk,9566
644,37,6,117271.8,2,104217.96,France,Male,0,1,1,0.9948755,High Risk,9567
724,29,4,0.0,1,8982.75,France,Male,0,1,0,0.76542133,High Risk,9568
593,33,1,0.0,2,9984.4,France,Male,0,0,0,0.9920753,High Risk,9569
710,30,10,0.0,2,19500.1,Spain,Female,0,1,0,0.43407398,Medium Risk,9570
631,35,8,129205.49,1,79146.36,France,Male,1,1,0,0.7096556,High Risk,9571
739,41,8,0.0,1,191694.77,Spain,Female,0,1,1,0.9599864,High Risk,9572
644,18,7,0.0,1,59645.24,Spain,Male,1,0,1,0.9978071,High Risk,9573
652,35,7,104015.54,2,55207.88,Germany,Male,1,1,0,0.98229283,High Risk,9574
554,37,3,0.0,2,166177.3,Spain,Male,0,1,0,0.99643046,High Risk,9575
483,30,9,0.0,2,136356.97,France,Female,0,0,0,0.64617693,Medium Risk,9576
669,42,1,103873.39,1,148611.52,Germany,Female,0,1,0,0.81100756,High Risk,9577
841,52,3,112383.03,1,85516.37,Germany,Female,0,1,1,0.99003196,High Risk,9578
662,34,2,117731.79,2,55120.79,France,Male,1,0,0,0.91745555,High Risk,9579
821,45,0,135827.33,2,131778.58,Germany,Male,1,1,0,0.58094805,Medium Risk,9580
783,38,9,114135.17,1,153269.98,France,Male,0,1,0,0.9864677,High Risk,9581
850,28,9,0.0,2,164864.67,France,Female,1,1,0,0.54942954,Medium Risk,9582
559,62,6,118756.62,1,20367.68,France,Male,1,1,0,0.48190334,Medium Risk,9583
602,34,8,98382.72,1,39542.0,Spain,Male,0,1,0,0.9327998,High Risk,9584
563,41,2,100520.92,1,19412.8,Germany,Male,1,1,1,0.9798269,High Risk,9585
695,35,7,79858.13,2,127977.66,Spain,Female,1,1,0,0.9894092,High Risk,9586
546,20,6,0.0,1,20508.85,France,Female,1,0,0,0.57582986,Medium Risk,9587
719,76,10,95052.29,1,176244.87,Germany,Female,0,1,0,0.5254974,Medium Risk,9588
539,42,1,177728.55,1,105013.63,Germany,Male,0,1,0,0.95522803,High Risk,9589
632,71,3,83116.68,1,27597.76,France,Male,1,1,0,0.99572986,High Risk,9590
772,34,7,111565.91,1,121073.23,Germany,Male,1,1,0,0.8236113,High Risk,9591
708,40,8,83015.71,1,101089.76,Spain,Male,0,1,0,0.8163642,High Risk,9592
668,28,1,124511.01,1,114258.18,Germany,Female,0,0,0,0.7143367,High Risk,9593
738,67,1,130652.52,1,22762.23,France,Female,1,0,0,0.9692657,High Risk,9594
785,55,5,0.0,2,7008.65,France,Male,1,1,0,0.6375989,Medium Risk,9595
597,61,5,0.0,2,81299.17,France,Male,1,1,0,0.9945977,High Risk,9596
531,37,7,121854.45,1,147521.35,France,Male,0,1,0,0.7497707,High Risk,9597
509,26,10,0.0,2,6177.83,France,Male,1,1,0,0.8773291,High Risk,9598
508,35,1,86893.28,1,59374.82,France,Male,0,0,0,0.98366064,High Risk,9599
749,32,7,79523.13,1,157648.12,Germany,Female,1,0,0,0.9936342,High Risk,9600
621,55,7,131033.76,1,75685.59,Germany,Female,1,0,1,0.7446548,High Risk,9601
659,33,7,89939.62,1,136540.09,France,Female,0,1,0,0.48848805,Medium Risk,9602
634,59,3,95727.05,1,97939.4,Germany,Female,0,0,1,0.9978071,High Risk,9603
675,39,7,0.0,2,36267.21,France,Male,1,0,0,0.99204355,High Risk,9604
770,31,3,155047.56,2,186064.34,France,Male,1,1,0,0.44150388,Medium Risk,9605
736,29,9,0.0,2,176152.7,France,Female,0,0,0,0.9599864,High Risk,9606
524,44,10,118569.03,2,82117.2,France,Male,0,0,0,0.9991943,High Risk,9607
674,28,5,0.0,1,151925.25,France,Male,1,1,0,0.93652844,High Risk,9608
700,44,9,0.0,2,142287.65,Spain,Male,0,1,0,0.97297275,High Risk,9609
741,35,1,0.0,2,36557.55,France,Female,0,1,0,0.9991748,High Risk,9610
455,40,1,0.0,3,129975.34,France,Male,1,0,0,0.99879175,High Risk,9611
608,37,2,130461.02,1,21967.15,Spain,Male,0,1,0,0.83637416,High Risk,9612
776,36,1,0.0,2,53477.76,France,Male,0,1,0,0.9920753,High Risk,9613
635,33,1,0.0,3,178067.33,France,Male,0,0,1,0.984133,High Risk,9614
746,37,4,0.0,2,171039.56,France,Female,1,0,0,0.9797095,High Risk,9615
692,47,3,0.0,2,150802.41,Spain,Female,0,1,1,0.80821055,High Risk,9616
683,35,9,61172.04,1,82951.12,Spain,Male,0,0,0,0.48069128,Medium Risk,9617
591,35,2,90194.34,2,57064.57,Germany,Female,0,1,0,0.50345665,Medium Risk,9618
581,24,3,95508.2,1,45755.0,France,Female,1,1,0,0.9962023,High Risk,9619
684,35,3,99967.76,1,176882.08,Germany,Male,1,1,0,0.9881341,High Risk,9620
561,37,4,101470.29,1,88838.14,Spain,Male,1,0,0,0.9910755,High Risk,9621
718,33,4,70541.06,1,88592.8,Germany,Female,0,0,0,0.6969986,Medium Risk,9622
590,31,8,112211.61,1,26261.42,France,Male,0,1,0,0.6894864,Medium Risk,9623
573,47,8,154543.98,1,29586.73,France,Female,0,1,0,0.7068954,High Risk,9624
350,40,0,111098.85,1,172321.21,France,Female,1,1,1,0.9838524,High Risk,9625
504,44,0,131873.07,2,158036.72,Germany,Female,1,1,1,0.8877048,High Risk,9626
813,27,1,137275.36,1,115733.16,Spain,Male,1,0,0,0.4366757,Medium Risk,9627
641,31,3,153316.14,1,59927.99,Spain,Male,0,1,0,0.76542133,High Risk,9628
662,22,9,0.0,2,44377.65,France,Female,1,1,0,0.9930889,High Risk,9629
497,44,2,121250.04,1,79691.4,Spain,Male,1,0,0,0.9928422,High Risk,9630
716,31,8,109578.04,2,51503.51,France,Male,1,1,0,0.9925298,High Risk,9631
526,37,5,53573.18,1,62830.97,France,Female,0,1,0,0.9942754,High Risk,9632
760,34,6,58003.41,1,90346.1,Germany,Female,0,1,0,0.99945956,High Risk,9633
669,31,6,113000.66,1,40467.82,France,Female,0,1,0,0.7180331,High Risk,9634
655,27,10,0.0,2,51620.94,France,Male,0,1,0,0.78313357,High Risk,9635
547,49,2,0.0,1,65466.93,France,Female,0,0,1,0.86408526,High Risk,9636
648,40,5,139973.65,1,667.66,Germany,Female,1,1,1,0.43738797,Medium Risk,9637
790,31,2,151290.16,1,172437.12,France,Female,1,1,0,0.9973182,High Risk,9638
744,50,1,121498.11,2,106061.47,Germany,Female,1,0,1,0.5423694,Medium Risk,9639
761,32,4,103515.39,2,177622.38,Spain,Female,1,1,0,0.95522803,High Risk,9640
750,35,3,0.0,1,191520.5,France,Female,0,1,0,0.6336259,Medium Risk,9641
680,34,9,0.0,2,95686.6,France,Male,1,1,0,0.6734849,Medium Risk,9642
704,38,6,106687.76,1,173776.5,Spain,Male,0,1,0,0.9940217,High Risk,9643
521,41,2,0.0,2,113089.43,France,Female,1,1,0,0.9863305,High Risk,9644
452,35,8,0.0,2,149614.81,France,Female,1,1,0,0.7980218,High Risk,9645
695,31,5,106089.2,1,99537.68,France,Female,0,0,0,0.9892306,High Risk,9646
850,71,10,69608.14,1,97893.4,Spain,Male,0,1,1,0.9356627,High Risk,9647
625,31,5,0.0,2,90.07,France,Male,1,0,0,0.9960033,High Risk,9648
608,40,7,96202.32,1,161154.85,Germany,Female,0,0,0,0.9798187,High Risk,9649
715,38,0,0.0,2,332.81,France,Female,1,1,0,0.9973182,High Risk,9650
834,33,5,0.0,2,66285.18,Spain,Male,0,1,0,0.41440976,Medium Risk,9651
469,33,1,127818.52,1,163477.22,France,Male,0,1,0,0.99770087,High Risk,9652
480,40,7,0.0,1,170332.67,France,Female,0,1,1,0.9910755,High Risk,9653
527,58,3,137318.42,1,126144.96,Germany,Male,1,1,0,0.7943819,High Risk,9654
834,34,5,0.0,2,53437.1,Spain,Male,0,0,0,0.48848805,Medium Risk,9655
583,40,4,55776.39,2,26920.43,France,Female,0,1,0,0.6734849,Medium Risk,9656
696,32,4,84421.62,1,52314.71,Germany,Male,1,0,0,0.84176415,High Risk,9657
606,32,5,83161.65,1,116885.59,France,Male,1,1,0,0.99879164,High Risk,9658
713,39,10,0.0,2,126263.97,France,Female,1,1,0,0.99945956,High Risk,9659
821,42,3,87807.29,2,64613.81,Germany,Male,1,1,0,0.14860974,Low Risk,9660
550,30,4,0.0,2,89216.29,France,Female,0,1,0,0.823171,High Risk,9661
675,39,6,0.0,2,83419.15,France,Female,0,0,0,0.9733847,High Risk,9662
748,39,3,0.0,2,123998.52,Spain,Male,1,1,0,0.542692,Medium Risk,9663
606,40,9,95293.86,2,96985.58,Germany,Male,1,0,0,0.968578,High Risk,9664
726,30,7,92847.59,1,146154.06,Germany,Male,0,1,0,0.5692201,Medium Risk,9665
547,30,6,0.0,2,18471.86,France,Male,1,1,0,0.18318346,Low Risk,9666
758,35,5,0.0,2,95009.6,Spain,Male,0,1,0,0.9885787,High Risk,9667
596,37,2,0.0,1,121175.86,France,Male,1,0,0,0.9973182,High Risk,9668
720,34,3,0.0,2,77047.78,Spain,Male,1,1,0,0.37351337,Low Risk,9669
674,37,3,0.0,1,158049.9,France,Male,0,1,0,0.48267436,Medium Risk,9670
756,32,4,0.0,2,147040.25,France,Female,0,1,0,0.9934088,High Risk,9671
649,78,4,68345.86,2,142566.75,Germany,Male,1,1,0,0.34777498,Low Risk,9672
613,28,7,76656.4,2,185483.24,Germany,Male,1,1,0,0.9882045,High Risk,9673
643,62,9,0.0,2,155870.82,France,Male,0,0,0,0.92683375,High Risk,9674
600,31,8,0.0,2,121555.51,France,Male,1,1,0,0.63643175,Medium Risk,9675
735,39,1,60374.98,1,40223.74,Spain,Male,0,1,0,0.9609566,High Risk,9676
585,34,1,0.0,1,75503.6,France,Female,1,1,0,0.991366,High Risk,9677
724,33,4,88046.88,1,186942.49,Germany,Male,1,0,1,0.99893254,High Risk,9678
635,29,2,0.0,2,117173.8,Spain,Male,0,0,0,0.6091209,Medium Risk,9679
472,19,9,0.0,2,3453.4,France,Male,0,1,0,0.9798269,High Risk,9680
590,36,1,0.0,2,48876.84,France,Male,0,1,0,0.79127806,High Risk,9681
651,63,8,129968.67,1,11830.53,Spain,Female,1,1,0,0.995242,High Risk,9682
686,39,4,157731.6,2,162820.6,Germany,Female,0,1,0,0.9916066,High Risk,9683
606,32,6,0.0,2,36540.63,France,Male,1,0,0,0.822185,High Risk,9684
781,33,3,89276.48,1,6959.0,France,Male,0,1,0,0.9975019,High Risk,9685
593,45,4,138825.19,1,10828.78,France,Male,0,0,0,0.6181924,Medium Risk,9686
793,63,4,103729.79,2,80272.06,France,Male,1,1,0,0.9805135,High Risk,9687
791,31,10,75499.24,1,22184.14,France,Female,0,1,0,0.9483025,High Risk,9688
850,68,5,169445.4,1,186335.07,France,Male,1,1,0,0.7317037,High Risk,9689
698,57,9,111359.55,2,105715.01,France,Female,0,1,0,0.95522803,High Risk,9690
846,34,10,142388.61,2,68393.64,France,Female,1,0,1,0.99512595,High Risk,9691
765,42,4,123311.39,2,82868.34,France,Male,1,1,0,0.97418165,High Risk,9692
574,52,7,115532.52,1,196257.67,Spain,Male,0,1,0,0.7943819,High Risk,9693
617,51,10,167273.71,1,93439.75,Germany,Female,0,0,1,0.53327465,Medium Risk,9694
581,25,5,77886.53,2,150319.49,France,Male,0,1,0,0.99227726,High Risk,9695
710,37,6,135795.63,1,46523.6,Germany,Male,1,0,0,0.97911686,High Risk,9696
550,32,8,97514.07,1,199138.84,France,Male,1,1,0,0.99545646,High Risk,9697
533,51,6,127545.56,2,79559.02,Germany,Male,0,0,1,0.6894544,Medium Risk,9698
779,49,9,106160.37,1,116893.87,France,Male,0,0,0,0.95522803,High Risk,9699
763,23,2,0.0,2,153983.99,France,Female,0,1,0,0.4997127,Medium Risk,9700
563,36,4,143680.47,2,63531.19,Spain,Female,1,1,0,0.79087275,High Risk,9701
678,38,3,124483.53,1,126253.31,Spain,Male,0,1,0,0.98098534,High Risk,9702
644,31,5,86006.3,1,73922.95,Spain,Female,1,1,0,0.772414,High Risk,9703
682,43,7,111094.05,2,64679.3,Germany,Female,1,1,0,0.99828124,High Risk,9704
625,22,9,0.0,2,157072.91,France,Male,0,1,0,0.75172174,High Risk,9705
733,36,1,0.0,2,108377.82,Spain,Male,1,0,0,0.9951971,High Risk,9706
512,30,6,0.0,2,88827.31,France,Female,0,1,0,0.75304174,High Risk,9707
642,41,7,115171.71,1,37674.47,France,Female,1,1,0,0.99509144,High Risk,9708
737,22,10,111543.26,2,106327.85,Germany,Female,0,0,0,0.75101656,High Risk,9709
575,57,8,137936.94,1,84475.13,France,Female,1,1,0,0.43144652,Medium Risk,9710
543,37,3,122304.65,2,33998.7,Germany,Female,0,0,0,0.7174839,High Risk,9711
521,41,8,120586.54,1,20491.15,Germany,Male,1,0,0,0.62926805,Medium Risk,9712
637,32,3,0.0,2,197827.06,France,Male,1,1,0,0.98875964,High Risk,9713
714,40,9,46520.69,1,96687.25,France,Male,1,1,0,0.7090069,High Risk,9714
726,56,2,105473.74,1,46044.7,Spain,Female,1,1,0,0.50345665,Medium Risk,9715
680,34,7,0.0,2,98949.85,Spain,Female,0,1,0,0.9422351,High Risk,9716
812,39,5,115730.71,3,185599.34,Germany,Male,1,1,1,0.9892306,High Risk,9717
757,30,3,145396.49,1,198341.15,Spain,Male,1,0,0,0.9970126,High Risk,9718
710,62,3,131078.42,2,119348.76,Spain,Male,0,1,1,0.75172174,High Risk,9719
516,47,9,128298.74,1,149614.17,Germany,Female,0,0,1,0.8793862,High Risk,9720
803,40,6,165526.71,1,12328.08,France,Female,0,1,0,0.99204355,High Risk,9721
560,38,5,83714.41,1,33245.97,France,Female,1,1,0,0.42568356,Medium Risk,9722
679,36,3,0.0,2,2243.41,France,Female,1,1,0,0.99878305,High Risk,9723
526,32,7,125540.05,1,86786.41,France,Male,0,0,0,0.34901834,Low Risk,9724
485,41,2,100254.76,2,12706.67,France,Male,1,1,0,0.88537264,High Risk,9725
625,36,3,0.0,2,41295.1,France,Female,0,1,1,0.8477107,High Risk,9726
773,43,7,138150.57,1,177357.16,Spain,Male,1,1,0,0.40140504,Medium Risk,9727
530,45,1,0.0,1,190663.89,France,Female,1,0,1,0.5723433,Medium Risk,9728
616,43,7,95984.21,1,115262.54,Germany,Female,1,0,1,0.9733847,High Risk,9729
651,23,10,0.0,2,170099.23,France,Male,1,1,0,0.2330935,Low Risk,9730
586,38,2,136858.42,1,189143.94,Germany,Male,1,0,0,0.76263154,High Risk,9731
607,29,7,102609.0,1,163257.44,Germany,Male,0,1,0,0.50673896,Medium Risk,9732
724,39,3,0.0,2,95562.81,Spain,Male,1,0,0,0.62140924,Medium Risk,9733
733,64,3,0.0,2,75272.63,France,Male,1,1,0,0.650961,Medium Risk,9734
667,70,3,77356.92,2,20881.96,Germany,Male,1,1,0,0.93464094,High Risk,9735
700,32,8,110923.15,2,161845.81,France,Female,1,1,1,0.99700266,High Risk,9736
659,78,2,151675.65,1,49978.67,Spain,Male,1,0,0,0.9979358,High Risk,9737
710,22,8,0.0,3,107292.91,Spain,Male,0,1,0,0.99771607,High Risk,9738
760,37,7,0.0,1,32863.24,France,Male,0,0,1,0.9968976,High Risk,9739
677,25,3,0.0,2,179608.96,France,Female,0,1,0,0.68425333,Medium Risk,9740
798,29,8,80204.11,2,70223.22,Germany,Female,0,1,0,0.823171,High Risk,9741
758,35,7,0.0,2,77951.84,France,Male,0,1,0,0.6729253,Medium Risk,9742
715,45,4,0.0,2,55043.93,France,Male,1,1,0,0.8163642,High Risk,9743
752,32,9,115587.49,2,101677.46,Germany,Male,1,0,0,0.6894864,Medium Risk,9744
586,46,8,106968.96,1,79366.98,Germany,Male,1,1,1,0.98596025,High Risk,9745
818,36,4,0.0,2,8037.03,France,Male,1,1,0,0.98776245,High Risk,9746
490,41,0,139659.04,1,176254.12,Germany,Female,1,1,0,0.6734849,Medium Risk,9747
610,69,5,86038.21,3,192743.06,Germany,Female,0,0,1,0.75304174,High Risk,9748
627,24,5,102773.2,2,56793.02,Germany,Male,0,1,1,0.5204896,Medium Risk,9749
533,35,8,0.0,2,187900.12,France,Female,1,1,0,0.40140504,Medium Risk,9750
708,51,8,70754.18,1,92920.04,France,Female,1,1,1,0.438148,Medium Risk,9751
681,59,4,122781.51,1,140166.95,France,Male,1,0,0,0.74329484,High Risk,9752
690,21,8,0.0,2,155782.89,France,Male,1,1,0,0.86630034,High Risk,9753
656,68,7,153545.11,1,186574.68,Germany,Male,1,1,0,0.43738797,Medium Risk,9754
673,40,1,121629.22,1,3258.6,Spain,Male,1,1,0,0.6220069,Medium Risk,9755
806,36,8,167983.17,2,106714.28,Germany,Male,1,1,0,0.7464134,High Risk,9756
648,43,7,81153.82,1,144532.85,Spain,Female,1,1,1,0.99545646,High Risk,9757
501,35,6,99760.84,1,13591.52,France,Male,1,1,0,0.97911686,High Risk,9758
556,43,4,125890.72,1,74854.97,Germany,Female,1,1,0,0.81726265,High Risk,9759
627,27,2,0.0,2,125451.01,France,Female,0,1,0,0.98560494,High Risk,9760
652,31,2,119148.55,1,149740.22,France,Male,0,0,0,0.9798187,High Risk,9761
807,60,1,72948.58,2,17355.36,Germany,Female,1,1,0,0.99204355,High Risk,9762
708,21,8,133974.36,2,50294.09,Germany,Male,0,1,0,0.668682,Medium Risk,9763
619,27,1,154483.98,1,156394.74,France,Male,0,1,0,0.9950919,High Risk,9764
601,40,10,98627.13,2,77977.69,France,Male,0,0,0,0.6220069,Medium Risk,9765
445,64,2,136770.67,1,43678.06,France,Male,1,0,0,0.74707115,High Risk,9766
800,39,4,95252.72,1,13906.34,Germany,Male,0,1,0,0.98248553,High Risk,9767
554,33,3,117413.95,1,12766.74,France,Male,1,1,0,0.9859346,High Risk,9768
714,54,4,137986.58,2,51308.54,Germany,Male,1,0,1,0.34901834,Low Risk,9769
656,44,10,143571.52,1,127444.14,France,Male,0,0,0,0.9026871,High Risk,9770
520,49,5,121197.64,1,72577.33,France,Male,0,1,1,0.43144652,Medium Risk,9771
480,39,5,121626.9,1,82438.13,Spain,Male,1,1,0,0.999526,High Risk,9772
660,30,1,84440.1,2,60485.98,Germany,Male,1,1,0,0.9805135,High Risk,9773
532,36,4,0.0,2,132798.78,France,Male,1,1,0,0.44150388,Medium Risk,9774
679,42,1,0.0,2,71823.15,France,Male,0,0,0,0.7966556,High Risk,9775
780,26,3,140356.7,1,117144.15,France,Female,0,1,0,0.9973182,High Risk,9776
747,29,7,0.0,2,141706.43,France,Male,1,1,0,0.9623019,High Risk,9777
705,39,3,92224.56,1,54517.25,France,Female,1,1,0,0.9225411,High Risk,9778
732,43,9,0.0,2,183147.17,France,Female,0,1,0,0.51192033,Medium Risk,9779
515,40,10,121355.99,1,138360.29,Spain,Male,0,1,0,0.9697035,High Risk,9780
816,40,9,109003.26,1,79580.56,Germany,Female,1,1,0,0.9880294,High Risk,9781
641,48,3,147341.43,1,157458.61,France,Female,1,1,1,0.9885787,High Risk,9782
509,18,7,102983.91,1,171770.58,France,Male,0,1,0,0.99499834,High Risk,9783
601,49,4,96252.98,2,104263.82,Germany,Female,0,1,0,0.84413004,High Risk,9784
527,39,4,0.0,2,167183.07,France,Male,0,1,1,0.6294476,Medium Risk,9785
455,27,5,155879.09,2,70774.97,France,Female,0,0,0,0.99866176,High Risk,9786
803,34,4,142929.16,2,114869.56,Germany,Male,1,1,0,0.8160334,High Risk,9787
553,32,7,64082.09,1,109159.58,France,Male,1,0,0,0.32575414,Low Risk,9788
724,28,5,0.0,1,59351.68,France,Female,0,1,0,0.9969055,High Risk,9789
610,45,1,0.0,2,199657.46,France,Female,1,1,0,0.7853799,High Risk,9790
559,39,2,0.0,2,121151.1,Spain,Female,1,1,0,0.99432075,High Risk,9791
825,35,6,118336.95,1,26342.33,Germany,Female,0,1,1,0.9797055,High Risk,9792
819,28,8,168253.21,1,102799.14,Spain,Female,1,1,0,0.98076725,High Risk,9793
772,42,0,101979.16,1,90928.48,Germany,Female,0,1,0,0.4417942,Medium Risk,9794
685,23,5,164902.43,1,141152.28,Spain,Male,0,0,0,0.109249584,Low Risk,9795
506,43,2,0.0,2,105568.6,France,Male,0,1,0,0.61463976,Medium Risk,9796
642,22,10,111812.52,2,183045.46,Germany,Male,1,1,0,0.9894146,High Risk,9797
627,40,10,0.0,2,194792.42,Spain,Male,1,1,0,0.56672513,Medium Risk,9798
600,30,2,119755.0,1,21852.91,Germany,Male,1,1,0,0.63178086,Medium Risk,9799
653,46,0,119556.1,1,78250.13,France,Male,0,1,1,0.977459,High Risk,9800
762,35,3,119349.69,3,47114.18,Spain,Female,1,1,1,0.91663706,High Risk,9801
569,30,3,139528.23,1,33230.37,Spain,Female,1,1,0,0.824172,High Risk,9802
756,40,1,94773.11,1,114279.63,France,Male,0,1,0,0.78942806,High Risk,9803
673,31,1,108345.22,1,38802.03,France,Male,1,0,0,0.64687574,Medium Risk,9804
637,36,9,166939.88,1,72504.76,France,Female,1,1,0,0.78221333,High Risk,9805
644,33,7,174571.36,1,43943.09,France,Male,1,0,0,0.99496305,High Risk,9806
658,35,9,71829.34,1,68141.92,Spain,Male,1,1,0,0.9958865,High Risk,9807
649,36,8,0.0,2,109179.89,France,Female,1,0,0,0.9440024,High Risk,9808
603,39,9,76769.68,1,48224.72,France,Female,0,0,0,0.7441426,High Risk,9809
820,39,1,104614.29,1,61538.43,France,Female,0,1,1,0.9830831,High Risk,9810
712,27,10,0.0,1,94544.88,Spain,Male,0,1,0,0.5196995,Medium Risk,9811
645,31,1,128927.93,1,2850.01,Germany,Female,1,1,0,0.9986474,High Risk,9812
705,31,9,110941.93,2,163484.8,Germany,Female,0,1,0,0.34777498,Low Risk,9813
590,29,10,99250.08,1,129629.41,Spain,Female,1,1,0,0.9599864,High Risk,9814
631,36,1,0.0,2,133141.34,France,Male,0,0,0,0.70457923,High Risk,9815
604,34,7,0.0,2,188078.55,France,Male,1,1,0,0.9838238,High Risk,9816
643,48,8,0.0,2,174729.3,Spain,Male,0,1,0,0.98933476,High Risk,9817
690,30,5,0.0,2,78700.03,Spain,Female,1,0,0,0.99509144,High Risk,9818
558,31,7,0.0,1,198269.08,France,Male,0,1,0,0.9623019,High Risk,9819
637,51,1,104682.83,1,55266.96,Germany,Male,0,1,1,0.82167685,High Risk,9820
648,45,5,118886.55,1,51636.7,Germany,Female,0,0,0,0.9910755,High Risk,9821
652,28,8,156823.7,2,198251.52,Spain,Male,0,1,0,0.98926497,High Risk,9822
808,39,3,124216.93,1,171442.36,Germany,Male,1,0,0,0.98776245,High Risk,9823
551,26,2,144258.52,1,49778.79,France,Female,0,1,0,0.99780875,High Risk,9824
711,26,9,128793.63,1,19262.05,Germany,Male,0,1,0,0.46466255,Medium Risk,9825
467,28,10,126315.26,1,32349.29,Germany,Male,0,1,1,0.96031564,High Risk,9826
789,40,4,0.0,2,137402.27,Spain,Female,0,1,0,0.8165111,High Risk,9827
602,33,5,0.0,2,64038.34,Spain,Male,1,0,0,0.97418165,High Risk,9828
576,39,1,0.0,2,68814.23,France,Male,1,1,0,0.770734,High Risk,9829
584,38,1,115341.55,1,173632.92,France,Male,1,0,0,0.72359,High Risk,9830
593,32,6,99162.29,1,128384.11,France,Male,0,1,0,0.9919551,High Risk,9831
705,48,1,156848.13,2,99475.95,Germany,Female,1,1,1,0.6710051,Medium Risk,9832
595,64,2,105736.32,1,89935.73,Germany,Female,1,1,1,0.99666375,High Risk,9833
699,41,1,200117.76,2,94142.35,Germany,Female,0,1,0,0.34777498,Low Risk,9834
516,46,6,62212.29,1,171681.86,France,Female,1,0,1,0.67821443,Medium Risk,9835
838,31,2,0.0,2,8222.96,France,Male,0,1,0,0.98757553,High Risk,9836
587,39,10,0.0,2,170409.45,France,Male,1,1,0,0.6277947,Medium Risk,9837
750,38,5,151532.4,1,46555.15,France,Male,1,1,0,0.41134676,Medium Risk,9838
581,39,1,121523.51,1,161655.55,Germany,Male,0,0,1,0.770734,High Risk,9839
484,41,5,0.0,1,74267.35,France,Male,1,1,0,0.39078698,Low Risk,9840
576,26,8,0.0,2,34101.06,Spain,Male,1,0,0,0.7217188,High Risk,9841
567,46,1,68238.51,2,109572.58,Germany,Female,1,1,0,0.5783935,Medium Risk,9842
638,30,9,136808.53,2,106642.97,Spain,Male,1,1,0,0.36557052,Low Risk,9843
646,24,0,92398.08,1,18897.29,Germany,Male,1,1,0,0.3508252,Low Risk,9844
658,40,5,143566.12,1,189607.71,France,Female,1,1,0,0.9961876,High Risk,9845
590,38,9,0.0,2,148750.16,Spain,Female,1,1,0,0.6157891,Medium Risk,9846
546,25,7,127728.24,2,105279.74,Spain,Male,1,1,0,0.74590164,High Risk,9847
603,34,9,0.0,2,167916.35,France,Female,0,1,0,0.99198747,High Risk,9848
619,38,10,119658.49,1,8646.58,Spain,Female,1,1,0,0.9733847,High Risk,9849
678,34,6,0.0,2,124592.84,France,Female,1,1,0,0.9758152,High Risk,9850
459,26,4,149879.66,1,50016.17,France,Male,0,0,0,0.97041166,High Risk,9851
671,28,8,119859.52,2,125422.66,Germany,Male,0,1,0,0.43738797,Medium Risk,9852
501,43,6,104533.24,1,81123.59,Spain,Male,0,0,1,0.49921718,Medium Risk,9853
719,37,10,145382.61,1,80408.59,Spain,Male,0,1,0,0.9937273,High Risk,9854
681,37,6,121231.39,1,146366.08,Spain,Female,1,1,0,0.89526373,High Risk,9855
706,24,2,141078.57,1,24402.87,Spain,Male,1,1,0,0.9854952,High Risk,9856
763,32,1,108465.65,2,60552.44,Germany,Female,0,1,1,0.41440976,Medium Risk,9857
716,39,1,70657.61,2,76476.05,France,Male,1,1,0,0.824172,High Risk,9858
507,40,3,120105.43,1,92075.01,Germany,Male,0,1,1,0.68678033,Medium Risk,9859
678,55,4,129646.91,1,184125.1,Germany,Male,1,1,1,0.44150388,Medium Risk,9860
775,30,10,191091.74,2,96170.38,France,Female,1,1,0,0.6952937,Medium Risk,9861
544,38,8,0.0,1,98208.62,France,Male,1,1,0,0.877583,High Risk,9862
756,27,8,0.0,2,157932.75,France,Male,1,1,0,0.9947924,High Risk,9863
757,43,5,131433.33,2,3497.43,Germany,Female,1,1,1,0.99064577,High Risk,9864
742,33,1,137937.95,1,51387.1,Germany,Male,1,1,0,0.8163642,High Risk,9865
591,49,3,0.0,2,50123.44,France,Male,0,1,0,0.9825791,High Risk,9866
667,24,4,0.0,2,180329.83,France,Male,0,0,0,0.9947924,High Risk,9867
787,32,4,0.0,2,13238.93,France,Male,1,1,0,0.78762484,High Risk,9868
718,43,0,93143.39,1,167554.86,France,Female,0,1,0,0.75172174,High Risk,9869
521,38,6,0.0,2,51454.06,France,Male,0,1,0,0.15187207,Low Risk,9870
607,40,1,112544.45,1,19842.22,Spain,Male,1,1,0,0.6130632,Medium Risk,9871
633,34,3,123034.43,2,38315.04,France,Female,1,1,0,0.9885787,High Risk,9872
588,37,2,0.0,2,187816.59,Spain,Male,1,0,0,0.76645994,High Risk,9873
724,33,9,119278.44,1,197148.24,Germany,Female,1,1,0,0.9838524,High Risk,9874
720,44,4,0.0,2,163471.01,France,Male,0,1,0,0.98441285,High Risk,9875
521,39,7,0.0,2,653.58,France,Male,1,0,0,0.59517825,Medium Risk,9876
620,36,7,169312.72,1,45414.09,Spain,Male,0,1,0,0.968322,High Risk,9877
505,33,3,106506.77,3,45445.78,Germany,Female,0,1,1,0.9833017,High Risk,9878
728,43,8,128412.61,1,139024.31,Spain,Female,1,0,0,0.99763036,High Risk,9879
486,62,9,118356.89,2,168034.83,Germany,Male,0,1,1,0.5571451,Medium Risk,9880
584,42,3,137479.13,1,25669.1,Germany,Male,0,1,0,0.9838067,High Risk,9881
687,40,1,0.0,2,8207.36,Spain,Female,0,1,0,0.9185739,High Risk,9882
771,50,3,105229.72,1,16281.68,France,Male,1,1,1,0.71604556,High Risk,9883
678,41,2,148088.11,1,14083.12,France,Male,0,1,0,0.9728971,High Risk,9884
751,48,4,0.0,1,30165.06,France,Female,1,0,1,0.5439414,Medium Risk,9885
670,33,8,126679.69,1,39451.09,France,Male,1,1,0,0.9869998,High Risk,9886
675,31,2,90826.27,2,60270.87,Spain,Male,0,1,0,0.4505659,Medium Risk,9887
684,24,8,143582.89,1,22527.27,Spain,Male,1,1,0,0.9838524,High Risk,9888
637,21,10,125712.2,1,175072.47,France,Female,0,0,0,0.9885787,High Risk,9889
760,32,2,0.0,1,114565.35,Spain,Female,1,1,0,0.50345665,Medium Risk,9890
662,37,4,155187.3,1,48930.8,Spain,Male,0,1,0,0.98366064,High Risk,9891
680,49,10,0.0,2,187008.45,France,Male,0,1,0,0.9298862,High Risk,9892
604,40,5,155455.43,1,113581.85,Spain,Male,1,0,0,0.6300975,Medium Risk,9893
764,40,9,100480.53,1,124095.69,France,Female,0,1,0,0.73410094,High Risk,9894
521,77,6,0.0,2,49054.1,France,Female,1,1,0,0.6266928,Medium Risk,9895
684,56,3,127585.98,3,80593.49,Germany,Female,1,1,1,0.994829,High Risk,9896
795,40,2,101891.1,1,183044.86,France,Female,1,1,0,0.47489294,Medium Risk,9897
678,61,8,0.0,2,159938.82,Spain,Female,1,1,0,0.83330715,High Risk,9898
589,38,4,0.0,1,95483.48,France,Male,0,1,1,0.74301577,High Risk,9899
660,28,3,128929.88,1,198069.71,Spain,Female,1,1,0,0.9961876,High Risk,9900
646,39,6,121681.91,2,61793.47,Germany,Male,1,0,0,0.78221333,High Risk,9901
706,56,3,139603.22,1,86383.61,Germany,Female,1,1,0,0.48190334,Medium Risk,9902
730,27,7,0.0,2,144099.48,France,Female,0,1,0,0.9589658,High Risk,9903
606,36,10,0.0,2,155641.46,France,Female,1,0,0,0.5783935,Medium Risk,9904
690,36,10,91760.11,1,135784.94,Spain,Female,1,1,0,0.9961876,High Risk,9905
645,41,2,93925.3,1,123982.14,Germany,Male,0,1,1,0.98299545,High Risk,9906
579,38,4,175739.36,1,193130.55,France,Female,1,1,0,0.675856,Medium Risk,9907
481,28,10,0.0,2,145215.96,France,Female,0,1,0,0.6797588,Medium Risk,9908
492,45,9,170295.04,2,164741.81,Germany,Male,0,0,0,0.9890498,High Risk,9909
739,58,2,101579.28,1,72168.53,France,Male,1,1,0,0.43738797,Medium Risk,9910
624,55,7,118793.6,1,95022.02,France,Male,1,1,1,0.6996476,Medium Risk,9911
682,44,3,115282.3,1,23766.4,France,Male,0,0,0,0.98289686,High Risk,9912
701,34,6,107980.37,1,119374.74,Spain,Female,1,1,0,0.2330935,Low Risk,9913
718,44,1,133866.22,1,139049.24,France,Female,1,0,0,0.43738797,Medium Risk,9914
496,34,1,102723.35,2,180844.81,France,Female,0,1,0,0.63643175,Medium Risk,9915
543,41,5,0.0,2,143980.29,Spain,Male,1,0,0,0.9841561,High Risk,9916
616,44,7,193213.02,2,137392.77,Spain,Female,1,1,0,0.9971373,High Risk,9917
635,53,8,117005.55,1,123646.57,Germany,Male,1,0,1,0.7499064,High Risk,9918
652,31,1,132862.59,1,158054.49,Spain,Male,0,0,0,0.99561393,High Risk,9919
688,26,0,0.0,2,105784.85,France,Male,0,1,0,0.9908049,High Risk,9920
678,49,3,204510.94,1,738.88,France,Female,1,0,1,0.8085209,High Risk,9921
757,36,1,65349.71,1,64539.64,Germany,Male,0,0,0,0.6952937,Medium Risk,9922
667,36,8,139753.35,1,79871.16,France,Male,0,1,0,0.7966556,High Risk,9923
725,29,6,0.0,2,190776.83,France,Female,1,1,0,0.92151266,High Risk,9924
632,50,5,107959.39,1,6985.34,Germany,Female,1,1,1,0.9937291,High Risk,9925
694,38,5,195926.39,1,85522.84,France,Female,1,1,0,0.98884946,High Risk,9926
803,36,1,0.0,2,149370.93,France,Male,1,1,0,0.61463976,Medium Risk,9927
814,31,6,87772.52,1,188516.45,France,Female,0,1,0,0.67683434,Medium Risk,9928
611,38,4,71018.6,2,2444.29,France,Male,0,1,0,0.99659073,High Risk,9929
755,38,4,111096.91,1,19762.88,Germany,Male,1,1,0,0.31432694,Low Risk,9930
425,40,9,166776.6,2,172646.88,Germany,Male,1,0,0,0.9994137,High Risk,9931
850,34,6,101266.51,1,33501.98,France,Female,0,1,0,0.6130632,Medium Risk,9932
677,18,8,134796.87,2,114858.9,Spain,Male,1,1,0,0.7968258,High Risk,9933
797,46,8,0.0,1,162668.33,France,Female,0,0,0,0.9637068,High Risk,9934
692,43,10,118588.83,1,161241.65,Germany,Female,1,1,1,0.74590164,High Risk,9935
735,28,5,160454.15,2,114957.22,Germany,Male,1,0,0,0.9946402,High Risk,9936
609,77,1,0.0,1,18708.76,France,Male,1,0,0,0.4505659,Medium Risk,9937
700,42,8,0.0,2,105305.72,France,Female,1,1,0,0.9988373,High Risk,9938
526,36,5,91132.18,1,58111.71,Spain,Female,0,0,0,0.17598248,Low Risk,9939
693,57,9,0.0,2,135502.77,Spain,Female,1,1,0,0.9830831,High Risk,9940
748,20,7,0.0,2,10792.42,France,Female,0,0,0,0.676888,Medium Risk,9941
657,36,8,0.0,2,123866.43,Spain,Male,1,0,0,0.48069128,Medium Risk,9942
739,25,5,113113.12,1,129181.27,Germany,Female,0,1,0,0.6320479,Medium Risk,9943
784,23,2,0.0,1,6847.73,Spain,Male,1,1,0,0.78221333,High Risk,9944
744,41,7,190409.34,2,138361.48,Germany,Male,1,1,0,0.89526373,High Risk,9945
645,44,10,0.0,2,166707.22,France,Male,1,0,0,0.7226957,High Risk,9946
669,33,9,0.0,2,107221.03,France,Female,1,0,0,0.99659073,High Risk,9947
615,34,1,83503.11,2,73124.53,France,Male,1,1,1,0.7788411,High Risk,9948
724,53,1,139687.66,2,12913.92,Germany,Female,1,1,0,0.33265364,Low Risk,9949
850,47,9,137301.87,1,44351.77,France,Female,0,1,0,0.9854952,High Risk,9950
625,39,10,129845.26,1,96444.88,Germany,Female,1,1,0,0.49842498,Medium Risk,9951
635,46,8,0.0,2,60739.16,Spain,Male,1,1,0,0.70984423,High Risk,9952
724,37,6,125489.4,1,118570.53,Germany,Male,0,1,0,0.42496243,Medium Risk,9953
550,47,2,0.0,2,97057.28,France,Male,1,1,0,0.9805135,High Risk,9954
645,45,6,155417.61,1,3449.22,France,Male,1,0,0,0.9990532,High Risk,9955
714,29,4,0.0,2,37605.9,Spain,Male,1,1,0,0.62809825,Medium Risk,9956
520,46,10,85216.61,1,117369.52,France,Female,0,1,1,0.96480376,High Risk,9957
633,25,1,0.0,1,100598.98,France,Male,0,1,0,0.80659664,High Risk,9958
537,37,6,0.0,1,17802.42,France,Male,1,1,0,0.9599864,High Risk,9959
764,38,4,113607.47,1,91094.46,Spain,Male,0,1,0,0.9916876,High Risk,9960
795,33,9,104552.72,1,120853.83,Germany,Female,1,1,1,0.9589658,High Risk,9961
573,44,9,0.0,2,107124.17,Spain,Male,0,1,0,0.97911686,High Risk,9962
702,44,9,0.0,1,59207.41,Spain,Male,0,0,1,0.9892306,High Risk,9963
740,33,2,126524.11,1,136869.31,Germany,Male,0,1,0,0.54197025,Medium Risk,9964
479,34,5,117593.48,2,113308.29,France,Male,0,0,0,0.48848805,Medium Risk,9965
627,33,4,83199.05,1,159334.93,Germany,Female,0,0,0,0.9956981,High Risk,9966
479,35,4,125920.98,1,20393.44,Spain,Male,1,1,0,0.5692201,Medium Risk,9967
623,48,5,118469.38,1,158590.25,France,Male,1,1,0,0.9692657,High Risk,9968
512,40,8,153537.57,2,23101.13,Germany,Female,0,0,0,0.99494725,High Risk,9969
609,41,6,0.0,1,112585.19,France,Male,1,0,0,0.97418165,High Risk,9970
518,42,7,151027.05,2,119377.36,France,Male,0,1,0,0.44150388,Medium Risk,9971
833,34,3,144751.81,1,166472.81,France,Female,0,0,0,0.98959154,High Risk,9972
758,26,4,155739.76,1,171552.02,France,Male,0,1,0,0.97676086,High Risk,9973
611,27,7,0.0,2,157474.1,France,Male,1,1,0,0.9925822,High Risk,9974
583,33,7,122531.86,1,13549.24,France,Male,0,1,0,0.81989306,High Risk,9975
610,50,1,113957.01,2,196526.55,Germany,Male,0,1,1,0.97418165,High Risk,9976
637,33,7,103377.81,1,84419.78,France,Female,0,1,0,0.8005526,High Risk,9977
683,32,9,0.0,2,24991.92,France,Female,1,1,0,0.9758152,High Risk,9978
774,40,9,93017.47,2,191608.97,France,Male,0,1,0,0.6096566,Medium Risk,9979
677,58,1,90022.85,1,2988.28,France,Female,1,0,0,0.9908222,High Risk,9980
741,35,6,74371.49,1,99595.67,Spain,Male,0,0,0,0.9934088,High Risk,9981
498,42,3,152039.7,1,53445.17,Germany,Male,1,1,1,0.7096556,High Risk,9982
655,46,7,137145.12,1,115146.4,Germany,Female,0,1,1,0.9859346,High Risk,9983
613,40,4,0.0,1,151325.24,France,Male,0,0,0,0.92371553,High Risk,9984
602,35,7,90602.42,2,51695.41,Germany,Male,1,1,0,0.55227464,Medium Risk,9985
659,36,6,123841.49,2,96833.0,France,Male,0,1,0,0.9947924,High Risk,9986
673,47,1,183579.54,2,34047.54,Germany,Male,1,0,0,0.48487663,Medium Risk,9987
606,30,8,180307.73,2,1914.41,Spain,Male,1,1,0,0.9853935,High Risk,9988
775,30,4,0.0,2,49337.84,France,Male,0,1,0,0.9909797,High Risk,9989
841,28,4,0.0,2,179436.6,Spain,Male,1,1,0,0.9599864,High Risk,9990
714,33,3,35016.6,1,53667.08,Germany,Male,0,1,0,0.9881341,High Risk,9991
597,53,4,88381.21,1,69384.71,France,Female,0,1,1,0.99900526,High Risk,9992
726,36,2,0.0,1,195192.4,Spain,Male,0,1,0,0.99597067,High Risk,9993
644,28,7,155060.41,1,29179.52,France,Male,0,1,0,0.7174839,High Risk,9994
800,29,2,0.0,2,167773.55,France,Female,0,0,0,0.9185739,High Risk,9995
771,39,5,0.0,2,96270.64,France,Male,0,1,0,0.9852374,High Risk,9996
516,35,10,57369.61,1,101699.77,France,Male,1,1,0,0.99659073,High Risk,9997
709,36,7,0.0,1,42085.58,France,Female,1,0,1,,,9998
772,42,3,75075.31,2,92888.52,Germany,Male,0,1,1,,,9999
792,28,4,130142.79,1,38190.78,France,Female,0,1,0,,,10000
